timestamp,acceleration,pressure,model_velocity,stages,model_displacement,barometer_height,barometer_levels,true_displacement,true_velocity
0.0,0.0009242883499930888,98.419,0.0,0,0.0,-0.3240685882275718,,-0.16201292456948677,0.0
0.104,0.0006715811571852321,98.402,-5.955937035872531e-05,0,0.0002135467930299817,-0.05616061206039241,,-0.094999195560285,-2.991399562356162e-05
0.208,0.0011118266888510342,98.399,-0.00010936674709683747,0,0.0004214065152109279,0.13325536931516824,,-0.04106053522629237,-5.682917683648955e-05
0.312,0.0012396793297015526,98.408,-0.00012963301886410097,0,0.0006256224076695945,0.09933402960808839,,-0.01830847843851492,-7.568167054483866e-05
0.416,0.00037713774369843014,98.408,-0.0001881031157792999,0,0.000825744008956773,0.0644187000366292,,-0.008133626242626795,-9.957539500489414e-05
0.52,0.0003688426096921789,98.403,-0.00029185672213498615,0,0.0010174299776738657,0.10443279187612849,,0.0019921732299411077,-0.0001346793042122691
0.728,0.0006996882917801643,98.398,-0.00046581867784585833,0,0.0013719194966531287,0.2155709219062596,,0.017159170968209667,-0.00019565866898211182
0.832,0.0007726682573259103,98.391,-0.0005318007220243406,0,0.0015366871681485137,0.3391031252135757,,0.03626641857785255,-0.00025046952352780657
1.04,0.0005780706087096317,98.388,-0.0006764130494206401,0,0.0018443206964955067,0.4853583013337273,,0.05922653460362422,-0.00032326839244747755
1.144,0.0005902453546567418,98.409,-0.0007582052040575867,0,0.001986364427603274,0.32480719256033347,,0.06958339244297511,-0.0003901812570206949
1.248,0.0010129020521020447,98.412,-0.0008173861236381279,0,0.0021210775588517325,0.19873762778450832,,0.0723222834882657,-0.0004506030709205653
1.352,0.0011307938656651586,98.394,-0.0008484585206462313,0,0.0022510975176375818,0.25499293287666863,,0.07694508117636717,-0.0005031566706530788
1.456,0.0008586738639345646,98.406,-0.0008875507834390432,0,0.0023774689141137823,0.20856508649578667,,0.07906647206781392,-0.0005512274645810745
1.56,0.0010243937590852297,98.404,-0.0009321758517740119,0,0.002499487009371339,0.186227829038268,,0.08008172135545663,-0.000596799366352174
1.664,0.001020346777985754,98.405,-0.000968393928578319,0,0.002617301261081653,0.1617336959711738,,0.08013992214234139,-0.0006396826933594995
1.768,0.0010312752300812502,98.406,-0.0010042541688908327,0,0.002731367440301893,0.13537948022432114,,0.0793618050698438,-0.0006805474725935216
1.872,0.0010546769040265945,98.404,-0.0010383292426492225,0,0.0028417969831904455,0.1252356208675145,,0.07837127682393964,-0.0007197110293218902
1.976,0.001162645134848633,98.405,-0.001065573081359709,0,0.0029490379426306166,0.110872858898481,,0.07708647846395497,-0.0007568488730053763
2.08,0.0011244543038272717,98.4,-0.0010891884952805595,0,0.003053634220933958,0.12664699433654172,,0.07634679570474101,-0.0007919753427758259
2.184,0.0009418797803410881,98.408,-0.0011242837076358033,0,0.0031551775466709432,0.09637602750761876,,0.07491826390811104,-0.0008266604568900565
2.288,0.0009694015267578233,98.408,-0.0011674416643986576,0,0.0032526517076137858,0.07005481966180717,,0.0729923500580757,-0.0008618688432608638
2.392,0.000835125250386036,98.412,-0.0012161508567191744,0,0.0033453487768042934,0.025876128194387542,,0.07023012217342521,-0.0008981745428876045
2.496,0.0010060727912016858,98.401,-0.0012629531432886113,0,0.0034330792490925247,0.04529401894243989,,0.06812274845803179,-0.0009352946624789985
2.6,0.000981139023642619,98.413,-0.0013021627136487052,0,0.0035163371048204193,0.00042214512313979417,,0.06524896283675988,-0.0009724306508190179
2.704,0.0008408314797262262,98.412,-0.0013499648322055236,0,0.003595070352724635,-0.033765825578513986,,0.06191340476369753,-0.001010480671908231
2.808,0.0011323664412932598,98.409,-0.0013899031250445078,0,0.0036692410992362687,-0.047923716127837336,,0.05855457496934519,-0.0010485831590760634
2.912,0.0008710804256765736,98.408,-0.0014282684726940739,0,0.0037393400564424977,-0.05445447557849499,,0.05531600774881694,-0.0010865990140531624
3.016,0.0007467323586561944,98.407,-0.0014866867926407678,0,0.003804406262933721,-0.05417561397479846,,0.052304662374880115,-0.0011265573133497026
3.12,0.0007089820547620091,98.414,-0.0015535342278750197,0,0.003862958650155536,-0.08881959955157519,,0.04889374333298223,-0.0011691223691129183
3.224,0.0006507726287151814,98.409,-0.0016253715690662043,0,0.003914299429003228,-0.0934259759529567,,0.045622845792808134,-0.0012145295742353398
3.328,0.0005352304157464307,98.407,-0.0017062439954861983,0,0.003957699299935138,-0.08628599192184197,,0.0426665661566626,-0.0012633960915311416
3.432,0.0006827518548406142,98.398,-0.0017854535021476696,0,0.003992774910346813,-0.03298676646401255,,0.040716038234279384,-0.0013152055651211934
3.536,0.0007509796018460036,98.409,-0.0018534440511319638,0,0.004020196117864907,-0.04035079242315285,,0.03876078127984683,-0.0013685753992728588
3.64,0.0007098343914567518,98.408,-0.0019200263082122184,0,0.004040619539467645,-0.04155670959940321,,0.0368913114286344,-0.0014232160939752364
3.744,0.00078838927744637,98.392,-0.001984663262161254,0,0.00405421956209686,0.03922376068452367,,0.03627114712377726,-0.0014787928687550263
3.848,0.0008875258492293219,98.404,-0.002040060260306116,0,0.004061577819217192,0.05097482037663027,,0.035837598266075875,-0.001534322905524777
3.952,0.0007214647820508637,98.408,-0.0020989373322115447,0,0.00406299382469491,0.040782074162169106,,0.035278332597453776,-0.0015901658100241603
4.056,0.0006930206528108239,98.402,-0.0021679286743307353,0,0.004057760672643347,0.0617090288675382,,0.03501158442642922,-0.0016472856889845346
4.16,0.0007813803184533595,98.41,-0.0022338044085569945,0,0.0040455144326218195,0.03944961628861739,,0.03446090296195983,-0.001705262933239875
4.264,0.000703746566307144,98.416,-0.0022991223952814467,0,0.004026446119110856,-0.011535900466169898,,0.03328808234273742,-0.001763967907940406
4.368,0.0007567164806948972,98.411,-0.002365722901569339,0,0.004000518043963251,-0.03214720140725532,,0.03190854003503414,-0.0018234486999943776
4.472,0.0008054407304285271,98.402,-0.0024270353113229185,0,0.003967938497181489,-0.004632467050991686,,0.0309099620293553,-0.0018830942427554038
4.576,0.0010324991051900165,98.41,-0.002474007024602752,0,0.003929728176001989,-0.020256557475255968,,0.02976485982744565,-0.00194148547805992
4.68,0.00038060052085111,98.409,-0.002543070428780612,0,0.00388548402871469,-0.029069382514296728,,0.02855866287811122,-0.00200092771403436
4.784,0.001529432216066993,98.397,-0.0025862933111928674,0,0.003835400994524703,0.024251655360900574,,0.027987435790108105,-0.0020587480662954947
4.888,0.001278902581972921,98.394,-0.0025828044864267905,0,0.003783251789337117,0.08774096707050516,,0.02812373688752609,-0.0021104918418390598
4.992,0.0012293689353356048,98.399,-0.0025949189522587457,0,0.0037306540508141046,0.11914211403626111,,0.028579942514541417,-0.0021583106680159773
5.096,0.00042541840087496983,98.408,-0.0026514145955077945,0,0.0036744885866188803,0.10090060212865239,,0.028815430443093565,-0.002206989992754857
5.2,0.0010465921582298475,98.393,-0.002717414631166341,0,0.0036119533471204593,0.1598923934711765,,0.029630778527163965,-0.0022573609971889403
5.304,0.0010507876946381695,98.409,-0.0027508954635492022,0,0.0035442451024838874,0.13088608333222393,,0.030113377890166187,-0.0023060718265037884
5.408,0.0007177478628752161,98.404,-0.002801476199290505,0,0.0034721656563048587,0.12914142167271228,,0.030548580307136457,-0.002354967019540787
5.512,0.001007340600488413,98.399,-0.0028543161839275927,0,0.003394708332666153,0.1522539227988106,,0.031177706888882217,-0.002404244245895273
5.616,0.001051361553933828,98.404,-0.002889808256629635,0,0.003312657742045814,0.1469706428882519,,0.03172301117432111,-0.002452161542291245
5.72,0.001293840721862054,98.402,-0.002910402323020247,0,0.0032276906721926558,0.15161375086829668,,0.032282127792434986,-0.0024973793589665827
5.824,0.0010422410172239262,98.4,-0.0029314706573197727,0,0.0031405571575036095,0.16530193954790212,,0.03293645187972012,-0.002540208495808449
5.928,0.0010522310885768425,98.396,-0.002965102692550131,0,0.0030505792235990103,0.10400617011207211,0,0.03301025568336327,-0.002582148001912971
6.032,0.0014283500967185428,98.403,-0.0029786570556467676,0,0.0029581475969814065,0.09652710191229491,0,0.03300770962423205,-0.0026212869468919793
6.136,0.0010819592690004126,98.406,-0.00299066555336138,0,0.002864386701601619,0.07368249646318936,0,0.03280040775740057,-0.002657753916972669
6.24,0.001261320906461893,98.408,-0.0030113595689693386,0,0.002768925275529058,0.042260311830597905,0,0.032325342477280826,-0.0026926728721632784
6.344,0.0013753386618346121,98.407,-0.003016797856149919,0,0.002672104969711493,0.01863919077935551,0,0.03166211471521736,-0.002724687955013037
6.448,0.0015781068567267205,98.407,-0.0030057632739167285,0,0.0025755756712366636,-0.0027414425954353666,0,0.030839738663907587,-0.002752458731063499
6.552,0.0015812207224275166,98.411,-0.0029840228245327062,0,0.0024807506744059273,-0.042261136719731036,0,0.02972062985294575,-0.0027753527753412916
6.656,0.0012799703606686716,98.407,-0.0029777854729437026,0,0.0023873805232257905,-0.05718007457705742,0,0.028513060898121258,-0.0027953745800538897
6.76,0.001465263849554964,98.403,-0.00297757787874407,0,0.0022943455092266623,-0.04971627621110149,0,0.027395630660191118,-0.0028133961275291033
6.864,0.0012536450795633865,98.404,-0.0029787391991619146,0,0.0022012609014641863,-0.04747369655193324,0,0.026323932088256882,-0.002829751729179776
6.968,0.0014749501686574058,98.412,-0.002979396830986432,0,0.002108081708185109,-0.08566144612920676,0,0.024989629859030763,-0.0028445687279887474
7.072,0.001302220142745986,98.393,-0.002977528559525454,0,0.002014965468167127,-0.022926251992748437,0,0.02415795576253093,-0.0028577180961742304
7.183,0.001522420027347541,98.401,-0.00297289996186653,0,0.0019159423651533176,-0.006404115364376705,0,0.0234473398367919,-0.002869247321018293
7.287,0.0013319672726338045,98.39,-0.002967016406999497,0,0.001823710594260921,0.06499855158004676,0,0.023289378275287043,-0.0028789906780724833
7.391,-0.0003543894431526583,98.396,-0.003058726944598476,0,0.0017270158202664625,0.09813869379029382,0,0.023359612785267235,-0.002896863942768844
7.495,0.0025166691268229497,98.405,-0.003088832985779619,0,0.001623986584175438,0.08122156885523985,0,0.023300659280536273,-0.002915931144033804
7.599,0.0023235818465266143,98.403,-0.00297968451989744,0,0.0015250675541688668,0.07542139043389118,0,0.023206927212878106,-0.0029222496250388237
7.703,0.002138901550583733,98.402,-0.0028901799679797004,0,0.0014364784810878915,0.07469918684510181,0,0.023113521550333777,-0.002919059890824187
7.807,0.0018051427703870753,98.4,-0.0028276342480212154,0,0.0013557960221444766,0.08372876985542732,0,0.023084463968518085,-0.002909988747901076
7.911,0.0012965152363036575,98.398,-0.002808892616405297,0,0.001279340505482937,0.10156301555629622,0,0.023172415082561196,-0.0028999603792495845
8.015,0.001793951771391065,98.404,-0.002790732916737166,0,0.0012048038580481629,0.08657640833882248,0,0.023156827325047976,-0.0028891375348082007
8.119,0.0013428351519505829,98.395,-0.002770164581455398,0,0.0011322810684307842,0.11833706750642352,0,0.0233456139951838,-0.0028773452398150215
8.223,0.0014890605288524685,98.396,-0.0027654505907856383,0,0.001061072959762887,0.14135160291731264,0,0.023673552304431,-0.002866249795026631
8.327,0.0014122853169760482,98.4,-0.002757125191534553,0,0.0009905428993708734,0.14107485175570889,0,0.023988241618386235,-0.002855431650760939
8.431,0.001366366144735531,98.4,-0.002755179900257549,0,0.0009205469148863173,0.14007113755052167,0,0.024285103534140026,-0.0028454934603673373
8.639,0.001153512024365148,98.395,-0.0027782017401350757,0,0.000778362984862755,0.1725343939893032,0,0.024477194448767878,-0.0028370761145387114
8.743,0.001216399526205503,98.403,-0.0027975109242373997,0,0.0007050698066040223,0.14712464025174907,0,0.024792531604047523,-0.00283232763074134
8.951,0.0011692032987571553,98.407,-0.002834497399905279,0,0.0005526287014704506,0.0988467334486872,0,0.024510421599086788,-0.0028326106447056627
9.055,0.0012643906857042527,98.403,-0.002850495097445286,0,0.0004736529718968596,0.08045200168372059,0,0.02440742210133038,-0.0028349378287234476
9.159,0.0012452711526985771,98.407,-0.002862537266580336,0,0.0003932191692561614,0.04200158290621404,0,0.024075457172306615,-0.0028383642683200232
9.263,0.0010635510849685227,98.404,-0.0028850230949536444,0,0.0003109899107450291,0.026901344315341972,0,0.023657228012621493,-0.0028439174360304553
9.367,0.0014422776759341303,98.406,-0.002897264584118705,0,0.0002269548317219046,0.003374988657237567,0,0.02310826927463731,-0.002850056831728452
9.471,0.0013047168719665845,98.401,-0.0028969654523598645,0,0.00014229875011365425,0.010234520217590963,0,0.022606932013678506,-0.0028553040431451085
9.575,0.0013893204260918097,98.405,-0.002899420097592826,0,5.753058180475029e-05,-0.004367242585479907,0,0.02203073181786636,-0.0028601327455094502
9.679,0.0014283916993107196,98.404,-0.002895443651803893,0,-2.71584528752436e-05,-0.011563042684844376,0,0.021423926011031918,-0.0028639321122007682
9.783,0.0028595295288427027,98.401,-0.0028150163326719144,0,-0.00010745849177935113,-0.0019460316393559377,0,0.020887269724776916,-0.0028587907197162726
9.887,0.0024049777212984793,98.391,-0.002683806540396568,0,-0.00017675340089027755,0.05843472754225349,0,0.020699437691821157,-0.002840561949980993
9.991,0.0023317253288116326,98.401,-0.002580042566522842,0,-0.00023382967416145026,0.06168361531557399,0,0.020539643430712545,-0.00281369436978809
10.095,0.0020966749410328746,98.406,-0.0024923103372229242,0,-0.0002809481448675967,0.03904955829451717,0,0.02026803628272611,-0.002780827469100286
10.199,0.002343142967546319,98.409,-0.0024039843907088035,0,-0.0003189115904314137,0.00339115694747189,0,0.01981987470981487,-0.002742554650504049
10.303,0.002066167434799131,98.406,-0.002317244834518839,0,-0.0003477716298546131,-0.013281437270014,0,0.019299685334458354,-0.002699594385708633
10.407,0.0017790974455959307,98.394,-0.0022598356454702935,0,-0.000369135934525415,0.033169824861601145,0,0.019032684578266772,-0.0026553508695745572
10.511,0.0019096577096655624,98.397,-0.0022105649621286944,0,-0.00038495288583192955,0.060125820738387424,0,0.018911047118386017,-0.0026107502978320552
10.615,0.0019075178575260038,98.404,-0.0021546164173667313,0,-0.00039529843727705363,0.04880576150884337,0,0.018737764344120274,-0.0025651471732385
10.719,0.0018266489835957428,98.395,-0.0021029843263603992,0,-0.0004000497956622301,0.08427489631750663,0,0.018748160897507304,-0.002519036978154357
10.823,0.0016320994537740597,98.403,-0.0020656739923491686,0,-0.0004001761479464905,0.0753390682055287,0,0.018715725515166846,-0.002473893279676943
10.927,0.0013967295662522324,98.399,-0.0020507194680397973,0,-0.0003975847275980819,0.08730457671243419,0,0.018742255912162026,-0.002431815667060868
11.031,0.0014973278472882403,98.401,-0.002042773067267689,0,-0.0003938024591454356,0.08762737957696082,0,0.018768888213849998,-0.002393178814576489
11.135,0.001283256550363222,98.404,-0.002040727263321813,0,-0.00038950059604745194,0.07231871474580402,0,0.018719911790504463,-0.00235821512090883
11.239,0.0013086544828405566,98.394,-0.0020484924743272136,0,-0.0003854961421165676,0.10921625273041959,0,0.018845252498160003,-0.0023275016561386274
11.343,0.001360788434820603,98.399,-0.0020522260273408317,0,-0.00038208962391467205,0.1167435377933877,0,0.019001718087681755,-0.0023002172850886213
11.447,0.0020908050762965136,98.402,-0.0020152877494947416,0,-0.0003769564600214839,0.10780555912240218,0,0.019115145227468443,-0.0022719955149876968
11.551,0.0055430675478493315,98.407,-0.00176087095777115,0,-0.0003566728325106773,0.07387910368156166,0,0.01909090988713606,-0.0022214221709838462
11.655,0.007056149042465294,98.395,-0.001248256279806792,0,-0.00029650356857609597,0.10416252428126753,0,0.019251746314488335,-0.0021251673407627295
11.759,0.00639955074688589,98.405,-0.0006911044754925235,0,-0.0001807064475630206,0.08044839211169004,0,0.01935277408759893,-0.001983385742346264
11.863,0.009632161949739619,98.398,0.0,1,0.0,0.09448054934944754,0,0.019579624675769,-0.0017873414927456054
11.967,0.01918599299251936,98.395,0.0014985440569974806,1,7.79242909638711e-05,0.1223475374490692,,0.02006532010831805,-0.0014626197770314915
12.071,0.030783168295054515,98.405,0.004096940443951303,1,0.00036888948501320393,0.09634665970219047,,0.020669309670878037,-0.0009133208178256337
12.175,0.04220064896666539,98.391,0.007892098941560774,1,0.0009923195330598378,0.14383352260801968,,0.021827953931177133,-4.34286647761465e-05
12.279,0.05173026370507233,98.406,0.012776506400491099,1,0.0020670870108465272,0.11009414223087849,,0.023284460688994455,0.0012229009498817502
12.383,0.07216917616494198,98.406,0.019219277273731794,1,0.0037308677619061065,0.07926950938435133,,0.025200548674701614,0.003000380448224337
12.487,0.11347439675989807,98.403,0.028872743065823568,1,0.0062316528195630085,0.06664650066363342,,0.027954087174613063,0.0055555767753040055
12.591,0.09930063949214361,98.405,0.03993704495092965,1,0.009809761796434148,0.04524302263836427,,0.03164452524267886,0.008950947522106154
12.695,0.09648454942887172,98.4,0.050117874774822546,1,0.014492617622173305,0.051621241139290786,,0.0363178232741793,0.013016240142249887
12.799,0.10189991233582314,98.393,0.060433866786586604,1,0.020241308183366537,0.09333433294382365,,0.042138367412564895,0.017698639549777906
12.903,0.1057916010083093,98.399,0.07123382548048159,1,0.027088028181254147,0.10056412368502171,,0.04900819977435953,0.022984978015473924
13.007,0.09810865190513571,98.401,0.08183663863198064,1,0.03504769231510212,0.09679158046149117,,0.05686813111618979,0.028796147323681194
13.111,0.09676845869876696,98.396,0.09197024838338368,1,0.044085650439901154,0.11865678043810275,,0.06578374706993477,0.03503400765535836
13.215,0.10386046089588241,98.394,0.10240295220230536,1,0.05419305687035691,0.14840610448012345,,0.07581461852892576,0.04168597028850449
13.319,0.102422361453913,98.394,0.11312965896449483,1,0.06540075265103062,0.17486576128454898,,0.08697398816896616,0.04874018329702731
13.423,0.09556851564669985,98.392,0.1234251845737266,1,0.07770160451501804,0.20831258824658694,,0.09925001471112671,0.0561143660635975
13.527,0.09013681669454783,98.387,0.13308186185547138,1,0.09103997092933623,0.2631177786617601,,0.11266679044248727,0.06371386413872758
13.631,0.0930398758374524,98.385,0.14260704986713552,1,0.10537579433891192,0.3216608507576712,,0.12722236211505714,0.07150345788292853
13.735,0.09123178535475654,98.395,0.1521891762491303,1,0.12070519809695762,0.32219914599981425,,0.14269190549139563,0.07946998773773739
13.839,0.08250933473265454,98.394,0.16122371449367573,1,0.13700266841558367,0.3261449309220432,,0.15903854450265678,0.08754192588297749
13.943,0.07714415840659729,98.391,0.16952569613691676,1,0.15420163776837437,0.3434790370547869,,0.17624544678429677,0.0956365471757014
14.047,0.07048645217521968,98.393,0.1772024878871713,1,0.17223150333762713,0.3475490737917777,,0.1942022331361318,0.1036898855504856
14.151,0.061626322295357853,98.391,0.1840723521596413,1,0.19101779502006125,0.3600182174888891,,0.2128642917669454,0.11162635382860453
14.255,0.05371225543333655,98.386,0.19006995820153344,1,0.21047319515884252,0.395389517832933,,0.2322335130720705,0.11937138194703435
14.359,0.04649508357384387,98.388,0.1952807398299068,1,0.23051143145647726,0.41578872695633734,,0.2521760897831668,0.12686618414556608
14.463,0.03922199019152327,98.379,0.19973802766570586,1,0.25105240736624895,0.4785109274151152,,0.27277323156173583,0.1340610885958784
14.567,0.031088114096726203,98.387,0.20339415308869485,1,0.272015280765478,0.49275538650401596,,0.29376532299183733,0.14090658985875953
14.671,0.023284447626677984,98.392,0.20622152629831186,1,0.2933152960936022,0.4783327964689759,,0.3149669183165452,0.14735535274758255
14.775,0.015577545825008,98.39,0.20824234995779956,1,0.3148674176589201,0.4737861492016287,,0.3363359958861645,0.15336692058191967
14.879,0.009801880273862104,98.395,0.20956208011494076,1,0.3365932480227025,0.4428360811804827,,0.35770927177214545,0.15891523035922075
14.983,0.005338663513904578,98.391,0.21034938839190465,1,0.3584286443850586,0.4340820451363712,,0.3791139518356133,0.16399346205925602
15.087,6.615051708021503e-05,98.384,0.21063043872151588,1,0.3803195953949563,0.4609177090748793,,0.40062462950722033,0.1685980565507824
15.191,-0.004038452293471249,98.386,0.2104238790291435,2,0.4022144199179908,0.47415965040458047,,0.42214213569468284,0.17272763024710108
15.295,-0.00731246936446034,98.378,0.21077884474894648,2,0.42411696155445133,0.5259005079493918,,0.44384641860466695,0.17648453739141284
15.503,-0.013395998860607602,98.388,0.2105155913455703,2,0.4679315829082811,0.5288104420501325,,0.48413966023741184,0.18071598335486322
15.607,-0.012729672242760302,98.387,0.21010227009421062,2,0.4898037117031495,0.523886710179778,,0.5059229854074107,0.18421483490256454
15.711,-0.01370443385172083,98.388,0.209672910223313,2,0.511632021079661,0.5135052671884451,,0.5275415178272567,0.18714123594564666
15.815,-0.026913381301154032,98.374,0.208505997481379,2,0.5333773242803048,0.5806090451383783,,0.549192322486433,0.18952802904563687
15.919,-0.02467801296636536,98.391,0.2067684586254834,2,0.5549715959978618,0.546990862679073,,0.5704828945105772,0.19140992480953567
16.023,-0.02188965175501453,98.388,0.20529215370598705,2,0.5763987478390982,0.5325646705879713,,0.5915107767735073,0.19289697753138302
16.127,-0.020261019173377966,98.387,0.2040455324637261,2,0.5976843075199231,0.5244496271224635,,0.6123243700303505,0.1940730597358846
16.231,-0.030352496320351887,98.38,0.20235884330406753,2,0.6188173350598489,0.5530297383385937,,0.6330052725333399,0.19493634153498188
16.335,-0.02671579759141943,98.378,0.20033650566667088,2,0.6397574932063271,0.5882840299961096,,0.65354360446297,0.19549331692364663
16.439,-0.0235639643275002,98.381,0.1986671716929025,2,0.6605056844290248,0.6037467592208676,,0.6739090600395127,0.1958179818847852
16.543,-0.021064291747619514,98.376,0.19729171602301165,2,0.6810955465902522,0.6422508209172751,,0.6942049816968882,0.19596772450469557
16.647,-0.018304668020644774,98.371,0.19618974376107737,2,0.7015565824990246,0.7013189807587045,,0.7145225100493398,0.19599015566882222
16.751,-0.01546815556023779,98.374,0.19537877058088687,2,0.7219181452448074,0.7379142120252723,,0.7348154095310295,0.1959286279547459
16.855,-0.01362060988352865,98.387,0.1948113684238265,2,0.7422080324730523,0.7031249122465304,,0.754879762358459,0.19581657540293793
16.959,-0.011513860138360407,98.376,0.19444958962870365,2,0.7624496022917837,0.7261518168200447,,0.7749202598760231,0.19567988096703426
17.063,-0.009311034265165597,98.37,0.19431190876573573,2,0.7826652002082944,0.7761353196429269,,0.7950421982720334,0.1955434208029244
17.167,-0.006892550818110469,98.379,0.19441453598742078,2,0.8028789753354592,0.7740220439430455,,0.8151046566971513,0.19543101635879043
17.271,-0.005404404067755634,98.378,0.19472030797937118,2,0.8231139872217322,0.7756257753161114,,0.8351396740871108,0.19536034695256105
17.375,-0.004515451912623261,98.376,0.1951496891144069,2,0.8433872270706085,0.7858363420355539,,0.8551865337074114,0.19533940553743162
17.479,-0.0028779611618276564,98.365,0.1957104452805509,2,0.8637119540591461,0.8497394809479996,,0.8754221766188299,0.19537618920549255
17.583,-0.0019185408734681223,98.366,0.1964062408207309,2,0.8841020217364126,0.9008675682604829,,0.8958183818006322,0.1954782540884469
17.687,-0.0012691073688121932,98.369,0.19718569675814782,2,0.9045688024905149,0.9298795567763819,,0.9163149715070542,0.1956473295932761
17.791,-0.000700641747099611,98.365,0.19802848345013582,2,0.9251199398613454,0.9744433907519293,,0.9369643737572692,0.1958829960660291
17.895,-0.00011174613110557371,98.368,0.19893145292648454,2,0.9457618565529295,0.9972761847022726,,0.9577065804288494,0.19618456980818125
17.999,-0.0003961249059063833,98.37,0.19985025727857536,2,0.9664985054835925,1.0054517914640697,,0.9784999254545884,0.19654706600672814
18.103,-0.00018136427763781144,98.357,0.20076544148704653,2,0.9873305218194054,1.0768778066022329,,0.9995312332438466,0.19696411064712124
18.207,0.0013330562424130298,98.372,0.20177054311523024,2,1.0082623930187236,1.0627563502479282,,1.020556266796882,0.19743916343780793
18.311,0.0004415275094388977,98.36,0.20280803511634193,2,1.0293004790867653,1.1087898496719242,,1.0417551881018436,0.19796971004202937
18.415,0.00027627531552762387,98.377,0.20379057450925567,2,1.0504436067872962,1.061648800746332,,1.0628523572542765,0.1985448057193667
18.519,0.0017610594450221083,98.377,0.20484172956281962,2,1.071692486599044,1.0170976546153292,,1.0838652676703866,0.19916683323816928
18.623,0.0012555721670883637,98.368,0.20594380805266485,2,1.0930533345550497,1.0212992051780718,,1.1049415237176556,0.19983620796385143
18.727,0.0013893915048270185,98.354,0.20702655980961984,2,1.1145277936838884,1.095280382024985,,1.12627869457824,0.2005463729875511
18.831,0.00164251322825775,98.368,0.2081294325017557,2,1.13611590528408,1.0895717611123215,,1.1476509059638236,0.2012952641905697
18.935,-0.010300790188445473,98.374,0.20862441574584134,2,1.1577871053929547,1.0524058108670402,,1.1689141498436988,0.20201901828274887
19.039,-0.009887023404875857,98.36,0.2085198630850041,2,1.1794786078921593,1.0889359555582594,,1.1902206435603209,0.2026609482861596
19.143,-0.008551254177768385,98.356,0.20850628629672197,2,1.201163967660009,1.1412630239414139,,1.2116212600828156,0.20323813550839862
19.247,-0.0072948299305154035,98.361,0.20862750356910664,2,1.2228549247330318,1.1618046115499647,,1.2330386108305118,0.2037702804451584
19.351,-0.006660108938911301,98.378,0.2088470603939119,2,1.2445636020591087,1.0924005691510907,,1.2542340945741208,0.20427151519628117
19.455,-0.005910603710327617,98.37,0.20913859698216689,2,1.2662988562426645,1.0692578370790071,,1.2753446489674711,0.2047520190545926
19.559,-0.005731492298883752,98.359,0.20947842163570332,2,1.2880669412107943,1.1037195879901343,,1.296533095732134,0.20521862948402264
19.663,-0.004294470557603605,98.364,0.2099022852131814,2,1.3098747379669362,1.1088379509586388,,1.3177270297109371,0.205681007684722
19.767,-0.003783536763280827,98.353,0.21042744247851086,2,1.331731883806904,1.1687254999772905,,1.33908378570588,0.20614959320694776
19.871,-0.01549376057632418,98.356,0.2103702366628668,2,1.3536133631222556,1.206608683888574,,1.3604880533366595,0.20656626612191795
19.975,-0.013022724681922334,98.349,0.20983259307545338,2,1.3754639102686488,1.2752014909282399,,1.381975232851743,0.20688872804912617
20.079,-0.010667962656504982,98.354,0.20954589097987059,2,1.3972715914395255,1.3101348458884123,,1.4034768264237834,0.20715104733658102
20.183,-0.009184126960285241,98.368,0.2094587959658129,2,1.4190598351607009,1.268573029800452,,1.4248088982641125,0.2073788444436123
20.287,-0.019408492862835976,98.35,0.20891719338102607,2,1.4408153866067364,1.3209127293299765,,1.4461770926860213,0.20753068586810683
20.391,-0.016834580877203607,98.35,0.20797776719255945,2,1.4624939245565627,1.3666376417903023,,1.4675248492083193,0.20757479075520704
20.495,-0.014185660558288175,98.355,0.20730992828392927,2,1.4840888847213407,1.380648617769662,,1.4887934955067044,0.20754860055142169
20.599,-0.012197232406760666,98.346,0.2068832314957622,2,1.5056269290298845,1.437199050221719,,1.5101151124858037,0.2074828795376035
20.703,-0.010399557680057667,98.355,0.20665341205726306,2,1.5271308344946417,1.4404515993629072,,1.5313696458922617,0.20740095049770654
20.807,-0.008436870979447357,98.35,0.2066191314129842,2,1.5486210067550945,1.466766517898153,,1.5526349300386681,0.20732372786458111
20.911,-0.0064198731831355115,98.356,0.20679179436254536,2,1.5701183748954226,1.4579845499753248,,1.5738410684541684,0.20727116679113733
21.015,-0.005624205081451491,98.352,0.2071107159388022,2,1.5916413054310925,1.4685502278280975,,1.5950520585486885,0.2072552795870378
21.119,-0.004420140587553414,98.352,0.2075336236100294,2,1.6132028110876315,1.4763977979995802,,1.616271511181233,0.20728271115236194
21.23,-0.003168436247989759,98.343,0.20812129139092322,2,1.6362716588701844,1.5289976712775044,,1.639075590228805,0.20736649023773462
21.334,-0.001788091490123662,98.345,0.20880876559455674,2,1.6579520218334292,1.563292846101404,,1.6605288070489719,0.20751028309725503
21.438,-0.0014113249262225494,98.343,0.20958760958692219,2,1.679708633342866,1.602529589729462,,1.6821028809501286,0.2077170236137421
21.542,-0.0006837559159717913,98.35,0.2104238790291435,3,1.701549230750902,1.6000751956333643,,1.703700138082463,0.2079860068869696
21.646,0.0001937852968889239,98.347,0.2103984005569512,3,1.7234319892893786,1.6112208491371445,,1.7252737182475009,0.20822542525336224
21.75,5.660813992359288e-05,98.339,0.21041142101566546,3,1.7453141000111545,1.660301349526913,,1.746919977897158,0.2084421627788289
21.854,0.00019210988762113034,98.348,0.2104243543530978,3,1.76719756033033,1.656773796763592,,1.768509858898938,0.20863852153238474
21.958,-0.011321411232422699,98.339,0.20984563068316814,3,1.7890515995522156,1.6975590703362649,,1.7900953022433506,0.2087580115505817
22.062,-0.024215021064591828,98.349,0.2079977362037233,3,1.8107794546303346,1.6815522859420786,,1.8114184669330697,0.20868272684782843
22.166,-0.038869321760928194,98.337,0.20471735037679628,3,1.8322406391325214,1.7264006111043193,,1.8324896865254894,0.20829043726016422
22.27,-0.0620531681709507,98.35,0.1994693809003386,3,1.8532583491589323,1.6989787696559873,,1.852947781653476,0.2074181206356047
22.374,-0.09362436898263586,98.342,0.1913741489683522,3,1.873582212712104,1.7132557801824873,,1.8726210406166572,0.20583202836755413
22.478,-0.12922630326711226,98.341,0.17978591401136496,3,1.8928825359870498,1.7298112003135553,,1.8911801698499033,0.20325777130715314
22.582,-0.16009651836388758,98.34,0.1647411272865531,3,1.9107979421345413,1.7484714760622866,,1.908296923216692,0.19945174707426602
22.686,-0.19542673999225071,98.34,0.14625391785203404,3,1.9269696844817477,1.76389685537189,,1.9236301724354723,0.19419583519562322
22.79,-0.22895031373532773,98.335,0.12418631105820012,3,1.9410325763850798,1.8018222997615843,,1.9368844022513425,0.1872798338435725
22.894,-0.24578903239580147,98.343,0.09949986505938159,3,1.9526642575431938,1.7938314565693139,,1.947694064925831,0.17860924138330897
22.998,-0.25748053267385945,98.336,0.07332984767575854,3,1.9616514026054213,1.8207464670376414,,1.9559888597854336,0.16821099739517367
23.102,-0.25011022345160083,98.344,0.046935128357234804,3,1.9679051813591368,1.8029006629267943,,1.9616334620621547,0.156233617642181
23.206,-0.2361727391982271,98.345,0.02164841429944394,3,1.9714715255772841,1.780365052689286,,1.964713350004323,0.1429425129078787
23.31,-0.21962006956867886,98.333,0.0,3,1.9725972431208552,1.8200593314864206,,1.9657078375776906,0.12882671792887376
23.414,-0.19879993543674263,98.344,0.0,3,1.9725972431208552,1.7989442278267083,,1.9665211498424653,0.11610532591621654
23.518,-0.17719725806151482,98.337,0.0,3,1.9725972431208552,1.8145385416822624,,1.9672502662841405,0.10464048250448668
23.726,-0.1397549279909725,98.339,0.0,3,1.9725972431208552,1.8242540369950293,,1.9777123362424618,0.09162838565687498
23.83,-0.10690523421653436,98.34,0.0,3,1.9725972431208552,1.8177730547663484,,1.97737803748128,0.08071799819597854
23.934,-0.07930757758669305,98.337,0.0,3,1.9725972431208552,1.8286388446303639,,1.9771363568369267,0.0714389192565087
24.038,-0.056595432465402606,98.345,0.0,3,1.9725972431208552,1.7937415839404147,,1.9768629932948245,0.06345764727625347
24.142,-0.03719296791862791,98.339,0.0,3,1.9725972431208552,1.7952893372023868,,1.9766233266890745,0.056530514645445756
24.246,-0.021155982628824666,98.327,0.0,3,1.9725972431208552,1.8598363363421428,,1.9765441519115847,0.05047469514036996
24.35,-0.008229918167889734,98.343,0.0,3,1.9725972431208552,1.8327348096556033,,1.9764149110519653,0.04514968387005951
24.454,0.0019228132373604854,98.336,0.0,3,1.9725972431208552,1.8443791366852573,,1.976314755877155,0.04044529517976178
24.558,0.010506227234788796,98.338,0.0006463101045517394,3,1.9726308512462918,1.843999785662698,,1.976276931264484,0.03634009053973205
24.662,0.017479263598300317,98.336,0.002101555627872398,3,1.972773740264378,1.8534138555625508,,1.9763989551423808,0.03283729705195269
24.766,0.022163708296641042,98.336,0.004162990166409308,3,1.9730994966456805,1.8613795275441232,,1.9767344148790844,0.02992324453698476
24.87,0.025250263184989526,98.34,0.006628516683454155,3,1.9736606550018734,1.8476435051650493,,1.977274413662964,0.027568672682731575
24.974,0.027823378308926408,98.342,0.009388346041137752,3,1.9744935318635521,1.8245940177308235,,1.978027114583032,0.02573910193467456
25.078,0.029413717319282703,98.336,0.012364675013804616,3,1.975624688958409,1.8341077876516914,,1.9790828042796342,0.02439796303748473
25.182,0.02937300352684599,98.339,0.015421584497803287,3,1.9770695744530127,1.8272748524469142,,1.980414476829782,0.02350043470216769
25.286,0.02875508659781778,98.334,0.0034442451842858907,0,1.9780505975964813,1.8463701545728353,,1.9806215932690465,0.021499863750871193
25.39,0.028069435091356537,98.335,0.006517116553678995,0,1.978344775551388,1.858335456683,,1.9811410322057612,0.020008213859832903
25.494,0.02687024125777367,98.343,0.00949197596538981,0,1.9789534355069125,1.8280930266129476,,1.9818759848277858,0.01896284450140099
25.598,0.024917879030990492,98.34,0.012302954461961557,0,1.9798629590336674,1.8158668892449668,,1.982850051247249,0.018301628003597255
25.702,0.022854446633153218,98.337,0.014905111638053192,0,1.981053965615401,1.8200927500006465,,1.9840786957146521,0.017964727927452115
25.806,0.021154324021125683,98.347,0.00231156395363169,0,1.9817254198907013,1.7730195542603848,,1.9839974961637177,0.016413586967904164
25.91,0.019342432660780673,98.335,0.004535391542646872,0,1.9818576487210404,1.7918377773986411,,1.984160174852433,0.015237310445076266
26.014,0.01687971249275924,98.337,0.0065369393321870195,0,1.9822095970710645,1.798984041210747,,1.9845227398966827,0.01437618649382956
26.118,0.014813619342004355,98.336,0.008302988829150745,0,1.9827574604799867,1.810708477358868,,1.9850732677592209,0.01377534112332556
26.222,0.012913236299608173,98.343,0.009862781564070708,0,1.9834782676849667,1.7857095915069359,,1.9857185695018196,0.01338836536377395
26.326,0.011302989841995166,98.34,0.01124002156499014,0,1.9843518005922107,1.7785672633822605,,1.9864789819460584,0.013175908688879105
26.43,0.00937017227349998,98.338,0.012433022236551947,0,1.9853589860144236,1.7825525288683934,,1.9873603942987275,0.013102412126746678
26.534,0.007634762467670133,98.337,0.01343527508464884,0,1.9864803246196587,1.7914858745284166,,1.9883551696197064,0.013135233464089261
26.638,0.006393952532997926,98.332,0.014282764506239637,0,1.9876978498229176,1.8251589086322089,,1.9894982811335948,0.013248550298396992
26.742,0.005011403435633894,98.337,0.014993839258164582,0,1.9889964203631991,1.8300894855405265,,1.9907192379694794,0.013420904730058112
26.846,0.0033671387675511246,98.33,0.0005475196942862359,0,1.9895807581732594,1.869947707972171,,1.9906410294779382,0.012149269277628036
26.95,0.002497701724154932,98.337,0.0009704876414110275,0,1.9894358816992483,1.8699514266028043,,1.9905939247551654,0.011045115013669319
27.054,0.001676409771362471,98.346,0.0013055376807339647,0,1.9893304221605326,1.8236157965734952,,1.9904797306608009,0.010083158605595678
27.158,0.0009445575903033769,98.333,0.0015598242250966787,0,1.9892556081241686,1.8476620944360373,,1.990430574298645,0.009241376016802107
27.262,4.3753191855646224e-05,98.333,0.0017292126273249636,0,1.9892028251850273,1.8692424335687559,,1.9904339064745442,0.008499494122426406
27.366,-0.00036203828459595647,98.337,0.0018306580440585335,0,1.9891641256044719,1.8680635125610097,,1.9904393419356314,0.007840916065516948
27.47,-0.0005932638217726676,98.349,0.0018989785760834405,0,1.989134253853252,1.8055489100537545,,1.9903257804772807,0.007254113279902204
27.574,-0.0012448128772071013,98.347,0.0019213948292925442,0,1.9891091004148642,1.759189094820395,,1.990121936844644,0.006727464372486159
27.678,-0.0014709219496814164,98.333,0.0018981728598503889,0,1.9890839050792324,1.7889750771413353,,1.98997110899516,0.006250545267342704
27.782,-0.0014014042355942934,98.345,0.0018668081397721359,0,1.9890558712357456,1.755269482712626,,1.9897508688984884,0.0058176156548824754
27.886,-0.0017101542774437366,98.339,0.0018230033386501948,0,1.989023928577156,1.7558008228689919,,1.989526332649374,0.005423113359327854
27.99,-0.0018978789932697392,98.349,0.0017533818501291737,0,1.9889860877515053,1.7059191913754683,,1.9891996758596957,0.005060675450863356
28.094,-0.0016467197855923234,98.342,0.001687058955184409,0,1.9889411778179145,1.6971515159681083,,1.9888502638426027,0.004727474968688509
28.198,-0.0017348473017722698,98.343,0.001629213708197505,0,1.988889811140943,1.6850295673299136,,1.9884730019670207,0.004421460023230298
28.302,-0.00207318387593527,98.33,0.0015491923285127773,0,1.9888312753993846,1.7411173401566153,,1.988194222833675,0.004137780278341475
28.406,-0.0016235729223436604,98.336,0.0014749572165583535,0,1.988764718320261,1.7618685175814879,,1.9879474165839486,0.0038747886979285805
28.51,-0.0014053166359962303,98.338,0.0014354512010807119,0,1.9886922467025108,1.770642754427054,,1.9877133196919639,0.0036338669367068322
28.614,-0.001424024132236774,98.338,0.001406321722688661,0,1.9886162060390795,1.7786183811644,,1.9874914317710095,0.0034138598627439197
28.718,-0.013244285111267226,98.342,0.0007615658835825184,0,1.9885051233391384,1.765413007392711,,1.987183913402013,0.0031519119853685293
28.822,-0.02775195475247501,98.343,-0.001252242347776003,0,1.988255795307533,1.748396082477729,,1.9866532307085385,0.0027169923131920735
28.926,-0.04156568083153207,98.343,-0.004738763156588277,0,1.9877204501658388,1.7331554579268351,,1.9857614101417056,0.0019807748955100726
29.03,-0.05017231532979513,98.333,-0.009391142715421352,0,1.9867618822050268,1.7705428134203154,,1.9844917925067402,0.0008579186696009307
29.134,-0.043761779882436756,98.327,-0.01415771942490135,0,1.9853135285182628,1.8349663525797946,,1.98287941554658,-0.0006246671549373043
29.238,-0.03787066787901641,98.327,-0.0032846104669408127,0,1.9841827145084199,1.8928320215192205,,1.982400181845953,-0.0008873214105700967
29.342,-0.03249130886489471,98.339,-0.006825437016068109,0,1.9834331791838362,1.883236998543636,,1.9815649755373879,-0.0014736407861027426
29.446,-0.02758536459880608,98.332,-0.009831427794624564,0,1.982343209358213,1.909204844533112,,1.9804868775746571,-0.002298850358714223
29.55,-0.022886234868240138,98.333,-0.0123379547253549,0,1.9809665886117067,1.9266367398542492,,1.9791961250660397,-0.0032900534642608292
29.654,-0.01868312154518005,98.34,-0.01438156501729669,0,1.9793533607296214,1.9057480216216232,,1.9776669437224097,-0.004385169765340162
29.758,-0.014800528591927375,98.343,-0.001004718582870212,0,1.9783294611269455,1.8706689460444932,,1.9773451100023836,-0.004051447389437134
29.862,-0.011513159205299514,98.33,-0.0022550341067699153,0,1.977936141131617,1.9045585111191647,,1.9769682206265546,-0.003874108689887253
29.966,-0.008586454887263572,98.338,-0.003182217798027187,0,1.9774295911771003,1.8939737602809068,,1.9764865683844068,-0.003805825669914154
30.07,-0.006078991680137093,98.338,-0.0038268247779759262,0,1.9768413081076808,1.8838499010267473,,1.9759273337139738,-0.003807931334186936
30.174,-0.0038222939836669275,98.336,-0.004223695390937657,0,1.9761988682034297,1.8844621667161272,,1.9753327137657999,-0.0038490126323880757
30.278,-0.002017038160082631,98.349,-0.004409344420856581,0,1.9755261372777493,1.818537804041705,,1.9746059950331505,-0.0039043905679043713
30.382,-0.0005498852386585806,98.33,-0.004424828196035097,0,1.9748429474462037,1.8556427900148247,,1.9739444151045977,-0.0039558162553956925
30.486,0.00017392469658797718,98.339,-0.004326381902666682,0,1.974164071665604,1.8435091665469772,,1.9732725165334604,-0.003992448819880147
30.59,0.0015270157927637813,98.338,-0.004119936755664327,0,1.9735010502399035,1.8376323019301646,,1.9726117731056954,-0.004005083632863568
30.798,0.0033719048036807975,98.33,-0.0033744565305219715,0,1.9722740076272054,1.878582599977389,,1.9716847935134398,-0.003926707463700423
30.902,0.0034745998334150194,98.336,-0.002900442047836946,0,1.9717239000456634,1.8792150874115203,,1.9712254828379336,-0.0038045516795499694
31.11,0.004134489387393122,98.332,-0.0018731042857607627,0,1.9707798255160347,1.9074885037241212,,1.9705475596455169,-0.003534837141160982
31.214,0.0035538296516964864,98.34,-0.001355315454172057,0,1.970388134834091,1.8784383939620186,,1.970267743623994,-0.0032498099837439537
31.318,0.003613809168539473,98.34,-0.0008646019939637095,0,1.9700488862713206,1.8545626127650812,,1.969996254988905,-0.002953988958858015
31.422,0.003199726039033396,98.34,-0.000392301921613894,0,1.9697597144122434,1.8345636584393483,,1.9697378776857482,-0.002649630149236626
31.526,0.0029499397081975795,98.341,4.547693879818071e-05,0,1.9695178666576698,1.8120862988656026,,1.9694849569369166,-0.0023403772492021522
31.63,0.002614622102015066,98.329,0.0004528303944853346,0,1.9693199657835334,1.8572113860008606,,1.9693487695920004,-0.002028774087221258
31.734,0.0020742483396813394,98.34,0.0008146478990095768,0,1.969162061799328,1.838823032829594,,1.969217037635372,-0.0017187684215012372
31.838,0.0017803050292671942,98.342,0.0011330809157509558,0,1.969039530842228,1.8121940769329699,,1.9690719269148362,-0.0014135935810967693
31.942,0.0011976224222138925,98.333,0.0014059293847840382,0,1.9689477465223886,1.8352015717725974,,1.9689923408195034,-0.0011164025935180815
32.046,0.0009916806397957051,98.345,0.0016377693855646053,0,1.9688822060029794,1.7943865261154692,,1.968867656670758,-0.0008296650800418245
32.15,0.0008495602816310027,98.331,0.0018515101550348328,0,1.9688398356836232,1.8295934961412812,,1.9688231444191215,-0.0005532911905698461
32.254,0.0009314129872123276,98.333,0.0020621170065707878,0,1.9688195314405594,1.8513315908468109,,1.9688358400372405,-0.0002858696428452222
32.358,0.0004218509663064873,98.335,0.0022504829737097776,0,1.9688199737840668,1.8607411984886597,,1.9688829939937884,-2.8234347559152507e-05
32.462,0.0004023217342720196,98.322,0.0024113361956959595,0,1.9688385755254085,1.9352778729796931,,1.9690688968914354,0.0002182716947651533
32.566,-0.00037812655567693204,98.338,0.0025305905865389278,0,1.9688717428626175,1.92065785381655,,1.9692422778311764,0.000450898302127167
32.67,-0.00038276011819399105,98.337,0.002609020721053734,0,1.9689151897951451,1.9118255091197944,,1.9694089002245316,0.0006672410360399766
32.774,-0.0004963084236490916,98.339,0.002681305398433906,0,1.9689664738978911,1.8931284171566296,,1.9695523537519384,0.0008685547914238823
32.878,-0.0008722823722482626,98.339,0.0027281349186033393,0,1.9690239519389099,1.8758737030001749,,1.969672844947737,0.001053985263861377
32.982,-0.0009340370746047816,98.337,0.002752202548923041,0,1.9690851166317538,1.8703062471261538,,1.969787365882365,0.001222999312692348
33.086,-0.0010257800408834997,98.34,0.0027682883004736814,0,1.9691483693004552,1.8499515880919308,,1.9698714199417984,0.0013765457841313378
33.19,-0.0012276140842164458,98.335,0.0027691080475245877,0,1.9692125010550838,1.8571124351907733,,1.969968060835403,0.0015147418788346609
33.294,-0.0011593719002019982,98.326,0.002762981017890881,0,1.969276356831018,1.909598884489928,,1.9701491034757495,0.0016385043877467263
33.398,-0.0012158826203126666,98.332,0.0027574640243801796,0,1.969339607117749,1.9262411007365512,,1.9703565607572482,0.0017493609148929935
33.502,-0.0013241091671905522,98.335,0.0027433806929860333,0,1.9694018381875846,1.9255456581309651,,1.9705617349306928,0.001847771289096677
33.606,-0.0010424663288254828,98.33,0.002738315008749284,0,1.9694630735086074,1.9499174842261116,,1.9708052648846222,0.001935896185575524
33.71,-0.0015616458685790509,98.341,0.0027208974160402716,0,1.9695231396992292,1.9153441393101596,,1.970992329316223,0.0020135290731273627
33.814,-0.001368346834424076,98.339,0.002686534037040167,0,1.969580513279322,1.893922273216275,,1.9711425092007213,0.002080051401270322
33.918,-0.0015534455964258292,98.346,0.0026525970721920644,0,1.9696343352415349,1.8387726792492636,,1.9712031102645453,0.002136603326399979
34.022,-0.0014749552700759616,98.34,0.002613116468690002,0,1.9696843394901935,1.819766534355811,,1.9712310020577626,0.00218364378860469
34.126,-0.0013688910686589445,98.339,0.002583232700631863,0,1.9697307367915309,1.8082149338092648,,1.971238988162221,0.0022230698464980473
34.23,-0.0014146042060879,98.337,0.002556487187901066,0,1.9697741893702674,1.8085642097648802,,1.9712460298517218,0.0022559522135866283
34.334,-0.0012426553624384404,98.326,0.002536305931893787,0,1.9698152017570294,1.865479917610976,5.88030208602467,1.9713405334516771,0.002283608839948546
34.438,-0.0012852998315739798,98.34,0.002522848503361194,0,1.9698544649321954,1.8458972253724937,5.88030208602467,1.9714038989622926,0.002307194476352939
34.542,-0.0013678722905080421,98.337,0.002502879794568952,0,1.9698919899482206,1.8435578633352248,5.88030208602467,1.9714623586264626,0.00232647550947188
34.646,-0.001433263212459478,98.326,0.002475216989970691,0,1.9699270381255494,1.897613270105907,5.88030208602467,1.9716019260028859,0.0023411382981127246
34.75,-0.0015253592526703506,98.333,0.0024393648633400378,0,1.969958783526454,1.9107194337388202,5.88030208602467,1.9717582215178362,0.002350816235642391
34.854,-0.0014546584019438339,98.337,0.0024024001868561268,0,1.969986742453597,1.9018514253402654,5.88030208602467,1.9718973292333515,0.0023558844553573065
34.958,-0.0014157162424820562,98.331,0.0023711369469020666,0,1.9700111535290852,1.924014285195953,5.88030208602467,1.9720671968581207,0.002357372666511889
35.062,-0.0013353435032335795,98.336,0.0023460780816809274,0,1.9700326358551044,1.9182359925290058,5.88030208602467,1.972225631884456,0.0023562372762036972
35.173,-0.0011948905269745745,98.335,0.00233158838928052,0,1.970053369161965,1.9178709182374378,5.88030208602467,1.972398349927987,0.002353752815399487
35.277,-0.0011540143346645078,98.338,0.0023274415780313445,0,1.970071825864798,1.9015803146534156,5.88030208602467,1.9725293635560814,0.0023511023573429264
35.381,-0.0010899358939805454,98.339,0.002328752407697879,0,1.9700901350965887,1.8815839643199175,5.88030208602467,1.9726303348541343,0.00234884393324434
35.485,-0.0009991556106709676,98.325,0.0023381158910120298,0,1.9701089993926544,1.9351597270023688,5.88030208602467,1.972812792227576,0.0023477631709187905
35.589,-0.0010315299230340802,98.34,0.0023505164848154486,0,1.97012899542073,1.9066134680698912,5.88030208602467,1.9729533637325738,0.0023480116462691126
35.693,-0.0009146880919180679,98.33,0.0023673093895939523,0,1.970150509510732,1.9316130533387406,5.88030208602467,1.973132793870308,0.0023499093522515507
35.797,-0.0007533035817580863,98.332,0.0023985700641188656,0,1.9701745223868576,1.9437346234654098,5.88030208602467,1.9733329890122349,0.0023547191160388503
35.901,-0.0007325672111168312,98.343,0.0024393010244454505,0,1.9702022788279958,1.8982422068047375,5.88030208602467,1.9734692229956134,0.0023630661131360123
36.005,-0.0008034974993259605,98.333,0.0024774219010584853,0,1.9702341355646549,1.9079398010441082,5.88030208602467,1.9736235220905975,0.0023743585071709485
36.109,-0.0005938781334137715,98.328,0.0025227546097120607,0,1.9702703318877477,1.9421265997761343,5.88030208602467,1.9738325989685612,0.002389025328960918
36.213,-0.0008099544924522527,98.337,0.002567751554723094,0,1.9703112253528308,1.9270026927714827,5.88030208602467,1.9740234617963148,0.0024066805624935587
36.317,-0.0010301776366358649,98.329,0.002590060925566559,0,1.9703556187463387,1.9537717160305514,5.88030208602467,1.9742555842096006,0.0024248001886708814
36.421,-0.0010281833029291453,98.347,0.0026010223982652347,0,1.9704017422237108,1.8860703091009678,5.88030208602467,1.9743893745315424,0.0024421837473344293
36.525,-0.0009114589780394611,98.343,0.002618157241210922,0,1.9704493267094962,1.8451814428001463,5.88030208602467,1.9744653848711557,0.0024595247162125305
36.629,-0.001142007379821008,98.328,0.0026293732321582414,0,1.9704983854386442,1.88497902216708,5.88030208602467,1.9746008807396176,0.0024762720070706716
36.733,-0.0010927725200402785,98.333,0.0026311609189215296,0,1.970548120359033,1.895868573478553,5.88030208602467,1.9747525326409192,0.002491543179251484
36.941,-0.001104620543426075,98.334,0.0026386245234331224,0,1.9706485523341033,1.901213810888591,5.88030208602467,1.9751725841758472,0.0025098065103995853
37.045,-0.0010455555196875353,98.325,0.0026448116097072677,0,1.9706994781575593,1.9581694921816077,5.88030208602467,1.9754160392303748,0.0025258765358245725
37.149,-0.0009603500583276682,98.336,0.0026585007612065503,0,1.9707514375453796,1.9447565035136944,5.88030208602467,1.9756409762920089,0.002541111224077903
37.253,-0.0008859400801042997,98.329,0.0026804899155641326,0,1.9708052522051045,1.9712360432178524,5.88030208602467,1.975905621834744,0.0025566810803064072
37.461,-0.0007826588511325994,98.331,0.0027429481098276004,0,1.9709216640488105,1.9888551421428988,5.88030208602467,1.9764683228243383,0.002581680808656457
37.565,-0.0008679109130999498,98.337,0.0027751147236435986,0,1.9709847904606839,1.9623605511166442,5.88030208602467,1.9767296035624062,0.002606170695478919
37.773,-0.0008800540585968728,98.338,0.002829318849699211,0,1.971120025841377,1.9319670637093764,5.88030208602467,1.977225524448912,0.0026385566046582608
37.877,-0.0009467176840699375,98.34,0.0028523229606366163,0,1.971191658360047,1.893004291902296,5.88030208602467,1.9773964010234857,0.0026673724548819163
37.981,-0.0011000124569617163,98.325,0.0028638892348590017,0,1.9712650885387455,1.9500063775858847,5.88030208602467,1.9776482857417297,0.0026923644610418566
38.085,-0.0010374372985594853,98.334,0.0028707380891279805,0,1.9713394763041256,1.946414025736687,5.88030208602467,1.9778947481207934,0.0027139879646612916
38.189,-0.0010559977298457738,98.325,0.002879875709206961,0,1.9714146953661718,1.9927545200103927,5.88030208602467,1.9782064353268716,0.002733352001821492
38.293,-0.0010854316937798582,98.334,0.002886517620734455,0,1.9714907349638615,1.9841972135331682,5.88030208602467,1.9785056742375475,0.00275067491386931
38.397,-0.0010191694992805781,98.334,0.0028950746002514155,0,1.9715675649038855,1.9764073788587637,5.88030208602467,1.9787939303731141,0.002766591960595569
38.501,-0.0008946076313370722,98.335,0.0029135544310153194,0,1.971645800758044,1.9640745295869366,5.88030208602467,1.9790660802223685,0.0027824544723047706
38.605,-0.0009261367906227428,98.337,0.0029368719626294837,0,1.9717262100750463,1.9426233444745131,5.88030208602467,1.9793101200742953,0.0027988354206502208
38.709,-0.001028384199048623,98.331,0.002953233112722664,0,1.9718086826834975,1.954193584444868,5.88030208602467,1.9795713530452694,0.0028149962190689983
38.813,-0.0009610638291518934,98.329,0.002967778056812309,0,1.971892762408846,1.974796865001035,5.88030208602467,1.979861965373991,0.002830818908122199
38.917,-0.0006987187154013553,98.336,0.002999465606051563,0,1.9719792462238477,1.9575058574313375,5.88030208602467,1.980131260590781,0.002848121457499987
39.021,-0.001030245809813632,98.337,0.0030275556922964436,0,1.9720688384758942,1.9366917271551485,5.88030208602467,1.9803742136881235,0.0028663889735474997
39.125,-0.0009873833850698797,98.338,0.003040635215718554,0,1.9721605715476438,1.912859768196664,5.88030208602467,1.9805853913769962,0.002884013261075527
39.229,-0.0010499234280301895,98.338,0.003052691502993393,0,1.9722536116815497,1.8915741257519567,5.88030208602467,1.9807684559240097,0.0029009829921910588
39.333,-0.000642737383019026,98.328,0.0030826693823749196,0,1.9723488375921219,1.9236916009870213,5.88030208602467,1.9809983052388864,0.002919204457785424
39.437,-0.0013843163800550066,98.335,0.0030952588282510823,0,1.9724462770036069,1.9173723201054662,5.88030208602467,1.9812205505467366,0.0029368015645743544
39.541,-0.0009005141639849652,98.337,0.0030944438815170977,0,1.9725443286890478,1.9016480323939975,5.88030208602467,1.9814211730652806,0.0029525087637700914
39.645,-0.0011580769140070498,98.326,0.003105393387017555,0,1.972642907371544,1.943807398083209,5.88030208602467,1.9816798492089753,0.002967724360794169
39.749,-0.0009442151987808816,98.343,0.0031140704387086077,0,1.9727425066350146,1.8952648459130566,5.88030208602467,1.9818735064662423,0.002982245563725878
39.853,-0.0007403164609587607,98.331,0.003144471033958221,0,1.9728441379361261,1.9127638084559224,5.88030208602467,1.982093707721237,0.0029983302290967416
39.957,-0.001262543764032412,98.339,0.0031583185438147643,0,1.972948070138703,1.888041175590253,5.88030208602467,1.9822819592702892,0.0030141656401372332
40.061,-0.0010913000939762687,98.332,0.0031539149047543624,0,1.9730524934225613,1.9016551919218896,5.88030208602467,1.9824880534350615,0.0030279852545859087
40.165,-0.0009721372190651925,98.325,0.0031646124060322606,0,1.9731572439872547,1.9499411090757894,5.88030208602467,1.9827596234058593,0.0030415028492219126
40.269,-0.0012039757368839203,98.334,0.003169450773878965,0,1.9732628024171426,1.947620888570208,5.88030208602467,1.983028195769323,0.003054152109499612
40.373,-0.0013115027437471175,98.336,0.0031566421344422085,0,1.9733679463929084,1.935117737088188,5.88030208602467,1.9832785464314326,0.0030642716032746016
40.477,-0.0011532027834937884,98.334,0.0031464736885817024,0,1.9734718955602384,1.9338812705058588,5.88030208602467,1.9835259885642116,0.0030723799478430407
40.581,-0.0009485862738392142,98.332,0.003155176899156495,0,1.9735757685353332,1.9428890569569177,5.88030208602467,1.9837859100108144,0.0030805476176777222
40.685,-0.001086786350333368,98.327,0.00316733376425557,0,1.9736807262343634,1.9763887473277453,5.88030208602467,1.9840908313729986,0.0030891194231751525
40.789,-0.0012338915616335008,98.329,0.0031646547543893455,0,1.9737861767818656,1.9961918042585798,5.88030208602467,1.984420964893087,0.003096584519519835
40.893,-0.0009606705970317459,98.335,0.0031685337636947614,0,1.9738916897293388,1.9830663232524437,5.88030208602467,1.9847335788588687,0.0031036890532250318
40.997,-0.0009233367072319773,98.326,0.0031885616254291455,0,1.973998445834106,2.0165910958831996,5.88030208602467,1.9850913780978756,0.0031120812087985367
41.101,-0.0012093908689874114,98.33,0.0031956560330218126,0,1.9741066122968782,2.02597716485271,5.88030208602467,1.9854612951374595,0.0031203473632441534
41.205,-0.0011127074772669238,98.335,0.0031929031605726493,0,1.9742150045194777,2.0083795286832617,5.88030208602467,1.9858071844736513,0.003127517809463837
41.309,-0.000936745568701484,98.336,0.0032043278437383083,0,1.9743238476762346,1.9868614195995409,5.88030208602467,1.986125512551083,0.0031350999302704615
41.413,-0.000836665387265572,98.331,0.0032301067155840885,0,1.974434625417852,1.9925480053465512,5.88030208602467,1.9864531004845734,0.003144480523293349
41.517,-0.0008262117005373421,98.332,0.0032616333485743776,0,1.974548383045721,1.9923888238548932,5.88030208602467,1.986782915281645,0.003156047395012942
41.621,-0.0012767599694742979,98.324,0.0032702750632898486,0,1.9746642294276706,2.032762374413835,5.88030208602467,1.9871649478888993,0.003167339239712074
41.725,-0.0008929443282904931,98.343,0.0032754466813621347,0,1.9747807941029252,1.9721507974261256,5.88030208602467,1.987468770791468,0.0031780043725895455
41.829,-0.00048258774803965933,98.334,0.003321915254949001,0,1.974900044068146,1.9629694924646444,5.88030208602467,1.9877648609013445,0.0031922011133586757
41.933,-0.0007066345061902536,98.324,0.0033780719392851183,0,1.975024630546779,2.0056668795831367,5.88030208602467,1.9881205589074114,0.003210555878858389
42.037,-0.0011230469527981238,98.321,0.0034009247449738045,0,1.9751533255188933,2.0594279522741807,5.88030208602467,1.9885463582158216,0.003229373520340728
42.141,-0.0008978140416112577,98.333,0.0034138362148205814,0,1.9752838802333355,2.04643193194508,5.88030208602467,1.9889559099709528,0.0032476028034394058
42.245,-0.0009015191154741024,98.327,0.0034382671322081976,0,1.9754163767519137,2.06459127072109,5.88030208602467,1.9893899673803872,0.0032664504630501765
42.349,-0.0005738748869187387,98.336,0.0034795428856397997,0,1.9755522900173743,2.0346445582127823,5.88030208602467,1.9897891365760765,0.0032875014106188037
42.453,-0.0005359700972933337,98.323,0.0035398271880168336,0,1.9756934844057372,2.073283424030119,5.88030208602467,1.990242106203473,0.003312439522650535
42.557,-0.0005816962303905623,98.331,0.0035997047805333554,0,1.9758409272126345,2.067000663192971,5.88030208602467,1.9906919529607607,0.003340824694621372
42.765,-0.00045401869994734134,98.335,0.003727982910890326,0,1.976155381021608,2.0392408527860435,5.88030208602467,1.991468915540563,0.0033889776782442408
42.869,-0.0004444434559073782,98.327,0.0037992591203419024,0,1.976322984751765,2.057189114883682,5.88030208602467,1.9919269800456252,0.003437847499717083
43.077,-0.0006252187062301185,98.335,0.003924006738591709,0,1.976678578690159,2.024637381860335,5.88030208602467,1.9927181684826487,0.0035057507080233303
43.181,-0.0006231955915561062,98.333,0.0039770854366629055,0,1.9768656226278052,2.0083101177147786,5.88030208602467,1.9931348411285252,0.003567397785616603
43.285,-0.0007317157595084762,98.33,0.004024626287963601,0,1.9770578987820184,2.0125679911332033,5.88030208602467,1.9935599459822706,0.0036241151319268265
43.389,-0.0006917788565409178,98.33,0.0040686008094851095,0,1.9772549337356182,2.016196670952741,5.88030208602467,1.9939924789277803,0.003676937250374664
43.493,-0.0006340160907729324,98.33,0.004117655713780838,0,1.9774568062193607,2.019341945213608,5.88030208602467,1.9944325135845626,0.003727521603441157
43.597,-0.0006564423404206575,98.323,0.004168548116914833,0,1.9776638759630893,2.0596541509711876,5.88030208602467,1.9949261932878277,0.003776747421762093
43.701,-0.0006968344008715708,98.334,0.004216173967923689,0,1.9778760686560337,2.036790406233769,5.88030208602467,1.9953950808062724,0.003824673538866355
43.805,-0.01641710839131825,98.329,0.0034442451842858907,1,1.9780505975964813,2.0424910655692856,5.88030208602467,1.995788510166401,0.0037839672306197976
43.909,-0.02981205587272673,98.324,0.0010403286425555575,1,1.9847787064018774,2.073303587347676,,1.9959771132926534,0.003494749953357586
44.013,-0.027031168054903434,98.33,-0.001915519001681229,1,1.9912281074696032,2.069795598878321,,1.995865322066526,0.002931380811030045
44.117,-0.03673630248453699,98.324,-0.005231427469732083,1,1.9973513772194897,2.097021221081722,,1.9954570955175592,0.002089841713514245
44.221,-0.05354307348236104,98.331,-0.009925955020010743,1,2.0030581042964233,2.0854001292375255,,1.9945670741146337,0.0008610780562857725
44.325,-0.06369390512317688,98.328,-0.01602227790749909,1,2.008203707150593,2.08977132922698,,1.9930758033194453,-0.000854112540777704
44.429,-0.07099181076160943,98.335,-0.023025935133507966,1,2.012668111038861,2.057744355383942,,1.990850943183443,-0.003094544071835091
44.533,-0.08501145910624064,98.329,-0.031138105166636107,1,2.0163464919096534,2.059144120981881,,1.9878245568439403,-0.005915999227376725
44.637,-0.09950383689733208,98.333,-0.040732900558821825,1,2.0191041105783305,2.0400082803567363,,1.983825806092843,-0.009406561018995037
44.741,-0.10588927602840277,98.339,-0.05141334243095995,1,2.020807416909262,1.9922147120637062,,1.978714119743517,-0.013605877933052646
44.845,-0.11077364236815337,98.337,-0.06267981418758077,1,2.021369483731498,1.9595416223621955,,1.9724511907713997,-0.018500252263257726
44.949,-0.11565817446593929,98.325,-0.0744542686629535,1,2.0207334223896702,1.9918326565777271,,1.965065355552504,-0.024070220302188642
45.053,-0.11908678064684383,98.331,-0.08666100632881811,1,2.018850339056498,1.9909931685522815,,1.9564741191486155,-0.030291255022260388
45.157,-0.12094852233474264,98.337,-0.09914284208386051,1,2.0156834499054392,1.9600589881333155,,1.9466140850748357,-0.03712601400868421
45.261,-0.1214618841562413,98.33,-0.11174818322139242,1,2.011212027555966,1.9682738438206018,,1.935519051046919,-0.04452607304752535
45.365,-0.12027661497748746,98.329,-0.12431858517634621,1,2.005431466565684,1.981329387214146,,1.9231970248068753,-0.05243231871729728
45.469,-0.12131548804772493,98.337,-0.13688137453365717,1,1.998343979627164,1.9527589781505181,,1.909598159076783,-0.06079435291154133
45.573,-0.12414712437012468,98.333,-0.14964543037938527,1,1.9899394967380861,1.9477545430824488,,1.8947294377963935,-0.06958747314097873
45.677,-0.1353747116457341,98.332,-0.16314056585220982,1,1.9801695359004434,1.948854729438309,,1.8785251637673608,-0.07884182384138128
45.781,-0.12840784021732873,98.335,-0.17685725854908896,1,1.9689845599979763,1.9350630107745357,,1.860944652937522,-0.0885341069098122
45.885,-0.10681279105139382,98.338,-0.18908873137506244,1,1.9564502794883207,1.9078338227221636,,1.8421157262047598,-0.09847457725601988
45.989,-0.10379664537496083,98.34,-0.20004042206923278,1,1.9427104744756178,1.8736938914876997,,1.8221543698780707,-0.1085126350588664
46.093,-0.11115753948019258,98.337,-0.21121803968170139,1,1.9278199454309686,1.8589665175865173,,1.8010610874042092,-0.11866135921376615
46.197,-0.1079702349541574,98.33,-0.2226126839522875,1,1.9117556587684015,1.8822526449267805,,1.7788587192856673,-0.12893157200406208
46.301,-0.09951701569610785,98.335,-0.23340202098610124,1,1.8945378050780057,1.8786717200801415,,1.7555744079895053,-0.13925175222230912
46.405,-0.09238464870417176,98.328,-0.24338090753491576,1,1.8762400037613132,1.911709687462973,,1.731329383132692,-0.14953713205111033
46.509,-0.08811499460650528,98.339,-0.25276688898707084,1,1.8569352293085704,1.8860524545909931,,1.7061135952638744,-0.1597328152755607
46.613,-0.08398325828061085,98.336,-0.26171599813720087,1,1.8366770301445086,1.8785215417936976,,1.6799913318610544,-0.16980468164089035
46.717,-0.07874412198242196,98.34,-0.2701778219108785,1,1.815513462468409,1.8518653385182926,,1.6529889369743433,-0.17971698718490217
46.821,-0.06203549096007037,98.34,-0.27749836178388804,1,1.7935292118826816,1.8283806798520272,,1.625222219099634,-0.18937290293147074
46.925,-0.04770696493924097,98.338,-0.28320496949065216,1,1.7708675496228057,1.8180934660540944,,1.5968647813115993,-0.1986384719680736
47.029,-0.03508018127648463,98.343,-0.28750990109387015,1,1.7476852873188096,1.784161230586777,,1.5680281043718567,-0.20741392840397327
47.133,-0.035496116162771596,98.34,-0.2911798685607115,1,1.7240883302631715,1.7697446802502923,,1.5387993313221766,-0.21568503727779564
47.237,-0.02499557166145173,98.34,-0.2943254363275711,1,1.7001369653753815,1.7577794924209864,,1.5092353737433017,-0.22344987706725392
47.341,-0.016015559048074213,98.349,-0.2964580151244664,1,1.6759111368662758,1.7022322287869054,,1.4793882330709884,-0.2306584768340185
47.445,-0.008147788925810888,98.347,-0.2977145092191084,1,1.6515090765668103,1.6634836815717484,,1.4493657419020898,-0.23727928726198144
47.549,-0.0022181502895565345,98.347,-0.2982535380583075,1,1.6270136490747853,1.6300287419068504,,1.4192473646995207,-0.24329953244117408
47.653,0.0029335488342370755,98.336,-0.29821633733398406,1,1.6024921265207865,1.657495457470769,,1.38916160786917,-0.24872161654593827
47.757,0.006994950364783145,98.345,-0.297700055375635,1,1.577999385066287,1.6380610610794875,,1.359105634294706,-0.25355733174909395
47.861,0.010035025893859514,98.343,-0.2968144966101856,2,1.5535795393294247,1.6320445630803655,,1.329134059582432,-0.2578281213953444
47.965,0.011998792938109685,98.347,-0.2957792744279513,2,1.5292595742018404,1.6076112048021882,,1.299244300368718,-0.2615750029565466
48.069,0.013691469770005326,98.345,-0.29455391716415763,2,1.5050571592054511,1.597051269020952,,1.2694736895048235,-0.26483093370487343
48.173,0.015523543533154074,98.349,-0.29314527286942155,2,1.4809917122901053,1.5685315480625248,,1.2398230401683765,-0.2676263024270489
48.277,0.015631150211924315,98.352,-0.2916357651917057,2,1.4570780092773272,1.5289092761057796,,1.2102927829863859,-0.26999663146189556
48.381,0.015644677905559498,98.346,-0.2901199585266248,2,1.4333216226103744,1.5251824296259329,,1.1809262376835725,-0.2719832544788724
48.485,0.015035075896246267,98.351,-0.28863514772595916,2,1.4097212680516407,1.497979341558543,,1.151696718041397,-0.2736271268089319
48.589,0.014373185187037545,98.343,-0.2872164545466566,2,1.386271895699865,1.5156512770687354,,1.1226496446027816,-0.27496860258611316
48.693,0.0007838339660686568,98.353,-0.28653882594772334,2,1.3629315320805575,1.482211739135698,,1.0936585499710647,-0.27611072494729966
48.797,9.032911448481236e-05,98.348,-0.2866039058645628,2,1.3396230209927191,1.4788005889262439,,1.064685954502796,-0.27714649591019413
48.901,0.0014969130631531367,98.347,-0.2866319056683538,2,1.316309669759406,1.4821987159913381,,1.0357434758413377,-0.27808275271051763
49.005,0.0012800201309596717,98.349,-0.2865980415392882,2,1.292996623471009,1.4763512333766327,,1.0068274227618623,-0.278923216241844
49.116,0.0011253288414617892,98.354,-0.286582521018147,2,1.2681171706843648,1.4458993438144372,,0.9759551158752404,-0.2796885127229104
49.22,0.001348744353814616,98.353,-0.2865644056090209,2,1.2448084414661524,1.42555994768676,,0.9470461476230774,-0.28037391616604035
49.324,0.0016588205666803481,98.35,-0.2865185486301834,2,1.2215030388121142,1.4238666736429682,,0.9181713897810321,-0.28098523729419034
49.428,0.0013168016942372894,98.362,-0.2864743526696439,2,1.1982023189109237,1.36218195050634,,0.8892656844691122,-0.2815304895903594
49.532,0.000873492601567713,98.36,-0.28647099376329027,2,1.1749040718628116,1.3181940785187993,,0.8603448169957028,-0.28202061497547853
49.636,0.00041700421641392097,98.354,-0.2865144243257834,2,1.1516037410885787,1.3108763000346941,,0.8314443052362527,-0.282465942965284
49.74,0.0003793833387191862,98.355,-0.2865835485699448,2,1.1282975574644012,1.3008974036806196,,0.8025588689679468,-0.2828736239213612
49.844,0.0005518178426109304,98.356,-0.28664566250554385,2,1.1049845494548762,1.288459758749401,,0.7736866125819241,-0.28324681009369634
49.948,0.0005980114574889973,98.355,-0.2866964077789668,2,1.081665672766482,1.2839152388320763,,0.7448371997128149,-0.2835878749752943
50.052,0.0003635400636122429,98.363,-0.2867569434968978,2,1.0583410094665373,1.2406213099184447,,0.7159681237772718,-0.28390104412672845
50.156,-0.00015132111756471442,98.364,-0.28685644450873155,2,1.035008024256645,1.1980126311754016,,0.6870765913629331,-0.2841929765524269
50.26,-0.000360695483341478,98.354,-0.28699360576900684,2,1.0116627326086032,1.2122163860712831,,0.658219848675672,-0.28446950720691755
50.364,-0.0002146015009982009,98.358,-0.2871340576092208,2,0.9883030050793357,1.2063998874863708,,0.6293760306037242,-0.28473251374997527
50.468,-0.0004063467666898876,98.365,-0.2872768833161688,2,0.9649285471176142,1.1670777807487012,,0.6005091872119767,-0.2849835964934724
50.572,0.000276659823439158,98.367,-0.287394163434246,2,0.9415405636529932,1.1229598657877347,,0.5716168425744594,-0.2852214244278465
50.676,0.00012400903483238064,98.366,-0.2874838650506441,2,0.9181418171381792,1.089971343013304,,0.5427136368490874,-0.2854445891783103
50.78,-0.0004855818223776365,98.364,-0.2876132032326247,2,0.8947316805538497,1.0722805263566915,,0.5138120095243176,-0.28565845734127954
50.884,-0.0004983792791902265,98.366,-0.2877749056069345,2,0.8713064098605929,1.048099044643371,,0.48490195384281964,-0.2858671518072591
50.988,-3.5173006954896616e-05,98.368,-0.2879131867228422,2,0.847865540025845,1.0180402585858104,,0.45597954890236814,-0.2860688765675639
51.092,-8.314841526685466e-05,98.367,-0.28802987583382605,2,0.8244114117392987,0.9979667998902633,,0.42705742323863954,-0.28626218739637754
51.196,-0.00027289426190768026,98.368,-0.2881589264500673,2,0.8009445049869366,0.9767642715619984,,0.39813318391061675,-0.28644913912100917
51.3,-0.0006933733848430775,98.357,-0.2883197087647266,2,0.7774625269221678,1.0155340027912805,,0.36926648651169347,-0.28663347363402003
51.404,-0.0010778447594900853,98.361,-0.2885223485052602,2,0.7539616509105271,1.031928444178896,,0.34042948655941996,-0.28681959207862745
51.508,-0.0011360807129361284,98.371,-0.28874800902685455,2,0.7304385032852576,0.9971499148542214,,0.311566327882788,-0.2870096107806199
51.612,-0.0005104804363573918,98.363,-0.288944166603646,2,0.706893421118872,1.007692442658166,,0.28272701041558096,-0.2872002158743514
51.716,-0.0007779016301126825,98.363,-0.2891216988681307,2,0.6833289070807401,1.0184409810516732,,0.25391329688755626,-0.28738951103858285
51.82,-0.0010631788471826306,98.372,-0.2893279714499783,2,0.6597444351905989,0.9833602577309719,,0.22507469733727672,-0.2875804804533846
51.924,-0.0013848569662214692,98.378,-0.2895658057093035,2,0.6361368697447165,0.9221818106630695,,0.19618121248362716,-0.28777608488817946
52.028,-0.001478842009720581,98.367,-0.28982525445308066,2,0.6125034455826731,0.9242172397129177,,0.16729612703463295,-0.28797797836609046
52.132,-0.0010620883762322655,98.381,-0.29006791923017844,2,0.5888439115175439,0.8563053170296078,,0.13834883664302616,-0.288183908147884
52.236,-0.0009524856423367196,98.375,-0.2902832134761723,2,0.5651605635832142,0.8270671583682305,,0.10938194523218207,-0.2883907595726889
52.34,-0.0010822219741285029,98.377,-0.29049955466925675,2,0.5414547706060506,0.7923607992168419,,0.08038974471624484,-0.2885985471769668
52.444,-0.0009372869152599121,98.381,-0.29071510552853314,2,0.5177265192421661,0.7426413755418848,,0.05135698447050244,-0.28880710604886217
52.548,-0.0010023537008356433,98.377,-0.29092650323759833,2,0.49397606655272763,0.7202025525901407,,0.022312050212881678,-0.28901594029518546
52.652,-0.0008769304926347547,98.38,-0.29113476241268704,2,0.4702037917053131,0.6869240989894567,,-0.006755839106255519,-0.2892247168593547
52.756,-0.0018667419310814952,98.38,-0.2913879697757485,2,0.4464075205979149,0.659123753011085,,-0.03584543763989848,-0.2894378774225269
52.86,0.0006264649559690459,98.382,-0.2915630005754826,2,0.4225889811060513,0.6261072041861926,,-0.06495449497329049,-0.2896472724765436
52.964,-7.106397033829095e-06,98.375,-0.29164133032744616,2,0.39875726686549945,0.6342427606647905,,-0.09403190286158288,-0.2898437115170313
53.068,-0.012454070512356415,98.373,-0.29239984792376267,2,0.3748820365628369,0.6539684809036124,,-0.12313200242564745,-0.290095626383228
53.172,-0.011439819273771669,98.386,-0.29375286658966954,2,0.350897006374539,0.6075262163773085,,-0.1523797966035185,-0.29045626013553205
53.276,-0.009328757692820513,98.391,-0.2949433689889606,2,0.326779713090849,0.5419518113762073,,-0.18177934670226925,-0.2908988397660246
53.38,-0.007919768273439461,98.389,-0.2959508287362343,2,0.30254812577553925,0.49498923006507667,,-0.21129446689215595,-0.29139719551560683
53.484,-0.0065635293596954785,98.389,-0.2968144966101856,3,0.2782192398239258,0.45495725324419434,,-0.24090447441014304,-0.29193162102173176
53.588,-0.005780229452348283,98.384,-0.29745637206841186,3,0.25381206561903913,0.44674313179004893,,-0.2705561434245947,-0.29247664549294533
53.692,-0.005148589849953873,98.398,-0.2980246706721315,3,0.22934196236293136,0.37061400743946316,,-0.3003103491160795,-0.2930239824986601
53.796,-0.004675729533761009,98.386,-0.29853553528008475,3,0.2048157426198164,0.3654869055520964,,-0.33009042575163877,-0.2935677075785175
53.9,-0.003577759330596877,98.389,-0.29896471670103136,3,0.18024064048319888,0.3483104469298799,,-0.35990053089950413,-0.2941001169404128
54.004,0.001113865996503655,98.387,-0.29909283915440416,3,0.1556365585451166,0.34548890000658283,,-0.38969718940492487,-0.29459259844438546
54.108,0.01286407770286971,98.402,-0.29836598608203674,3,0.1310636105992221,0.26902260290200364,,-0.4194704053099361,-0.2949647071512454
54.212,0.03364710767890827,98.391,-0.2959474044421842,3,0.10665422525836143,0.2583680613532347,,-0.44899003023651335,-0.2950612760100584
54.316,0.07010755841006475,98.396,-0.2905521618055576,3,0.08265115877987927,0.22589780224168246,,-0.47798745425707223,-0.2946156254024462
54.42,0.11997599916935202,98.408,-0.280667816811428,3,0.059442630858196455,0.13811329722976967,,-0.506078686375361,-0.29323809111095567
54.524,0.1637953856548551,98.396,-0.2659117048005694,3,0.03751540670077291,0.12261130125307744,,-0.5327143705567856,-0.29053965429026674
54.628,0.20552707117494903,98.389,-0.24670693704541974,3,0.01735414829118187,0.14720547160517894,,-0.5574160389923628,-0.28621149130497653
54.836,0.23797644433544718,98.407,-0.20058257143233882,3,-0.01617413865770423,0.05224325764867919,,-0.6065782051206924,-0.27556386948616257
54.94,0.2536063403579637,98.396,-0.17502026662828163,3,-0.02921057527045623,0.06032242470710316,,-0.6233504126782016,-0.26359224542601484
55.044,0.25930941175686545,98.397,-0.14834864751831073,3,-0.03953084783967864,0.06313352193499909,,-0.6374069196678814,-0.2503444668749372
55.148,0.24528674231327297,98.401,-0.12210964750666188,3,-0.0470997682145774,0.04519206040664072,,-0.6488281730321065,-0.23601808296955412
55.252,0.22784829113053295,98.403,-0.0975066257675842,3,-0.05202490345843802,0.02039921372663764,,-0.6577995272518429,-0.22089812982956844
55.356,0.2048162278894914,98.392,-0.07500807077854309,3,-0.05450075671243637,0.058426408273097,,-0.6644804341355511,-0.20526972224361476
55.46,0.1750323350967523,98.396,-0.05525594550325856,3,-0.054779574592689784,0.07257551203517469,,-0.6691751047152668,-0.18944347370093179
55.564,0.146381564902059,98.407,-0.03854242270332052,3,-0.05316217877303164,0.029441276092902622,,-0.6722449920086567,-0.17372023353049712
55.668,0.1197616982908485,98.395,-0.02470297301728945,3,-0.04995602838410329,0.05395330079731874,,-0.6739104290688965,-0.1583492354096448
55.772,0.09408427718943982,98.394,-0.015,3,-0.045525672014602,0.08226761543197918,,-0.6745787964373441,-0.14368365840749298
55.876,0.07096445268648804,98.399,-0.015,3,-0.04059076104820192,0.08307121522310294,,-0.6752440381128779,-0.13060586751349282
55.98,0.05111433594399004,98.401,-0.015,3,-0.03565585008180172,0.07433666671704908,,-0.6759066608537195,-0.11892053699988052
56.084,0.03378484652447963,98.404,-0.015,3,-0.03072093911540119,0.051901540284798285,,-0.6765736306027051,-0.10846241448110631
56.188,0.019255668120834405,98.403,-0.015,3,-0.025786028149000995,0.03751095943305654,,-0.6772329635324514,-0.09909026343557714
56.292,0.0073174695728940985,98.399,-0.015,3,-0.020851117182600798,0.04570446096793509,,-0.6778603381689811,-0.09068231969191816
56.396,-0.002697629222092746,98.405,-0.015,3,-0.015916206216200712,0.023412151158866464,,-0.6784832731523563,-0.08313284702222623
56.5,-0.010406433401133591,98.404,-0.01568141125640775,3,-0.011016728635133699,0.009138992138333196,,-0.6791606563359995,-0.07641725264506675
56.604,-0.01639554317977799,98.41,-0.017075114038615155,3,-0.0062251569840746646,-0.033429876600236545,,-0.6799895083941505,-0.07051817940573163
56.708,-0.021125193492101603,98.393,-0.019026192345552848,3,-0.0016075139496511959,0.015659774949474483,,-0.6809382296453549,-0.06540585756692721
56.812,-0.024338146648699415,98.406,-0.021390286032874503,3,0.0027857401410706917,-0.005243687365447383,,-0.6821149119436747,-0.06104024214302003
56.916,-0.026429598174276037,98.402,-0.024030208763669167,3,0.006918785378050796,-0.003102449093964818,,-0.6835261758462671,-0.05737243966702525
57.02,-0.027064085672828305,98.394,-0.02681188032371877,3,0.010769907711907,0.04025911203114703,,-0.6851487432701513,-0.05434574588752162
57.124,-0.02788998572469256,98.41,-0.014669492036389842,0,0.0151077873155816,-0.0016153148568529097,,-0.6856020299805694,-0.05041857208948897
57.228,-0.027170399653308554,98.404,-0.0026354258284636,0,0.014534649144667622,-0.008507518544151004,,-0.6848665190470796,-0.0456911958326629
57.332,-0.026194704635041813,98.389,-0.005513205003875504,0,0.0144376378994443,0.06215661107252362,,-0.6843256268168981,-0.041717567025652776
57.436,-0.024905203835904735,98.398,-0.00827319399678246,0,0.014047462709468439,0.0803711478623107,,-0.684020062373999,-0.03841077927135632
57.54,-0.023206883629130787,98.401,-0.010877816297381979,0,0.013378327732230244,0.08136123485831454,,-0.6839534851030663,-0.03568903664009423
57.644,-0.02139338779022155,98.404,-0.013299824163606006,0,0.012447807986317283,0.06673287935559873,,-0.6841251022862499,-0.03347611165255846
57.748,-0.019534529479949887,98.395,-0.0005308696140725877,0,0.012055329467936193,0.09914549849686274,,-0.6830110883923313,-0.030220592376646073
57.852,-0.017250020303866177,98.405,-0.0025464599552487144,0,0.012222025888389831,0.07729483787270254,,-0.6820992597137364,-0.02748621778138315
57.956,-0.015550833030221926,98.414,-0.004354898081039102,0,0.01218987282856121,0.011506689720744387,,-0.681412559387178,-0.025200877595662245
58.06,-0.01363744573266426,98.406,-0.005975482329126897,0,0.011979410605290952,-0.0070547491189211,,-0.6808909125330418,-0.023301520505660426
58.164,-0.01155306608241144,98.411,-0.007388182695928558,0,0.011611217582046418,-0.04876410790548163,,-0.6805373370342441,-0.02172941403040941
58.268,-0.00989332069753409,98.402,-0.00860618856090345,0,0.01110622783474946,-0.03992788288125272,,-0.680287800498965,-0.020432933412924074
58.372,-0.00822376177349523,98.406,-0.009651070601814665,0,0.010483567916346526,-0.051482128645770224,,-0.6801457360447727,-0.019367729679624378
58.476,-0.006538724305378822,98.408,-0.010521513630333823,0,0.009761311094333203,-0.07135612388765183,,-0.6801030142486792,-0.01849371404217858
58.58,-0.005155349994320204,98.405,-0.0112323992463359,0,0.008956825182804717,-0.07326798629013068,,-0.6801286050572996,-0.017776226761069762
58.684,-0.0039975390044224715,98.403,-0.01181114322668822,0,0.008085278532265816,-0.06402180389224434,,-0.6802003130088027,-0.01718674721411167
58.788,-0.002801872757916196,98.408,-0.012267506390747529,0,0.0071599063102175675,-0.080386901265909,,-0.6803304032538418,-0.016700552755522867
58.892,-0.001987361200106115,98.397,-0.01261934030898243,0,0.006192507839889894,-0.03860888404260403,,-0.6804562032533331,-0.01629709747800846
58.996,-0.0011518558060978025,98.402,-0.012885373345722734,0,0.0051929802879036036,-0.02580696884045221,,-0.6805964279602215,-0.015959746952325174
59.1,-0.0004707470073035978,98.404,-0.013072542444437285,0,0.004169886224873687,-0.024220803305629562,,-0.6807540465356664,-0.01567418909583204
59.204,6.753049210344335e-05,98.407,-0.01319630345564543,0,0.0031306237961277184,-0.03793004481275348,,-0.6809370769892398,-0.015429053403652596
59.308,0.0004648693759487987,98.402,-0.013271412414924438,0,0.002081020128916422,-0.02475598109277954,,-0.6811166184987607,-0.015215534376446153
59.412,0.001203381121447808,98.402,-0.013287457141477499,0,0.001026676470041732,-0.012721236981579592,,-0.6812882078364646,-0.015024678402176191
59.516,0.0014342401447424776,98.401,-0.013253094588053321,0,-2.6714661835458564e-05,0.0032414585671577687,,-0.6814435916215512,-0.014849269092869008
59.62,0.0018738468412350516,98.405,-0.013183867817200184,0,-0.0010747191488502672,-0.002783356209465295,,-0.6815993503262875,-0.014684346717635244
59.724,0.001936672096599502,98.406,-0.013088514584850497,0,-0.0021141654756985373,-0.013455191643100191,,-0.6817571539354252,-0.014526297789598724
59.828,0.0030826714740261134,98.405,-0.012930302471595712,0,-0.003140426404575458,-0.018071817249420277,,-0.6819054471522797,-0.014368235091348098
59.932,0.0026755715042346808,98.392,-0.012733667589143821,0,-0.004148235289675561,0.04388269259303824,,-0.681980830134257,-0.014206342313137155
60.036,0.0030173638131803394,98.409,-0.01254042870505595,0,-0.005135770738915579,0.013168305558267502,,-0.6820667819075678,-0.014041366307285493
60.14,0.0029270673336206157,98.4,-0.012334112037840073,0,-0.006102529299487847,0.030808621419847353,,-0.6821186959130987,-0.013872302794635428
60.244,0.0025544313272721116,98.409,-0.012151867859891335,0,-0.007049082696111486,0.0007440378108109832,,-0.6821814864701403,-0.013701949263465163
60.348,0.002616732544939561,98.417,-0.011985761090954061,0,-0.007977521843497093,-0.06728430140083716,,-0.6822903493559433,-0.013532040003038877
60.452,0.0024040807623431624,98.412,-0.011827472551393076,0,-0.008889092434840817,-0.10305353460589824,,-0.682417078199881,-0.013363291364246487
60.556,0.002275474905337363,98.403,-0.011686929409091412,0,-0.009785123778727645,-0.08888335298275844,,-0.6825189610921482,-0.013197322756538411
60.66,0.00243145150491368,98.408,-0.011544962988176033,0,-0.010666464625327166,-0.10076507980542038,,-0.6826190019283863,-0.013033728557789717
60.764,0.002341954569869544,98.41,-0.011399539624705024,0,-0.011532861203138678,-0.12105588155273567,,-0.682724255276812,-0.012871936034355762
60.868,0.0022372675163050723,98.403,-0.01126421382864165,0,-0.012384658824654338,-0.10305054196690892,,-0.6828018413594684,-0.012712750431445777
60.972,0.0021830529142037505,98.407,-0.0111371509186729,0,-0.013222812233456338,-0.10645619025934203,,-0.6828715157543229,-0.01255673789596213
61.076,0.00209199180178758,98.411,-0.011017642345859113,0,-0.014048143925153744,-0.12937172952213347,,-0.6829511666475343,-0.012404338024092522
61.18,0.0018935923687050584,98.407,-0.010913185721411173,0,-0.01486182942659342,-0.12911524524804954,,-0.6830218402511355,-0.012256671869513885
61.284,0.0020740656577300613,98.407,-0.010809661256454273,0,-0.015664699911384083,-0.128253247413103,,-0.6830831267131539,-0.012113363873257331
61.388,0.0019960790402152695,98.405,-0.010700807484578828,0,-0.016456526727859466,-0.11674916708584201,,-0.6831252313189712,-0.011973453731581504
61.492,0.0031967669223816825,98.41,-0.010533573246941513,0,-0.017233996967840115,-0.13135613941884702,,-0.6831653494739914,-0.011830851353101888
61.596,0.04147721634249203,98.397,-0.008313319869585778,0,-0.017887317851841167,-0.07802626415855757,,-0.6829446809049364,-0.011483098977132544
61.7,0.038731056662520066,98.412,-0.004245283425742638,0,-0.018213647665139887,-0.10591903827973519,,-0.6823533550748421,-0.010768045272332775
61.804,0.03462065713513632,98.413,-0.0005337880606822443,0,-0.018135441824375653,-0.13612528335320834,,-0.6814257456323716,-0.009757157777062342
61.908,0.02998708800004342,98.412,0.002723020933929385,0,-0.017694884156908453,-0.158008199712506,,-0.6801969825693447,-0.008524534114865517
62.012,0.02580462187731805,98.417,0.005521396095134426,0,-0.016939456913338757,-0.20266426609862356,,-0.678729995104821,-0.007137337271236716
62.116,0.022054280684647515,98.407,0.007907265275938907,0,-0.01591444896398464,-0.1913861663450514,,-0.6770155108994262,-0.005651536112685387
62.22,0.01861203208173185,98.401,0.009919119787372921,0,-0.014660759382634114,-0.1498752082479777,,-0.6750633652438259,-0.004113782527251059
62.324,0.01532298788186406,98.4,0.01158094707306219,0,-0.013216038347833137,-0.10678294700962809,,-0.67290620205227,-0.0025637643602502364
62.428,0.012546616326933446,98.405,0.012927372739501924,0,-0.011614888159521608,-0.09318171295202268,,-0.6706002670626177,-0.0010338435186107028
62.532,0.009851905837621088,98.409,0.013989302139641058,0,-0.009888503507747837,-0.10139622121861551,,-0.6681922342687923,0.000449867401582181
62.636,0.007620679989341583,98.416,0.014795082850225474,0,-0.0080649979302162,-0.14460588096359703,,-0.665737344604151,0.0018666280464060714
62.74,0.005652986927052304,98.405,0.00038251977746021903,0,-0.0069490450355182976,-0.12763243726697954,,-0.6646636595540866,0.0017205302944546664
62.844,0.0041040470383528985,98.41,0.0007870917912435882,0,-0.006561507675887368,-0.13757284725186275,,-0.6635633392111161,0.0016287971519240434
62.948,0.002833500809289484,98.414,0.0010450505269032628,0,-0.006139518717285353,-0.16675188793044726,,-0.6624666472467529,0.0015715786924920944
63.059,0.00155239958105487,98.417,0.0011787554358907854,0,-0.005667389323422589,-0.208732912046674,,-0.6613854293336374,0.0015327176493599298
63.163,0.0008147063182770227,98.41,0.0011990511902383455,0,-0.005217025820805521,-0.2097507872442648,,-0.6603173107387447,0.0014998451462172574
63.267,-0.00013017362141445448,98.411,0.0011318531380574842,0,-0.004769101237675821,-0.215100449668974,,-0.6592634671744395,0.0014636155574757723
63.371,-0.00048600203443112595,98.41,0.0009970182515357945,0,-0.004331682367358591,-0.21416422351236142,,-0.6582251553597969,0.001417641383413089
63.475,-0.0008564817476559911,98.425,0.000824415342449536,0,-0.003910250262412984,-0.289283584130835,,-0.6572704208068629,0.0013591271437105514
63.579,-0.0013047440963308854,98.413,0.0006092378461445558,0,-0.003508982738547717,-0.2949403580711224,,-0.6563444926840978,0.0012851342150481798
63.683,-0.0014421144446763868,98.402,0.0003636074495944469,0,-0.003131677225110985,-0.24285727792345405,,-0.6554017026800821,0.001194214057497558
63.787,-0.0016090229160791456,98.42,0.00010215455441749122,0,-0.00278074004284401,-0.2866912013759194,,-0.6545246038098145,0.0010864524483755816
63.891,-0.0015945203462870334,98.407,-0.00016722344764327768,0,-0.0024574060672334364,-0.2593909758454184,,-0.6536540824540022,0.000962764351559957
63.995,-0.0013744552869231503,98.411,-0.00042440393298794066,0,-0.0021614531329678943,-0.2544225921393042,,-0.652807858817722,0.0008259267342931924
64.203,-0.0011587186416318644,98.41,-0.0008934415263930628,0,-0.0016450739446267626,-0.24569533171759586,,-0.6519340651059009,0.0006123140462907899
64.307,-0.0005910908065166666,98.407,-0.0010872253701145335,0,-0.0014213510651868155,-0.21660293574559075,,-0.6511426971876337,0.000410198481586704
64.411,-0.0005998964606187,98.415,-0.0012519504604232568,0,-0.0012162706503164866,-0.23662326214897625,,-0.6503861762831992,0.00021940476826312377
64.515,-0.0008453196249610772,98.407,-0.0014298954492911464,0,-0.00102900907956327,-0.21001830115031075,,-0.6496271616546765,3.5460216080133146e-05
64.619,-0.00029805204582447154,98.41,-0.0015921445285897035,0,-0.0008594376003546733,-0.20298843496250987,,-0.648880566062824,-0.0001418712130084683
64.723,-6.838418406409296e-06,98.417,-0.0017107925851473776,0,-0.0007044727722106403,-0.23387161482877278,,-0.6481735492965154,-0.00030959745775972476
64.827,5.0943788628916094e-05,98.403,-0.0018112928583135235,0,-0.0005609036572122861,-0.18800544905280925,,-0.647440603475367,-0.0004676501302338845
64.931,0.00012730373525863853,98.405,-0.001904817739489098,0,-0.0004274238502396388,-0.15766773441264983,,-0.646694184424883,-0.0006170020607772426
65.035,0.00023302960044411128,98.408,-0.0019888741584502684,0,-0.000303178270874116,-0.1463615665828038,,-0.6459492849468996,-0.0007581036346554938
65.139,0.00028469863539312386,98.406,-0.002064746042604454,0,-0.00018724896327060314,-0.1264812936503095,,-0.6451981220354868,-0.0008913635929644032
65.243,0.00043520187688649795,98.405,-0.002130104968383631,0,-7.86636577836397e-05,-0.10409737449884278,,-0.6444377135641389,-0.0010168234192874605
65.347,0.000671824574525814,98.416,-0.0021753333453279206,0,2.41711079617124e-05,-0.14071062216558897,,-0.6437147226690805,-0.001133505239859981
65.451,0.0009019848398482262,98.415,-0.0021962890081981545,0,0.0001235643036366918,-0.16920529032990758,,-0.6430199435126204,-0.0012400488491707414
65.555,0.0007163897761144407,98.41,-0.002214927280585824,0,0.00022089861467822214,-0.16974223193307622,,-0.6423301301764527,-0.0013373956390700494
65.659,0.000765878311475903,98.405,-0.002240643092448813,0,0.0003159265133387823,-0.14486943728204768,,-0.6416251938925918,-0.0014272876724634976
65.763,0.0010049258205692502,98.406,-0.002251355030000221,0,0.0004090601690297513,-0.1276767827723275,,-0.640910028765864,-0.0015090626806753722
65.867,0.0007340691080259202,98.407,-0.0022637210461309426,0,0.0005009937711293322,-0.11758584683503995,,-0.640190663132193,-0.0015837669054052906
65.971,0.0008000361819086862,98.405,-0.0022867413234720635,0,0.0005910872859683503,-0.09874464179593904,,-0.6394610514549167,-0.0016532104950415846
66.075,0.001177671162640702,98.405,-0.002286694293973185,0,0.0006799861919195571,-0.08224886081693619,,-0.6387208857491243,-0.0017156617014341257
66.179,0.0010919998583180308,98.406,-0.0022714651533010805,0,0.0007696794587195299,-0.07306178678604547,,-0.637974652799307,-0.0017703419192926445
66.283,0.0010991784606668913,98.417,-0.002260317633131559,0,0.0008607443118834324,-0.12142464249464076,,-0.6372694518218607,-0.0018184717616672394
66.387,0.0009194288419212847,98.419,-0.0022581438058147107,0,0.0009525018751165293,-0.17572028042972876,,-0.6366107589696413,-0.0018616080964213508
66.491,0.0008535776449410624,98.407,-0.002268741220915596,0,0.0010438214117849398,-0.16362798518178406,,-0.6359459107631632,-0.0019014964785107175
66.595,0.001164153964212457,98.41,-0.002266612929657283,0,0.0011347005540135457,-0.16776038114464858,,-0.635286783957294,-0.0019372126312459702
66.699,0.0006526054497088327,98.412,-0.002274935192551092,0,0.0012252576097170342,-0.18148108374839728,,-0.6346420930989585,-0.001970212458279835
66.803,0.0009465408679666244,98.407,-0.0022945733364496818,0,0.0013143607242673827,-0.1681617498281945,,-0.6339911102526378,-0.002001877365994682
66.907,0.0009494090916359464,98.417,-0.0022987776909680763,0,0.001402224028900001,-0.20680262423284618,,-0.6333741149618877,-0.0020308352502401567
67.011,0.00116071252563528,98.413,-0.0022918451192876776,0,0.0014902292008250884,-0.22105141515758106,,-0.6327702765221372,-0.002056246686266217
67.115,0.0011219178158534723,98.402,-0.0022759420939479497,0,0.001579421823795224,-0.17743859430419956,,-0.6321322823825574,-0.0020775569451135082
67.219,0.0011133475738519293,98.405,-0.0022625020461009976,0,0.0016701402865710868,-0.15297257025126723,,-0.6314758242896037,-0.002095423269840641
67.323,0.001177709469756505,98.414,-0.0022461608322510707,0,0.0017624073749550329,-0.1766712201770122,,-0.6308391507669452,-0.0021099179840808483
67.427,0.001150055549317854,98.41,-0.0022279108036769163,0,0.0018564732079452417,-0.17774924358875205,,-0.6302039210996954,-0.00212117826090305
67.531,0.0011806523749365479,98.407,-0.00220950774403339,0,0.0019524450015226957,0.043687172935044094,0.0,-0.6293929243268832,-0.002129428471471981
67.635,0.0011661087482320743,98.413,-0.002190269918046314,0,0.0020503741211529425,0.02620842101433508,0.0,-0.628596806903787,-0.002134970618944211
67.739,0.0011839969143289024,98.406,-0.002170858176010884,0,0.002150313018320249,0.046081540065440664,0.0,-0.6277858120258435,-0.0021380417376575564
67.843,0.001162726504681175,98.412,-0.002151622310640089,0,0.002252261591072724,0.0335279242466942,0.0,-0.6269857037538151,-0.0021389151754300615
67.947,0.0011868528437387897,98.404,-0.0021322379369399236,0,0.0023562184162568833,0.06287939748688022,0.0,-0.6261632366036679,-0.0021377782451132907
68.051,0.0011982542216495743,98.413,-0.0021110061219574844,0,0.0024622872832525955,0.04353378850311449,0.0,-0.6253567906149202,-0.0021346647675688215
68.155,0.0011982454775774627,98.411,-0.0020891818900153902,0,0.0025705950646883746,0.036107086040957824,0.0,-0.624556810881208,-0.002129707150475083
68.259,0.0012302439723115718,98.415,-0.0020656941910388305,0,0.002681259066531938,0.009085816376369842,0.0,-0.6237785202063825,-0.002122930353977634
68.363,0.0012612740049147341,98.406,-0.0020389290086407913,0,0.002794536218206911,0.030618138680378434,0.0,-0.6229832912864379,-0.002114172835229516
68.467,0.0012312048899340835,98.414,-0.002012113858526385,0,0.002910599547172543,0.00954724624460374,0.0,-0.6222046311044892,-0.0021036406677160673
68.571,0.0010010744792812352,98.405,-0.0019988290837449074,0,0.0030287480722327453,0.03644235224397829,0.0,-0.6214061497974287,-0.0020928276560064542
68.675,0.0009849779797857475,98.415,-0.001998348108291151,0,0.0031476124163052344,0.009991589476179142,0.0,-0.6206309447116793,-0.002083044996852171
68.779,0.0010803759159971405,98.423,-0.001993743458128125,0,0.0032667412129098183,-0.05445359160453411,0.0,-0.6199082147948829,-0.002073797494133075
68.883,0.001040364851953048,98.425,-0.001986258690612447,0,0.003386498659233572,-0.12237744510471696,0.0,-0.6192401555617008,-0.0020647491394424162
68.987,0.0010666895760677365,98.415,-0.0019794856127730714,0,0.003506997513515908,-0.13185543213206566,0.0,-0.6185810326032968,-0.0020559293570640218
69.091,0.0010372374187282358,98.407,-0.001972875161461371,0,0.00362819231131406,-0.09845974290802659,0.0,-0.6178974547270011,-0.0020473161224774557
69.195,0.0009665365951168537,98.407,-0.001971472665159152,0,0.0037498037823880948,-0.0672629568318476,0.0,-0.617191747871973,-0.0020394040447658246
69.299,0.000937491465102442,98.416,-0.001975256958445429,0,0.0038712914000189613,-0.08421693564779845,0.0,-0.6165018806211496,-0.0020326534117701555
69.403,0.000981126551992656,98.412,-0.0019782825739741994,0,0.003992424902391489,-0.07869287637006314,0.0,-0.6158103015340188,-0.002026866500227205
69.507,0.0011195398081828057,98.411,-0.0019718416756628193,0,0.004113735999468737,-0.06811041813425207,0.0,-0.6151121903361944,-0.0020210116710865944
69.611,0.0011539993171815967,98.407,-0.0019564113935615773,0,0.004236184397927389,-0.037797272906543014,0.0,-0.6143914579326667,-0.0020142009562297185
69.715,0.0010196711765062976,98.417,-0.0019461742803075222,0,0.004359967500944584,-0.061103565546305506,0.0,-0.6136900542642192,-0.002007060856937624
69.819,0.0010239901796272655,98.411,-0.0019426976422062536,0,0.004484463719032217,-0.05154702221510301,0.0,-0.6129832365640933,-0.002000279481012532
69.923,0.0009930326732662657,98.411,-0.0019406062062735235,0,0.004609249476969612,-0.042746315597118036,0.0,-0.6122717460952544,-0.0019939584491480197
70.027,0.000924014020856899,98.406,-0.0019437135305967884,0,0.004733982408710702,-0.009278433906078219,0.0,-0.6115371722865165,-0.001988556684168458
70.131,0.0009445255267538991,98.417,-0.0019493432265387522,0,0.004858261015397991,-0.0351086331742054,0.0,-0.6108253339988002,-0.001984253904410831
70.235,0.0010611131095530843,98.408,-0.0019478437698685208,0,0.004982324849643116,-0.012812507244073557,0.0,-0.610098600863049,-0.001980220319255624
70.339,0.0009619511397252387,98.405,-0.0019454381813237415,0,0.005106591746239508,0.022458675787997893,0.0,-0.6093470340075808,-0.00197633520711677
70.443,0.0010241559896294642,98.41,-0.001944954363014978,0,0.005231008891992239,0.028512922552001888,0.0,-0.6085932325306621,-0.001972784222932893
70.547,0.0010467710220656839,98.415,-0.0019400599108245348,0,0.005355705707810854,0.008069076710021893,0.0,-0.6078569745184116,-0.001969108480620425
70.651,0.0011284663912903398,98.408,-0.0019297413177477435,0,0.005481193601983403,0.02482342583395901,0.0,-0.6071093410897439,-0.0019647713060260163
70.755,0.001170745389532346,98.409,-0.0019129760575626598,0,0.005608089856525611,0.03454209412656405,0.0,-0.6063550933528132,-0.001959204059489206
70.859,0.0011364136928954955,98.416,-0.0018957975376941577,0,0.005736751187630618,0.0072936005644820955,0.0,-0.6056222573845692,-0.0019525007477792734
71.067,0.0007359011405998065,98.416,-0.001906664299846067,0,0.0059947302726431895,-0.020896519113147483,0.0,-0.6051162850080869,-0.0019463259647052342
71.171,0.0007419393197159014,98.416,-0.0019326103483273266,0,0.006121805548996551,-0.046012160666455484,0.0,-0.6044313686780768,-0.0019442323599009467
71.275,0.0006933962964687372,98.414,-0.0019607666487034825,0,0.006246067503209329,-0.05602872143520739,0.0,-0.6037592276659166,-0.0019456806544203731
71.379,0.0007087499485211032,98.408,-0.0019906487963817082,0,0.006367311458123304,-0.03157423196561254,0.0,-0.6030739383016658,-0.0019502463564155885
71.483,0.0008352531763495008,98.418,-0.002013154386306129,0,0.006485831250681917,-0.06379470639737249,0.0,-0.6024174655149332,-0.001956671149805022
71.587,0.0004769147948222715,98.415,-0.0020477154042229384,0,0.006601383579632802,-0.07599009566767995,0.0,-0.6017758511354337,-0.001965989621153184
71.691,0.001448095565254469,98.413,-0.002050408617916638,0,0.006714998688539864,-0.07596435289286554,0.0,-0.6011365724353616,-0.001974463902978645
71.795,0.0008968578202042989,98.408,-0.0020312647942904577,0,0.006829469229163498,-0.04965091492171363,0.0,-0.6004776838983639,-0.001979943183628218
71.899,0.000896059992414551,98.417,-0.002040826820451966,0,0.006944438023255284,-0.07222911344411599,0.0,-0.5998388226795416,-0.0019857950130995096
72.003,0.0005587360699979989,98.415,-0.0020679711776242227,0,0.0070574980854136715,-0.08199395675742155,0.0,-0.59921209955506,-0.0019937796236672847
72.107,0.0005984749149160572,98.414,-0.002110589958826417,0,0.007166930464376553,-0.08532526139940592,0.0,-0.5985942195547057,-0.0020052312155882076
72.211,0.0007519939854228059,98.413,-0.0021431593284265,0,0.007272453059497641,-0.08286784891609081,0.0,-0.5979798248319843,-0.0020187540340262425
72.315,0.0009274160647026922,98.412,-0.0021586237582376933,0,0.007375477897049509,-0.07523171679958042,0.0,-0.5973633407950115,-0.0020324098488608377
72.419,0.0007202962518829195,98.417,-0.002175736470192993,0,0.007476808723229422,-0.09349575012936023,0.0,-0.5967642110803673,-0.002046370378671003
72.523,0.000753738931613944,98.421,-0.0022018803930688308,0,0.007575890204398195,-0.13002956756942974,0.0,-0.5961968367383093,-0.0020615222498132466
72.627,0.0007664925634845421,98.405,-0.0022256221077414373,0,0.007672377632414462,-0.08118532651484411,0.0,-0.5955975431975403,-0.002077477510856269
72.731,0.0009095933206359477,98.417,-0.0022412593941849163,0,0.0077668173523726125,-0.09769317471872166,0.0,-0.5950140682158139,-0.0020933770778958877
72.835,0.0010557465061797324,98.415,-0.002241855475608165,0,0.007860412937201744,-0.10223225661140845,0.0,-0.5944360118567026,-0.0021077329070369978
72.939,0.0010109055241223361,98.412,-0.0022371833224501675,0,0.007954220477761065,-0.09079882189008831,0.0,-0.5938510363090809,-0.0021201779436413174
73.043,0.00101001922274693,98.412,-0.002234888988030717,0,0.008048390275674389,-0.08024636986776514,0.0,-0.5932600522321638,-0.0021311451700072328
73.147,0.0011769342249562198,98.409,-0.0022239611611678534,0,0.008143247625974404,-0.055315070329266754,0.0,-0.5926516442636353,-0.002139925152644279
73.251,0.001286904057210037,98.42,-0.0021986353229129646,0,0.008239990166860611,-0.08884250341960791,0.0,-0.5920674405346992,-0.002145334828342633
73.355,0.0014726117222857923,98.415,-0.002157934254796892,0,0.008340166106878044,-0.09371831324616559,0.0,-0.5914847689464311,-0.002146180432882974
73.459,0.0012805625138655958,98.419,-0.0021175629469347146,0,0.008444557810446396,-0.11831384481863795,0.0,-0.5909180824763238,-0.0021429579074611974
73.563,0.0012329829892210778,98.416,-0.0020896523331919437,0,0.00855250017393816,-0.1250045150519223,0.0,-0.5903553979861927,-0.0021372982200050846
73.667,0.0013426890144739292,98.406,-0.002058511141417488,0,0.008663513231316866,-0.07977463417164826,0.0,-0.5897584021500508,-0.002129105232576465
73.771,0.0011458992727026072,98.41,-0.0020318983029019994,0,0.008777529498270598,-0.05913768470762253,0.0,-0.5891456173722236,-0.00211908676169636
73.875,0.0003224448720492174,98.414,-0.0020583381597926442,0,0.008891554760268705,-0.06097838182904274,0.0,-0.5885386801242612,-0.0021126741389634854
73.979,0.0024295940123269825,98.411,-0.002018025890222777,0,0.00900630138772629,-0.04759631037574693,0.0,-0.5879199689160565,-0.0021029089587857506
74.083,0.0009380917239168003,98.416,-0.0019456999843558281,0,0.009126905200306568,-0.06116772923194028,0.0,-0.5873059629365539,-0.0020869703392584725
74.187,0.00155081102610441,98.407,-0.0019190707937724316,0,0.009252654677902261,-0.027847501017457362,0.0,-0.5866670146901161,-0.002069965850691946
74.291,0.001361471732028297,98.417,-0.0018704258427672121,0,0.009382318410860568,-0.048902823532875964,0.0,-0.5860404807988683,-0.0020498459246434835
74.395,0.0015142310439364224,98.409,-0.0018236830508347873,0,0.009516942306451615,-0.02752344410442386,0.0,-0.585395738891965,-0.002027090842181281
74.499,0.0014370597857241824,98.41,-0.0017730096801101547,0,0.009656631842500873,-0.013610303904476201,0.0,-0.5847378475801115,-0.002001575420449991
74.603,0.0012567425364926976,98.408,-0.001735725711772565,0,0.009800895160181344,0.008756770799729757,0.0,-0.5840620334880613,-0.0019748914182367624
74.707,0.0010967720419053873,98.415,-0.0017161367061135774,0,0.009948115872509655,-0.007177616736497681,0.0,-0.583397693832088,-0.0019489153298542553
74.811,0.0010354882571420034,98.411,-0.00170805292298086,0,0.01009677556985511,-0.0017407899725451238,0.0,-0.5827305139528949,-0.0019247053416962734
74.915,0.0008330891757273677,98.408,-0.0017136806488893402,0,0.01024556298217616,0.018053648882931175,0.0,-0.5820515286827456,-0.001903435533263091
75.019,0.0008642089346685593,98.415,-0.0017282148995664826,0,0.010393301971714841,-0.0001508351600040366,0.0,-0.5813889573310398,-0.001885708567174452
75.123,0.0009347108608228407,98.415,-0.0017374648226186479,0,0.010539804184219514,-0.017026077248917533,0.0,-0.5807412872211632,-0.0018706521620494114
75.227,0.0008563053685914737,98.414,-0.0017471257311068161,0,0.010685323033484129,-0.027420244988024534,0.0,-0.5801038741188134,-0.0018580407231744366
75.331,0.000897445854193048,98.418,-0.001758724419939739,0,0.010829736383688116,-0.05722371248764384,0.0,-0.579490759492927,-0.001847831098086386
75.435,0.0009049843499243594,98.418,-0.0017677918017433292,0,0.010973075098218987,-0.08404673477387488,0.0,-0.5788994848218736,-0.0018395350402459518
75.539,0.0007104945551389323,98.417,-0.0017865806510977272,0,0.011114965288729461,-0.10285571804264305,0.0,-0.5783252077337155,-0.0018339204968370985
75.643,0.0006964234547372419,98.414,-0.001816214667001867,0,0.011254337490246624,-0.10409508566573092,0.0,-0.5777564273990273,-0.0018317870838266226
75.747,0.0007447642210912596,98.418,-0.0018440666602765055,0,0.01139072041928646,-0.12499696886679995,0.0,-0.5772069603990572,-0.0018326222204873425
75.851,0.0007573234600568285,98.417,-0.0018687518532745223,0,0.011524371414640133,-0.13820990133646438,0.0,-0.5766709851868268,-0.0018358173159569522
75.955,0.0006694742295274929,98.414,-0.0018973521258338483,0,0.011655251565784841,-0.13422285959417204,0.0,-0.5761366531839485,-0.0018415196611792418
76.059,0.0007355275267042486,98.414,-0.001927085786927546,0,0.011783098352379562,-0.12997152344316196,0.0,-0.5756039062786098,-0.0018495935012793614
76.163,0.0009844893890150132,98.419,-0.0019404386597278306,0,0.011908704639211787,-0.1509911184619722,0.0,-0.5750890375239708,-0.0018581965025645806
76.267,0.0017293563267455634,98.416,-0.0019021124349259816,0,0.012035609540348102,-0.15416781588746253,0.0,-0.57457433822868,-0.0018621675238392693
76.371,0.0014862177461508962,98.424,-0.0018376963355531128,0,0.012167857042341579,-0.197110696512001,0.0,-0.5740852689604666,-0.001859402370025734
76.475,0.001499244712103707,98.412,-0.0017852460401415887,0,0.012306181596863808,-0.1741283998125847,0.0,-0.5735763916338694,-0.0018517236736473035
76.579,0.0015835463846017937,98.412,-0.0017277346555305967,0,0.012450224158747192,-0.15259975126815997,0.0,-0.5730482676755266,-0.0018391174124936785
76.683,0.0016189307613718256,98.419,-0.0016639995963576432,0,0.012600571535707372,-0.16822965432744275,0.0,-0.5725264210236888,-0.001821469080272619
76.787,0.0014686530562349229,98.413,-0.0016062389902598145,0,0.012757236687261586,-0.15144154727922482,0.0,-0.5719886129673756,-0.0017998546310803625
76.891,0.0013334722554137813,98.416,-0.0015633222264717639,0,0.012919137062049946,-0.15115134748323839,0.0,-0.571447869623013,-0.0017761371961860777
77.002,0.0015160452564368936,98.406,-0.0015148865672406642,0,0.013097004636926535,-0.09932204859037072,0.0,-0.5708798236238374,-0.0017496395637932958
77.106,0.0013140990090997223,98.419,-0.0014705128178504473,0,0.013268481426960022,-0.11924670596492427,0.0,-0.5703104583243741,-0.001721427261358222
77.21,0.0013359347986889392,98.415,-0.0014355048122631636,0,0.013444086068252425,-0.11684392252804669,0.0,-0.569737475167244,-0.0016925903201445314
77.314,0.0011534318975811907,98.412,-0.0014088514964748222,0,0.01362289709825637,-0.09940385601007166,0.0,-0.5691512123410283,-0.0016640078759245528
77.418,0.0011178618855411126,98.414,-0.0013935379721701363,0,0.013803890403945251,-0.09402634296216418,0.0,-0.5685612195627309,-0.0016367759494092802
77.522,0.001123775241209169,98.411,-0.0013797665939968562,0,0.013986396124562761,-0.07410666153385814,0.0,-0.5679575567449285,-0.0016108990337267116
77.626,0.0008491605255638423,98.403,-0.0013799676865423466,0,0.014169607500033043,-0.015670858068334945,0.0,-0.5673149153160092,-0.0015876060453508607
77.73,0.0008729207342019977,98.412,-0.0013932132134522185,0,0.014352119651291684,-0.009409265806229078,0.0,-0.5666709057170037,-0.0015679443667084387
77.938,0.008535095923779632,98.409,-0.0006203669858575733,0,0.014796142426680148,0.02001244301804838,0.0,-0.5660860750317928,-0.001449450355105548
78.042,0.01172776372786387,98.421,0.00033050796361015766,1,0.0151077873155816,-0.033020967431071226,0.0,-0.5652768755937251,-0.001236781286574537
78.146,0.011234344268709555,98.416,0.001524537579431981,1,0.015204249683819837,-0.050473138328387325,,-0.5643578445173085,-0.00091857380714424
78.25,0.015159867521790063,98.406,0.0028970365925379132,1,0.01543417154076232,-0.01096270865453676,,-0.5632725211990512,-0.0004914714276958082
78.354,0.025669514794381662,98.416,0.005020164472978858,1,0.015845865996169217,-0.030543447151980145,,-0.5619850135512012,0.00011104515531237985
78.458,0.03652361682470029,98.41,0.008254207317171067,1,0.016536133329256963,-0.016327545416857586,,-0.5603591324187311,0.0009843165933220363
78.562,0.04683036181770435,98.408,0.012588614206576074,1,0.017619960048491756,0.006426516276944049,,-0.5582785134072134,0.0022095619077726614
78.77,0.09341811290830417,98.415,0.02717445557808086,1,0.021755319306096088,-0.009042266548543955,,-0.5542413848310687,0.005443868778630278
78.874,0.12356204323089101,98.412,0.03845742369731893,1,0.025168177028416894,-0.009758478241141202,,-0.5492536963868653,0.009507545902865538
78.978,0.08930906659486038,98.408,0.04952672140825792,1,0.02974335257390681,0.012034297489175207,,-0.5431158918224636,0.014233577247707156
79.082,0.09222875701593707,98.411,0.05896668823601932,1,0.03538500987540916,0.013990933489109484,,-0.5360321611475027,0.019341693274979747
79.186,0.10871333726931592,98.411,0.06941567713885383,1,0.042060892874903444,0.015397509192842912,,-0.5279008550500752,0.02490578465211568
79.29,0.1037622516706276,98.413,0.0804644077637308,1,0.049854657289837734,0.005764874372156222,,-0.5186720833120096,0.030944016044894523
79.394,0.09527397442552599,98.408,0.09081429152073071,1,0.058761149652629685,0.02315427161514041,,-0.5084060642345732,0.0373347810610921
79.498,0.1003194217827123,98.403,0.10098514812355902,1,0.06873472051413265,0.06419508809220692,,-0.49710762624892285,0.04403042723261131
79.602,0.10708385726131506,98.406,0.11177011863384835,1,0.07979799438551771,0.08490605075888705,,-0.48472787139887935,0.05107208144160186
79.706,0.09989664179836899,98.413,0.12253310458495185,1,0.0919817619928952,0.06688418482814146,,-0.47129623180994373,0.058429190141534235
79.81,0.0931716479917615,98.41,0.13257265565403858,1,0.1052472615253226,0.06535265965095591,,-0.4568757219334378,0.06600281896085093
79.914,0.09236080543913466,98.401,0.1422203432324451,1,0.11953649746741968,0.10935441647910431,,-0.4414744131292084,0.07373886349674978
80.122,0.08855602349119046,98.405,0.16103569344119878,1,0.15107512528147837,0.1370959264015631,,-0.4156488647516546,0.08477826262113244
80.226,0.08120120103095085,98.406,0.16986306911635007,1,0.16828186093447073,0.1460700754259705,,-0.396729504614785,0.0950484844194316
80.33,0.07442018978031809,98.403,0.17795538143853595,1,0.18636842036332468,0.1699613129149485,,-0.3770899237675645,0.10468521287081929
80.434,0.06625986592105626,98.411,0.1852707443350074,1,0.20525617890354875,0.1460641643505627,,-0.3568245662147233,0.11376962680051338
80.538,0.05762765043648436,98.404,0.19171289518559947,1,0.2248593281586202,0.16228323771536574,,-0.33598205511629875,0.12234042282027786
80.642,0.04867437128145356,98.4,0.19724060031493218,1,0.2450849099246477,0.19707100815031228,,-0.3146317867579855,0.1304119573059555
80.746,0.043223111576605376,98.405,0.2020192694235512,1,0.26584642315104867,0.20091661953363185,,-0.2928602773775897,0.13800308331985714
80.85,0.035812845071518565,98.403,0.20612913916925363,1,0.2870701403978744,0.21385479525004925,,-0.27072006732644566,0.1451295473362023
80.954,0.026976863321315145,98.401,0.20939420400568093,1,0.3086773542429708,0.2348431722092236,,-0.24828376717463269,0.15177968915069498
81.058,0.019523548347588925,98.404,0.21181222541246425,1,0.33058008857271726,0.2373378814103651,,-0.22564261677723682,0.15793748096954094
81.162,0.013343368827530186,98.4,0.21352130510557044,1,0.3526974321596549,0.2590611431887018,,-0.20284911348826717,0.16359835869676473
81.266,0.0077973773091562955,98.397,0.21462062390467812,1,0.3749608124681876,0.29292844742803725,,-0.17995118297168788,0.16876460659336787
81.37,0.0037594243519495224,98.399,0.21522157759105565,1,0.3973126069459655,0.3121386658926715,,-0.15700409389562112,0.17344648115439165
81.474,-0.0010377511884477348,98.412,0.21536310459555774,1,0.4197030104196693,0.26203957158942454,,-0.1340962085285437,0.17765462881589744
81.578,-0.005130557965201943,98.402,0.21504235251956794,1,0.44208409418965566,0.2667165736545366,,-0.11123429869265833,0.18139646262158118
81.682,-0.007607634121811672,98.399,0.21437996653104324,2,0.4644140547802873,0.2854975389471402,,-0.08844075035519991,0.1846892097628455
81.786,-0.010208335296204131,98.403,0.2146690813745919,2,0.4867246052713802,0.28138576312398983,,-0.06563362245047064,0.1876759784565116
81.89,-0.011857045909305986,98.396,0.21473722680519086,2,0.5090537332967286,0.31254899856751484,,-0.04281048787952711,0.1903675134725553
81.994,-0.011486992307510348,98.39,0.21473888207120195,2,0.5313864909583009,0.3704891880832599,,-0.01995956384665589,0.1927882703890364
82.098,-0.012499649052720595,98.397,0.2147071219737554,2,0.5537176831686386,0.3860900662340975,,0.0028882747263998163,0.19496305780562098
82.202,-0.013319130885209009,98.391,0.21458009067026856,2,0.5760406182261276,0.42944224313454277,,0.025742081882480457,0.19690776046242975
82.306,-0.012622702494284273,98.393,0.21444666058782041,2,0.5983500092915481,0.45699171737475514,,0.048590811209255444,0.1986452253525653
82.41,-0.012035745776151843,98.389,0.21437996653104324,3,0.6206489939017289,0.500624739467327,,0.07145151492241963,0.2002030868289893
82.514,-0.012030125998582558,98.39,0.21312854119875707,3,0.6428794363036783,0.5331920274429668,,0.09419964731451075,0.20148226048598133
82.618,-0.01138273226403899,98.39,0.21191107256910074,3,0.6649814962196068,0.5606933384179691,,0.1168347067246466,0.20251402186036244
82.722,-0.010352064013386751,98.385,0.21078086316267464,3,0.6869614768776588,0.6089828409662873,,0.13937832584376594,0.20333171678999315
82.826,-0.009679186176640837,98.388,0.20973923815279322,3,0.7088285221460631,0.6352177950159481,,0.1618241838939879,0.2039654232035076
82.93,-0.021482695388512982,98.385,0.208118820311405,3,0.7305571411862042,0.6719390458377915,,0.18412161941230795,0.20437624613945285
83.034,-0.03310147159532057,98.392,0.20528044362824566,3,0.7520539029110659,0.667221718894279,,0.20612310073075307,0.20446595291509428
83.138,-0.04791993686646455,98.386,0.20106733038823288,3,0.7731839871599225,0.6912801839877283,,0.22771121632533192,0.2041305674926711
83.242,-0.06990865004897734,98.386,0.19494024386862996,3,0.7937763810212792,0.7109535580269964,,0.2486935679087303,0.20322311429039994
83.346,-0.10025031630660736,98.382,0.18609197761813961,3,0.8135900565385912,0.7470204261912555,,0.26881149715251806,0.2015314265721011
83.45,-0.1335025304484582,98.39,0.17393682958687628,3,0.8323115545132518,0.7368425153347128,,0.2877073736069247,0.19880644221567573
83.554,-0.16801646412173857,98.386,0.15825784186922615,3,0.8495856774289691,0.7460018813454387,,0.305043903232082,0.19480230878515647
83.658,-0.20401825938627582,98.383,0.13891203624680953,3,0.8650385110910027,0.7677484855176047,,0.3204642772305285,0.18928333608157522
83.762,-0.22825369239149781,98.387,0.11643389475436548,3,0.8783164995030638,0.765322315923636,,0.3336391710813761,0.18208987311241495
83.866,-0.24463476768571574,98.378,0.09184369483035057,3,0.889146934161469,0.8072780374424879,,0.3443827313604332,0.17317879551885815
83.97,-0.25949964726663555,98.386,0.0656287052528285,3,0.8973354989657941,0.8028163339066884,,0.35249787520402387,0.16255929953804296
84.074,-0.2513886135358132,98.386,0.03906251569110138,3,0.9027794424548785,0.797135848240908,,0.35794142256273925,0.15036542795735094
84.178,-0.23678274718543724,98.387,0.015,3,0.9055906932708158,0.785483453295889,,0.3609470816854931,0.13699985624919855
84.282,-0.2169075620317525,98.391,0.015,3,0.9071506932708158,0.7534104468374396,,0.3638500869275534,0.12495415068401453
84.386,-0.19573758183494835,98.386,0.015,3,0.9087106932708157,0.7489548219910682,,0.36667559098317004,0.11409793651770833
84.49,-0.17557959954953645,98.387,0.015,3,0.9102706932708157,0.7392006751819477,,0.36942693695375534,0.1043137183987005
84.594,-0.15568817739908983,98.386,0.015,3,0.9118306932708157,0.7349548284165124,,0.3721138157352587,0.09549561950339808
84.698,-0.12473179025848279,98.384,0.015,3,0.9133906932708157,0.7408822270332707,,0.3747483403304832,0.08754822841820087
84.802,-0.09715004098501444,98.387,0.015,3,0.9149506932708159,0.7306172232741668,,0.37732525733344957,0.08038555185857077
84.906,-0.07313889426520417,98.379,0.015,3,0.9165106932708158,0.7617358759626575,,0.37987561860100993,0.07393011323470802
85.01,-0.05233331980440474,98.386,0.015,3,0.9180706932708158,0.7538502962663095,,0.3823787225267583,0.06811206024971504
85.114,-0.034155791463976376,98.377,0.015,3,0.9196306932708158,0.792076885683719,,0.38486774788742756,0.0628684711044692
85.218,-0.019475273739155054,98.372,0.015,3,0.9211906932708158,0.8514968983228511,,0.38735954207601764,0.05814262950685892
85.322,-0.006708962803325015,98.391,0.015,3,0.9227506932708158,0.8076434793372246,,0.38979157481381904,0.0538833753409751
85.426,0.003406690637485623,98.381,0.015,3,0.9243106932708158,0.818016344973421,,0.39220117144807953,0.05004465793838175
85.53,0.011306097975220085,98.387,0.015765065007860665,3,0.9259104766512245,0.7962027009124745,,0.39464525231670383,0.04666047970621832
85.634,0.017307975317108912,98.387,0.01725299681906177,3,0.9276274158662244,0.7759687190576153,,0.39719823676953425,0.043757332186327144
85.738,0.022111056648605854,98.377,0.019302786481278908,3,0.9295283165978422,0.8082726433562452,,0.3999511221245861,0.04134321330663985
85.842,0.0255080831917812,98.383,0.02177898175297903,3,0.9316645685460235,0.8065999619105791,,0.40292696222572194,0.03941192671642934
85.946,0.027058688874262955,98.39,0.02451245390041333,3,0.9340717232,0.7690903399988728,,0.40613116597660726,0.03794118894903992
86.05,0.02862479845545209,98.384,0.0274079952415585,3,0.9367715865553825,0.7655038492022975,,0.4096037047517808,0.036901542064047034
86.154,0.028748105566040013,98.384,0.015391386250676042,0,0.9389971543929787,0.7622644869409846,,0.4118908366775919,0.03477811224593114
86.362,0.031940034455357244,98.384,0.006865921360378183,0,0.9415970984085769,0.7585555120834174,,0.4166712698443371,0.03130784476173576
86.466,0.02894393195108378,98.379,0.010113371887251518,0,0.942622613669478,0.7847707388352301,,0.4182316437557096,0.02878469663342223
86.57,0.02660601174274515,98.386,0.013083453233069073,0,0.943971440587759,0.7677836455727648,,0.42011525053179577,0.026980176208129366
86.778,0.02559693061132274,98.387,0.003675527785369337,0,0.9459995586377253,0.7443405536982302,,0.4235635106774422,0.023797080393492744
86.882,0.021753966553884563,98.377,0.006219258711698539,0,0.9466566795475972,0.7858608893273665,,0.42459758724945457,0.021539092142477206
86.986,0.018160861945876315,98.381,0.008376314067424506,0,0.9475582413441359,0.7970325297907113,,0.4259260797059106,0.019930138446341
87.09,0.015866668506052114,98.386,0.010227229924663211,0,0.9486682176437488,0.7783645087068658,,0.4274746861361373,0.018790896995473795
87.194,0.013413793931779747,98.381,0.011831298245168903,0,0.9499578531206043,0.7895194450761949,,0.4292210297009103,0.018000061883105243
87.298,0.011164862001096516,98.389,0.013190872627416889,0,0.9514015980180032,0.7564495527876975,,0.4311019725978953,0.017467948760061223
87.402,0.009037969128322308,98.385,0.0143229041198851,0,0.9529749064208871,0.7484395341210252,,0.43310281854333177,0.017127476325223618
87.506,0.007682668433615076,98.372,0.00027386154684426456,0,0.9538765302475815,0.8090020720532423,,0.4336584587399938,0.015333138066457095
87.61,0.006086047817587215,98.378,0.0010713190656451849,0,0.9540890716514552,0.8319326096579153,,0.4343258774285169,0.013836182423887221
87.714,0.004094996087023709,98.374,0.0016822176224233903,0,0.9543748475712591,0.8725352368490378,,0.4350912518794822,0.012575155714067839
87.818,0.0032983069312753476,98.378,0.0021481536531133966,0,0.9547166188896113,0.8879365892737983,,0.4359201860832609,0.011503448211410465
87.922,0.0019253577031516536,98.374,0.002501268487842004,0,0.9551009808529654,0.92136168294946,,0.43680953414534746,0.010585261484791157
88.026,0.0014460126388261333,98.373,0.002758064019363307,0,0.9555170581553644,0.9556310446537147,,0.43774800747837844,0.009791899497687728
88.13,-5.496663451192915e-05,98.383,0.0029118826853260366,0,0.9559544873960325,0.9344981627909748,,0.43868956569652623,0.009098075117054395
88.234,-0.00014832249851197128,98.38,0.0029827959241472274,0,0.9564036026957494,0.9296016819891461,,0.439634909397324,0.008483922316255929
88.338,-0.000802577233083341,98.39,0.0030148334118427073,0,0.9568580714332452,0.8733895134134011,,0.44054792722138864,0.00793650133148764
88.442,-0.001461861871767754,98.375,0.002978566852128925,0,0.9573123202589962,0.8984342114232983,,0.44147129972460636,0.007441619765196213
88.546,-0.0018976202726035964,98.377,0.002885358054360007,0,0.9577598363661579,0.9105528277991276,,0.4423910129320629,0.006987858327967344
88.65,-0.00193357450679423,98.381,0.002767620199569762,0,0.9581963832473865,0.900675797015432,,0.4432908986438944,0.006568330302263907
88.754,-0.0023768745025826354,98.383,0.0026249611248205934,0,0.9586193894882792,0.8811058269194365,,0.444162412672461,0.006176906391690614
88.858,-0.0025807497691167007,98.384,0.002448648936430667,0,0.9590258092234886,0.8580862749026148,,0.4450000367067084,0.005807278258076528
88.962,-0.0022824152865468833,98.374,0.0022772486272746445,0,0.9594141479088256,0.8882179199634015,,0.4458366975018145,0.0054576645966670344
89.066,-0.0023357000683220026,98.383,0.0021185909025599053,0,0.9597853235764013,0.8695011056079808,,0.4466437675692755,0.005127230302821824
89.17,-0.0028094305280952107,98.382,0.0019325283852846403,0,0.9601385737913936,0.8575825772208864,,0.4474226898945423,0.004811291379690701
89.274,-0.0026101888684975333,98.376,0.0017321924504002245,0,0.9604717312868735,0.8774408886961117,,0.44819140088773785,0.004506959209740804
89.378,-0.0023989255533821774,98.388,0.0015532027742008875,0,0.9607851638505771,0.83425803402761,,0.44891365561633195,0.004215134177286768
89.482,-0.0027235194624844715,98.377,0.0013683199071142654,0,0.9610796750420297,0.8513832128724792,,0.44962558251497314,0.003933987044231124
89.586,-0.002680460734484462,98.381,0.0011687972106103478,0,0.9613541971441758,0.8467017649578124,,0.45031249255077366,0.0036609829401252005
89.69,-0.01480183776101092,98.379,0.0003412019625830126,0,0.9615753091132062,0.8527803362328266,,0.4509190127958694,0.0033332324231724842
89.794,-0.02985727412252573,98.384,-0.001899587581622439,0,0.9616368650730405,0.8329100517397234,,0.45129007303077595,0.0028165071501586674
89.898,-0.04788128708057169,98.381,-0.005860508490445046,0,0.9613759320893173,0.8304235728874302,,0.4512663035176597,0.001959587574998062
90.002,-0.042273019452577845,98.384,-0.010467048156430334,0,0.9606694911557041,0.8131272687088413,,0.45077406041190776,0.0007323645361302579
90.106,-0.03714557970758414,98.386,-0.014515331039020293,0,0.959512999449565,0.7876436005039742,,0.4498619035831074,-0.0007733950940884113
90.21,-0.032251244583169185,98.385,-0.0030424816284010114,0,0.9587425852028834,0.770176373494818,,0.4500581020979363,-0.0009972008172164655
90.314,-0.027746321218331402,98.385,-0.006080870776340591,0,0.9584107628898612,0.7550073194753549,,0.4499448238824426,-0.0014989647607247267
90.418,-0.02349008751427048,98.382,-0.008663679756697767,0,0.9577866382741674,0.757247686757313,,0.4495760767408165,-0.00220621422313616
90.522,-0.0196306526238583,98.376,-0.010824473970141996,0,0.9569158462923961,0.7904902507358473,,0.44901095380178757,-0.003056959639372049
90.626,-0.01613234117645231,98.387,-0.01260266537401969,0,0.955840227058524,0.7650104809218748,,0.4482510585048853,-0.003999267518055051
90.73,-0.012959759194168209,98.383,-0.01403397031955353,0,0.9545977140144826,0.7627001959612982,,0.44734391047210953,-0.004989835501259353
90.841,-0.010204744483217959,98.371,-0.00023263148148520985,0,0.9539581071658201,0.8225554261362047,,0.4477869502023821,-0.00451397017575137
90.945,-0.007706803845047031,98.379,-0.0010825477208165762,0,0.9540323098593247,0.8357935733591313,,0.44819020666817116,-0.0041714255577220355
91.049,-0.005918686987544031,98.384,-0.001709588970372919,0,0.9540297107634073,0.8218907717915422,,0.448524009590428,-0.003926047031531961
91.153,-0.004060727587379049,98.382,-0.0021470342545305138,0,0.9539717583677365,0.8194345206142355,,0.44881350882012006,-0.0037489112264650227
91.257,-0.00244705489286426,98.393,-0.0024039546697647435,0,0.9538776989556975,0.761013650251822,,0.44904287319311664,-0.0036151044029632405
91.361,-0.0010923472190418355,98.38,-0.0025065193058454033,0,0.9537649463209901,0.7748614278545187,,0.44927019795714285,-0.0035048679035637868
91.465,-0.00047156475806095185,98.378,-0.002506358454916327,0,0.9536468686894548,0.7979098517689898,,0.44951091163699086,-0.003405620478114448
91.569,0.000547208496424425,98.391,-0.002420940706782962,0,0.9535332411450708,0.7526667394895118,,0.44973276333764656,-0.0033078253406368624
91.673,0.0010477845996793122,98.383,-0.002256516792047178,0,0.953432605367156,0.7527918810171408,,0.44997048362289105,-0.003203489506290607
91.777,0.001581383150897937,98.384,-0.0020383157952787306,0,0.9533518660846394,0.7482463101477332,,0.450226611165356,-0.0030879378785098085
91.881,0.0017861113567430465,98.369,-0.0017817218071429636,0,0.9532958161413377,0.8208638628978095,,0.450550609149663,-0.0029584544045134684
91.985,0.0018614701531312686,98.388,-0.0015105632948910624,0,0.9532672093280563,0.7898626502962575,,0.45088260814767345,-0.0028150146203923965
92.089,0.0017620487296722024,98.378,-0.0012406560392468208,0,0.9532667379347055,0.8126129639457159,,0.45125433497569384,-0.002659101536352551
92.193,0.002044389621313122,98.389,-0.0009612369712571761,0,0.9532948315101836,0.7771287628940506,,0.4516324078801123,-0.002491027412806605
92.297,0.002039085469616922,98.384,-0.0006674119927903704,0,0.9533527337760774,0.7704795105208432,,0.45203534568142867,-0.002310558159158205
92.401,0.001451529031124926,98.386,-0.00040441576501333565,0,0.953439590744696,0.7544816781812175,,0.4524547041362326,-0.0021219653311310826
92.505,0.001449164014158563,98.383,-0.00017209545292014294,0,0.9535522041733877,0.7555372388326639,,0.4528975688143543,-0.0019290725841974163
92.609,0.0014445601931604509,98.373,5.986247959884061e-05,0,0.9536889600707994,0.8076620020384835,,0.45339389044098954,-0.001732318946220632
92.713,0.0009082654018472792,98.391,0.0002636936842776577,0,0.9538483770033452,0.7632390337562485,,0.4538842301465248,-0.0015348961406852389
92.817,0.0008664264903239568,98.388,0.0004374619364089921,0,0.9540274291076453,0.7383547372660556,,0.4543771736225371,-0.0013398295995404453
92.921,0.000512893712922264,98.392,0.0005906708607162497,0,0.9542234840251201,0.6958458362555142,,0.4548604311385354,-0.0011489210363982286
93.025,0.00033210288668829367,98.388,0.0007160949576344305,0,0.9544340278596988,0.6783488586002727,,0.4553459540869351,-0.0009644925117983003
93.129,0.00016483122893545528,98.376,0.0008234198053853198,0,0.9546566746394001,0.7243617633547103,,0.45586903233872744,-0.0007876666206817865
93.233,-7.883543427764469e-05,98.382,0.0009093758604459407,0,0.9548893720260476,0.7359560435608461,,0.4564073723215721,-0.0006198137935966727
93.337,-0.0001910663512869792,98.379,0.0009768252413350081,0,0.9551300464953646,0.7619776884613735,,0.45696748889320077,-0.00046186900867319466
93.441,-0.0003774224611696348,98.382,0.001028748096825724,0,0.9553769283209732,0.7702596483334354,,0.45753743391907686,-0.0003143925503437087
93.649,-0.0005868778297648633,98.384,0.0010914294140454278,0,0.9558826108061524,0.7678742175171159,,0.45809309838243967,-0.00013926263766987843
93.753,-0.0011393712626196297,98.381,0.0010831487349798469,0,0.9561382808819261,0.7819525256867011,,0.45868582328330115,6.611863046193698e-06
93.857,-0.0015150800428237144,98.38,0.0010266015408352397,0,0.9563905799082928,0.7994353611483049,,0.4592803310933467,0.00012419125217773424
93.961,-0.0014501557260392464,98.386,0.0009538935545928134,0,0.9566361576652794,0.7814557321130038,,0.45985483465316646,0.00021720272909611229
94.065,-0.001391241958736033,98.386,0.0008876251487229397,0,0.9568745086498762,0.7656631046497163,,0.46041167324314675,0.00029069499828857917
94.169,-0.0014540944174643042,98.372,0.0008211519308989473,0,0.9571059570700409,0.8257745732184121,,0.46099498933906463,0.00034784964002671393
94.273,-0.0015415666342943665,98.371,0.000746861829945919,0,0.9573300857976291,0.8838638585376005,,0.4616028862857471,0.00039029474278857133
94.377,-0.0013182460309732601,98.386,0.00067963584509044,0,0.9575468556887553,0.8571373690876568,,0.4621872047488707,0.0004207806773873292
94.481,-0.0015399459978939303,98.387,0.0006124941333277983,0,0.9577566384596574,0.8274345829186659,,0.4627463923625668,0.000440880679289858
94.585,-0.0018219857432431694,98.389,0.0005191579565271137,0,0.9579580763803541,0.790160211927788,,0.46327356411096177,0.00044919849118340405
94.689,-0.00173804960938812,98.372,0.0004155203919287559,0,0.9581492716664982,0.8433620686721691,,0.46381982963060814,0.0004461042848367151
94.793,-0.0016279870829304312,98.385,0.000321970757666587,0,0.9583302132183015,0.8248027073172336,,0.4643449448334149,0.00043387743961295465
94.897,-0.001796545756647638,98.385,0.00022537932374698533,0,0.9585012674345593,0.8077599130564743,,0.4648495395964859,0.0004132083547823072
95.001,-0.001751106893819593,98.382,0.00012238565966112003,0,0.9586619432257208,0.8075053588449276,,0.46534264416510124,0.00038435805014975296
95.105,-0.0016629910315970591,98.377,2.633684127791025e-05,0,0.958812268807794,0.8326893983823395,,0.4658395265507139,0.00034888201111320634
95.209,-0.0016803937001715614,98.386,-6.603489103561289e-05,0,0.958952796521231,0.8094993740552451,,0.4663128496144121,0.00030780563586164965
95.313,-0.0015532494521084544,98.384,-0.00015270006121574642,0,0.9590840143157382,0.7985737753823632,,0.4667702296958227,0.0002622649864557086
95.417,-0.0015490368085291837,98.378,-0.00023253467303045727,0,0.9592065741215817,0.8192740913053481,,0.4672304076166603,0.0002133936540274121
95.521,-0.0015107180268144674,98.387,-0.00031015765072990586,0,0.9593209461327705,0.7921439544111829,,0.46766629741975474,0.00016171940979979433
95.625,-0.0015067365255653005,98.372,-0.00038558101371523323,0,0.9594273597342438,0.8439806035871127,,0.46812312293383695,0.0001077616315735785
95.729,-0.001407589390418453,98.38,-0.00045564168760793555,0,0.9595262081657993,0.8500079219608377,,0.46857525901809993,5.225500530214329e-05
95.833,-0.001572153619846917,98.37,-0.000529104050403309,0,0.959617593399447,0.905982764277408,,0.46905073190160995,-4.971948735058483e-06
95.937,-0.0014970306872903578,98.377,-0.0006072173606360559,0,0.9597010966980972,0.9203382520663993,,0.4695253536408832,-6.422970369717777e-05
96.041,-0.0014692532749296073,98.393,-0.0006799798529330409,0,0.959776754455016,0.8510268060090416,,0.4699521866410752,-0.00012482275580293306
96.145,-0.0014616874628498578,98.382,-0.0007509044975591433,0,0.9598449404808147,0.8438746621757209,,0.4703667402062686,-0.00018641852081197375
96.249,-0.0014939366534934377,98.383,-0.0008231126778705383,0,0.9599056835997166,0.8322080613542142,2.6040837612546253,0.4707663452463699,-0.0002490499281746462
96.353,-0.0015084902193716,98.377,-0.0008977546015210697,0,0.9599587905132126,0.8522066255432373,2.6040837612546253,0.4711686770414605,-0.0003128464876664887
96.457,-0.0016115960115427725,98.371,-0.0009785148117901904,0,0.9600038165157447,0.9007289388583297,2.6040837612546253,0.4715891978421168,-0.0003782896012309451
96.561,-0.0016489868634802659,98.374,-0.001066580847552942,0,0.9600400635534833,0.9289358421762209,2.6040837612546253,0.4720156403064513,-0.0004459476436184088
96.665,-0.0015635348967902476,98.376,-0.001152147705348619,0,0.9600672816807567,0.9435801235983585,2.6040837612546253,0.4724405522208729,-0.0005153612442088577
96.769,-0.0016486846002682681,98.381,-0.0012376988454572274,0,0.9600856016721391,0.9305986217930172,2.6040837612546253,0.47284835825170346,-0.0005863667676164183
96.873,-0.0014439412293745727,98.381,-0.0013170311148602148,0,0.960095347726227,0.9181646073874636,2.6040837612546253,0.47323999734227,-0.0006581936220883947
96.977,-0.0014905920561658482,98.386,-0.0013881425719698554,0,0.960097270706536,0.8809486823106245,2.6040837612546253,0.4736023825964091,-0.000729958808470059
97.081,-0.0015896731362048716,98.374,-0.0014668320882347125,0,0.9600914040362298,0.9081320119062947,2.6040837612546253,0.47397096964294044,-0.0008023942599333166
97.185,-0.0015448318398877763,98.382,-0.0015483420732530923,0,0.9600772069918568,0.8917902065757919,2.6040837612546253,0.474321043318633,-0.0008757288443878603
97.289,-0.0014861732267690822,98.378,-0.0016244700629808179,0,0.9600548127727969,0.8971917299605121,2.6040837612546253,0.47466533338996997,-0.0009493349355546216
97.393,-0.0015875534649744318,98.377,-0.0017028195772130633,0,0.9600243857235311,0.9070122752724153,2.6040837612546253,0.4750060875215658,-0.0010234039651527069
97.497,-0.0015344930182319945,98.38,-0.0017836817206013794,0,0.9599856796680691,0.9004367091493435,2.6040837612546253,0.4753338856244232,-0.0010981446722971916
97.601,-0.0015433848813971207,98.382,-0.0018622470976436684,0,0.9599386833815448,0.8841017719780552,2.6040837612546253,0.47564352050979974,-0.0011732677967973267
97.705,-0.001474316516554549,98.374,-0.0019376832965987273,0,0.9598836790130685,0.9099848083665714,2.6040837612546253,0.4759588668273199,-0.0012484115123327622
97.809,-0.0014126554665947772,98.373,-0.002006321565984029,0,0.9598211827722385,0.9383440232414823,2.6040837612546253,0.4762819288737838,-0.0013229019045693925
97.913,-0.00136413801253684,98.383,-0.0020692305531604532,0,0.9597518460740673,0.912753399878374,2.6040837612546253,0.47658321396868547,-0.001396257593940175
98.017,-0.0013668837750595683,98.387,-0.002129759412377072,0,0.9596760906078836,0.8689930221477867,2.6040837612546253,0.47685291526428497,-0.0014683623601665162
98.121,-0.0015447523674786377,98.387,-0.002199680218050601,0,0.9595935517591258,0.829490647766204,2.6040837612546253,0.4770925674490063,-0.0015402655900065225
98.225,-0.00155389474234168,98.376,-0.0022793255940228158,0,0.9595032354689222,0.8501547870878561,2.6040837612546253,0.47733466248759576,-0.001612925554124741
98.329,-0.0015991381504656507,98.382,-0.0023617990307103626,0,0.9594044890004605,0.8387170053248068,2.6040837612546253,0.4775611044775925,-0.0016865584932804463
98.433,-0.0016758097672083605,98.378,-0.0024506120486910005,0,0.9592968356363559,0.8491078945808533,2.6040837612546253,0.47778337458745124,-0.0017616863902584624
98.537,-0.001816528361082848,98.373,-0.002550729357623724,0,0.9591793578952519,0.8842314525300791,2.6040837612546253,0.478014020041374,-0.0018392688151830118
98.641,-0.0016186857702209228,98.372,-0.0026478762187130828,0,0.9590516224173067,0.9211282120085038,2.6040837612546253,0.47825424227352364,-0.0019187695386795355
98.745,-0.0014718021116600208,98.386,-0.0027270973148324634,0,0.9589147158055866,0.8830093251190028,2.6040837612546253,0.47846433944385625,-0.001998256568639021
98.849,-0.0015404482673331437,98.379,-0.0028022500608016615,0,0.958769781754078,0.8839862865017463,2.6040837612546253,0.4786663306695832,-0.0020773153921666756
98.953,-0.0015054031266423596,98.377,-0.0028791500595499314,0,0.9586169409598441,0.8950099017575038,2.6040837612546253,0.47886558386296446,-0.0021561571718827256
99.057,-0.0014252395630149984,98.387,-0.0029500592056736635,0,0.9584564140900768,0.8540200242335559,2.6040837612546253,0.47903406554490213,-0.002234230745090361
99.161,-0.0013145117867536592,98.379,-0.003011042002123168,0,0.9582890288392956,0.8577621994057716,2.6040837612546253,0.47919740702306596,-0.002310615663246993
99.265,-0.0014498237615130543,98.381,-0.0030733031768946234,0,0.958115234902011,0.8511980829112241,2.6040837612546253,0.4793498356101325,-0.002385608622452337
99.369,-0.0008678872319154446,98.381,-0.0031123398748144487,0,0.9579361734753464,0.8454809144273516,2.6040837612546253,0.47949411322805313,-0.0024570537434188766
99.473,-0.0011460162391484037,98.381,-0.003135578581571305,0,0.9577538737276388,0.8405615884944811,2.6040837612546253,0.4796322582521964,-0.002523741256202299
99.577,-0.0011653339730433793,98.383,-0.0031742845188668517,0,0.9575683528584403,0.8261798505995498,2.6040837612546253,0.47975762072273725,-0.002587671445996422
99.681,-0.0014887471618527598,98.377,-0.0032308124641430153,0,0.9573778798273481,0.8440531588442313,2.6040837612546253,0.4798861353703132,-0.0026508644480410216
99.785,-0.0013600882671782586,98.379,-0.0032974676327142266,0,0.9571810012743358,0.8503082408460351,2.6040837612546253,0.4800104461241173,-0.0027143971549268243
99.889,-0.0009923701563261493,98.38,-0.0033383111969980256,0,0.9569785327872151,0.8510172774010604,2.6040837612546253,0.4801300454771272,-0.0027756896038444675
99.993,-0.001025034642682556,98.384,-0.003361731972808049,0,0.9567727225544096,0.8313829354892236,2.6040837612546253,0.48023556795491096,-0.002833250174002598
100.097,-0.0009820386799037014,98.376,-0.0033846155118441162,0,0.956564504497232,0.8545236054575471,2.6040837612546253,0.4803504139565523,-0.002887378747973045
100.201,-0.0012547476906895972,98.381,-0.003419444129376545,0,0.9563532854079129,0.8501474873431968,2.6040837612546253,0.4804584344964386,-0.0029396035345972686
100.305,-0.0013489365963673299,98.378,-0.003473351438565045,0,0.9561374520504042,0.8614856481250538,2.6040837612546253,0.4805663246022976,-0.0029919904741994136
100.409,-0.0014761030796769548,98.378,-0.0035387692279809507,0,0.9559154137877681,0.8717334786528527,2.6040837612546253,0.48067235157791754,-0.003045660410012737
100.513,-0.001557524974590411,98.374,-0.0036150336130644084,0,0.9556860080520581,0.9012345302362643,2.6040837612546253,0.4807858747841952,-0.0031015505906166908
100.721,-0.0011801792926489322,98.373,-0.0037367863093803882,0,0.9552066028041725,0.9408718297924628,2.6040837612546253,0.48057948446633897,-0.003180162806475865
100.825,-0.0014658287832601843,98.376,-0.0037928944555892102,0,0.9549576514164184,0.9528603808412387,2.6040837612546253,0.4806962482443598,-0.0032527428822884444
100.929,-0.0014029101117923827,98.374,-0.0038605846043935493,0,0.9547022625173236,0.97384677366008,2.6040837612546253,0.4808170993289292,-0.003322235299038713
101.033,-0.0013389608243802407,98.379,-0.003921677619336109,0,0.954440176893714,0.9640660201906626,2.6040837612546253,0.48092600581778294,-0.0033888303126218687
101.137,-0.0005989509886020296,98.385,-0.003940964759872725,0,0.9541739115020195,0.922823528237846,2.6040837612546253,0.481010298044926,-0.0034487457999496825
101.241,-0.0012221437748824397,98.37,-0.003954177413835483,0,0.953905956121011,0.9656242568685429,2.6040837612546253,0.4811158784176451,-0.0035025203024907745
101.345,-0.0011474532100567967,98.382,-0.003995912183313896,0,0.9536351434739836,0.9403842583374344,2.6040837612546253,0.48120302176734625,-0.00355421469507606
101.449,-0.0010590568112475447,98.381,-0.004029166430683281,0,0.95336043139808,0.9228119657916987,2.6040837612546253,0.48127673026970386,-0.0036033535333050305
101.553,-0.0007116976299086858,98.376,-0.004039761387884963,0,0.9530834391635388,0.9326643973974031,2.6040837612546253,0.48135404989678376,-0.003648017558334874
101.657,-0.0010058577680601252,98.383,-0.0040475899948408806,0,0.9528054889036613,0.9054730487713707,2.6040837612546253,0.4814153180197251,-0.00368855724029065
101.761,-0.0011738139447630626,98.379,-0.004079448650169223,0,0.9525254749061451,0.9014501264926017,2.6040837612546253,0.48147054403828266,-0.0037279460413536486
101.865,-0.0014991386400964272,98.379,-0.0041369579108434945,0,0.9522408137769969,0.8979097827829098,2.6040837612546253,0.48151739331080834,-0.00376895437881989
101.969,-0.0018801576256322465,98.381,-0.004231197042922977,0,0.9519482617314253,0.8846489491590347,2.6040837612546253,0.48154697240412186,-0.0038151439529549545
102.073,-5.213541703388857e-05,98.376,-0.004250192007403189,0,0.9516498215128327,0.8982765783937864,2.6040837612546253,0.4815812341252034,-0.0038584366342536884
102.177,-0.000137546827170459,98.381,-0.0041785712103633715,0,0.9513541178375331,0.8853143248800381,2.6040837612546253,0.48161500782113,-0.003890119402632958
102.281,-0.0011680210106393162,98.382,-0.00416497646419102,0,0.9510628453704806,0.8686175787648096,2.6040837612546253,0.4816405134213257,-0.003917217553158993
102.385,-0.0002669010158946705,98.377,-0.004158108135832353,0,0.9507726369833037,0.8792441601595463,2.6040837612546253,0.4816716720662646,-0.003940878522139044
102.489,-0.0008261839959615258,98.365,-0.004133464282710456,0,0.9504840672295638,0.9501630514917033,2.6040837612546253,0.4817423482733209,-0.00395967523180723
102.593,-0.0009500298168124824,98.375,-0.0041443431272363135,0,0.9501962132562709,0.9632016571674643,2.6040837612546253,0.4818181042268645,-0.003977657620543099
102.697,-0.0008354035205133353,98.371,-0.004155701387038788,0,0.9499072029535529,0.9948357711790192,2.6040837612546253,0.48190875783165216,-0.003994953289049367
102.801,-0.0010066304343152917,98.375,-0.004170002878951459,0,0.9496168583437458,1.002421537108714,2.6040837612546253,0.4820011973743178,-0.004011935398308022
102.905,-0.0009802378389417703,98.377,-0.00419183575542241,0,0.9493246347467826,0.9983478524463238,2.6040837612546253,0.4820884816249187,-0.004029388188095201
103.009,-0.0010637393385740657,98.374,-0.004216638294914796,0,0.9490299861081894,1.009242839496143,2.6040837612546253,0.4821782574679063,-0.004047555123153709
103.113,-0.001114879019727414,98.378,-0.004248442175808068,0,0.9487323939357362,0.9980824639541124,2.6040837612546253,0.48225813759121466,-0.004067067398807328
103.217,-0.0010259761385159837,98.37,-0.0042782823702982725,0,0.948431596271363,1.0281234820978329,2.6040837612546253,0.4823501255206895,-0.004087583245549078
103.321,-0.0009876591475776744,98.381,-0.004301507131436691,0,0.9481280392292971,0.9986870769597641,2.6040837612546253,0.4824233925360756,-0.004108371960315125
103.425,-0.0011011175110563728,98.37,-0.004328639243947233,0,0.9478218636298015,1.0275126834139041,2.6040837612546253,0.48250836036167094,-0.004129772439093449
103.529,-0.0013388091501671767,98.367,-0.004374031156592448,0,0.9475119167809978,1.068356798530031,2.6040837612546253,0.4826095245204476,-0.004153524896115326
103.633,-0.0011575174608035512,98.384,-0.0044223558666244694,0,0.9471970966678148,1.0179543529181354,2.6040837612546253,0.4826784464551424,-0.004179720070884202
103.737,-0.0012194514293540869,98.379,-0.00446447397517423,0,0.9468775735280656,0.9972711703082122,2.6040837612546253,0.4827314525528439,-0.0042074927117999586
103.841,-0.001234364400991831,98.372,-0.0045105881246137874,0,0.946553462310901,1.0139377582239493,2.6040837612546253,0.4827878199074392,-0.004237068376220109
103.945,-0.001289105328885612,98.373,-0.004560324276828995,0,0.9462243668780502,1.0236975169972713,2.6040837612546253,0.48284353243438904,-0.004268629475354585
104.049,-0.0013922205542015972,98.382,-0.0046182689490111145,0,0.9458896720423309,0.98640844312152,2.6040837612546253,0.4828730687773087,-0.004302807942137894
104.153,-0.001253181465242315,98.375,-0.004674345580283776,0,0.9455490480988319,0.9882065698552888,2.6040837612546253,0.48289715672350697,-0.004339146661171484
104.257,-0.001311014546063327,98.379,-0.004726199499133235,0,0.9452028117667265,0.9695150606705893,2.6040837612546253,0.4829054673288019,-0.004377022916817944
104.361,-0.0012861696963039349,98.377,-0.004779768805997911,0,0.944851093426884,0.9628936454345723,2.6040837612546253,0.4829041737660971,-0.00441645005377317
104.465,-0.001405339100483613,98.371,-0.004838242989692446,0,0.9444935488255324,0.9876129099836014,2.6040837612546253,0.4829091863309335,-0.004457748013591667
104.569,-0.001425891181706755,98.365,-0.0049039826906278755,0,0.9441295451021801,1.040581156579188,2.6040837612546253,0.48293450284150935,-0.0045014393391205445
104.68,-0.0015110465660362702,98.375,-0.0049800139434644924,0,0.9437331728402831,1.0374981038351334,2.6040837612546253,0.4829180043321505,-0.004548906379855895
104.784,-0.0014222137838567467,98.385,-0.005051059207920497,0,0.9433541490484354,0.9826226020314144,2.6040837612546253,0.48289646280382953,-0.004598634386193885
104.888,-0.0013690992183829913,98.368,-0.005114723210298502,0,0.9429681203747124,1.020209870585803,2.6040837612546253,0.4828873291464205,-0.004649641837544509
104.992,-0.0014702877693382498,98.373,-0.005180887059921577,0,0.9425753406526853,1.0284019908213147,2.6040837612546253,0.48287500189021054,-0.004702074365680916
105.096,-0.0015033426412499492,98.371,-0.005254031567533721,0,0.9421753168960819,1.0457428837932994,2.6040837612546253,0.4828635337935479,-0.004756491195345149
105.2,-0.001410383134524723,98.379,-0.00532406103413556,0,0.9417678480928194,1.0202534667564829,2.6040837612546253,0.482830956797751,-0.004812410498912919
105.304,-0.0013278081406733785,98.368,-0.005384962706707394,0,0.94135357087032,1.0530749905523886,2.6040837612546253,0.48280845552119367,-0.0048687655780353944
105.408,-0.0012809349084730178,98.377,-0.005439133071524591,0,0.9409333099018762,1.0365581804909196,2.6040837612546253,0.482771069404493,-0.004924872797521453
105.512,-0.0012587458978511388,98.369,-0.005489712199715016,0,0.9405076019597961,1.0620432552591823,2.6040837612546253,0.4827409296018819,-0.004980393305902085
105.616,-0.0011314620659839995,98.373,-0.005532518740095985,0,0.9400770379629503,1.0643782536619566,2.6040837612546253,0.48270679022597096,-0.005034630944403244
105.72,-0.0010365381209844018,98.376,-0.0055637704760798795,0,0.9396426229357334,1.0508165998831527,2.6040837612546253,0.4826615754155709,-0.00508658127399946
105.824,0.014846535714377386,98.371,-0.0047641663274850116,0,0.9392481622339723,1.063669917567468,2.6040837612546253,0.48270048326580584,-0.005054330381110706
105.928,0.016937036250016912,98.372,-0.003029936311598133,0,0.9389854609087644,1.069906683470895,2.6040837612546253,0.48291217631605865,-0.004853873242853938
106.032,0.014563162579670563,98.377,-0.0013104416987159556,0,0.9389023532642524,1.049778147738848,2.6040837612546253,0.4832824413699915,-0.004503359795662117
106.136,0.016597292721359354,98.382,0.00039138625067604293,1,0.9389971543929787,1.0058942998003975,2.6040837612546253,0.4837980900693905,-0.004019409077327396
106.24,0.0304737528038786,98.375,0.0028390806179883904,1,0.9405734967236766,1.001938538811703,,0.48455416339712437,-0.003341530119216567
106.344,0.03997255503215181,98.374,0.006502288625461941,1,0.9424676059778634,1.0037155959578514,,0.48567373083686954,-0.0023688411187418245
106.448,0.04360957875823205,98.376,0.010848559582561881,1,0.9447782081382081,0.9954027398534573,,0.4872200469316685,-0.0010630351351713454
106.552,0.054698857592867904,98.368,0.015960598272819718,1,0.9475806424002157,1.0288565339758888,,0.48929127912352566,0.0006186019945818051
106.656,0.10440142907640149,98.374,0.024233813179621658,1,0.9510791098492701,1.0286489823563925,,0.4921817815611259,0.0029511016903773896
106.76,0.1089085369612595,98.377,0.03532593141357994,1,0.955584574621644,1.0131672143399215,,0.49616326689522544,0.00614851400043841
106.864,0.08178594731738204,98.366,0.045242044596069245,1,0.9611824674276731,1.0551767638540703,,0.5011544440990963,0.010009280260811987
106.968,0.08612706500429275,98.364,0.05397352123679623,1,0.9677500349045095,1.1032032667843037,,0.5070456857175076,0.014350905532396159
107.072,0.10522402971078396,98.362,0.06392377816198015,1,0.9752890525267732,1.1562757293706682,,0.5139612826170308,0.019246253741624586
107.176,0.1012534889081902,98.371,0.07466060913016671,1,0.9839037987194922,1.1575407442817793,,0.5219545618147584,0.024718295461137574
107.28,0.09101363258992994,98.366,0.08465849944806887,1,0.9935967504190878,1.183114542791551,,0.5309684393085516,0.030637134482270918
107.384,0.10024583858659789,98.364,0.09460399194924825,1,1.0043267580252757,1.2153408185895083,,0.5410033115130283,0.03695348825055904
107.488,0.10546339066696293,98.362,0.10530087187043338,1,1.0161301689974265,1.2534265319176863,,0.552137586472799,0.04370230467243236
107.592,0.09758085206542844,98.365,0.1158591724925176,1,1.029038849357827,1.2711930677878467,,0.5643493868844554,0.05082719871916191
107.696,0.09269241634805794,98.365,0.12575338245001882,1,1.0430110602683664,1.28575188765471,,0.5775737811900642,0.05822547326676673
107.8,0.09226144665412576,98.352,0.1353709833261323,1,1.0579978853422536,1.3635597342884176,,0.5918169120355035,0.0658428540983633
107.904,0.09218092706843202,98.367,0.14496198675970523,1,1.0739835578402444,1.3557969507132686,,0.6070335681955837,0.07365505618004477
108.008,0.08535851377918041,98.363,0.15419403768378104,1,1.0909480291648332,1.3672487164999427,,0.6231990622319409,0.08160741504721569
108.112,0.0779729748666708,98.361,0.16268727509336522,1,1.108834215482772,1.3860624144120122,,0.6402451755957957,0.08961315384266394
108.216,0.07280647011864945,98.371,0.17052780623260183,1,1.1275697577652495,1.3505159909142253,,0.6580804371705589,0.09760254256817162
108.32,0.06542185384444586,98.358,0.1777156790786827,1,1.1470867770549638,1.3831218260984672,,0.6766749401111809,0.10551278481102398
108.424,0.057285028412594044,98.357,0.1840964369560496,1,1.1673093651422997,1.416397682511537,,0.6959491468911341,0.11327200936466136
108.528,0.04953346883113451,98.36,0.18965099881272346,1,1.1881525898558032,1.4297774155596177,,0.7158108949618368,0.12081354935121634
108.632,0.04336949654587087,98.369,0.19448195301232768,1,1.2095358614042333,1.394580385748661,,0.736163304144427,0.1280874381785721
108.736,0.033807183803351355,98.362,0.1984951403904872,1,1.2313790283147068,1.397174994496305,,0.7569435375399994,0.13503937707172706
108.84,0.025173698111315954,98.359,0.20156214625004992,1,1.253590365273542,1.4138022670603931,,0.7780638883249841,0.1416077406987316
109.048,0.013995678407412105,98.353,0.2056357614079976,1,1.2987556637770334,1.4730762267279909,,0.8149832682851682,0.14956947432801182
109.152,0.00874996332441142,98.359,0.2068185347780524,1,1.3216116452322353,1.4780508945419661,,0.83720646146909,0.1563862302478457
109.256,0.0037828551121567543,98.351,0.20747024133675396,1,1.3445630196437326,1.5263715270679294,,0.8594487403195369,0.16225880522940211
109.36,-0.0020214345869729745,98.358,0.20756183520406352,1,1.3675530456773823,1.528706651358865,,0.8816449952058812,0.16732032491222434
109.464,-0.004770731032056507,98.351,0.207208642591874,1,1.3905294685762981,1.5672848368270405,,0.903779873204498,0.17167485199212051
109.568,-0.008190590997711775,98.345,0.20653465384632602,2,1.413452478044612,1.631661439098237,,0.9258429453830989,0.17540953223199202
109.672,-0.01047749784298092,98.35,0.20681142522080204,2,1.43635483220963,1.6609197114394851,,0.9479221773850577,0.17872274232293542
109.776,-0.012190897453103512,98.351,0.20688018065959773,2,1.459275153768938,1.6799953535794327,,0.9699959808489259,0.18165699068344235
109.88,-0.013073039556918579,98.351,0.20681396792926865,2,1.4821956075490865,1.695207659190474,,0.9920524312467387,0.18425227769389574
109.984,-0.013872195232722347,98.348,0.2066603277143994,2,1.5051046289760843,1.7223774087572803,,1.0140915091644818,0.18654514182073076
110.088,-0.013698897713311975,98.353,0.20647414287539767,2,1.527995979500281,1.719401582350048,,1.0360971177624427,0.18857083706688244
110.192,-0.013505488040496907,98.349,0.2063070268103917,2,1.5508689583774695,1.735306553939317,,1.0580822353845003,0.1903639536974923
110.296,-0.01332547420329743,98.346,0.20615932876790644,2,1.5737255669210712,1.7632162918512666,,1.0800559648783954,0.19195389591970619
110.4,-0.012227226392902912,98.353,0.20607810033109608,2,1.5965702712877465,1.7510665201845823,,1.1020059283883998,0.19337058197239992
110.504,-0.012236151563890619,98.342,0.20605351667153488,2,1.6194094734254105,1.794400129210515,,1.1239659084832143,0.1946390690156728
110.608,-0.011086434443820596,98.348,0.20608825419332594,2,1.6422492035639107,1.80141811093914,,1.1459241831144735,0.19578150114086743
110.712,-0.009592912545764153,98.338,0.2062604401440596,2,1.665099693722982,1.8569825129694009,,1.1679187189288605,0.19682516637846834
110.816,-0.009124362298959639,98.337,0.20653465384632602,3,1.6879733966640091,1.9104885621533652,,1.189958728976489,0.19779073676546977
110.92,-0.0076585573532084485,98.341,0.2056619420244133,3,1.710815977702815,1.936352625321552,,1.211916587156991,0.19857259474972921
111.024,-0.00754043484877735,98.336,0.20487159442991004,3,1.733572079651967,1.9829743003087321,,1.2338105663147492,0.19919774024059608
111.128,-0.005987908398492524,98.343,0.20416812058105205,3,1.7562505028860642,1.987104845697858,,1.2556280982798662,0.19969070577450676
111.232,-0.016904728690300967,98.348,0.20297770345243477,3,1.778830443789333,1.9630780619070167,,1.2773069078154613,0.20001662821545127
111.336,-0.02743355917276507,98.342,0.20067211248355538,3,1.8012285922715316,1.9699263178900757,,1.2987516014681795,0.2000819310642699
111.44,-0.03931147876966245,98.34,0.19720137051054915,3,1.8233263714407524,1.984622405833638,,1.3198502568036747,0.1997974046223324
111.544,-0.05178463816416885,98.341,0.19246437242998998,3,1.8449973481271877,1.9911382604883938,,1.3404728295079158,0.19907268250987972
111.648,-0.08714353192951281,98.34,0.18524010758511855,3,1.8660463391415005,2.000594411365796,,1.360374024707818,0.19770563641995206
111.752,-0.11764959827587104,98.336,0.1745908648144387,3,1.8861659077598047,2.028021561270818,,1.37922285304538,0.1954215185139804
111.856,-0.14699688148436207,98.345,0.16082924786690667,3,1.9050161116727622,2.005474351669298,,1.3966848608656341,0.19200367700120077
111.96,-0.1807768676029909,98.344,0.14378501291436446,3,1.9222644112869154,1.9888455858127636,,1.4124354453096046,0.18724007960864214
112.064,-0.21608455958744324,98.334,0.12314821870046201,3,1.9375532973844136,2.023699905367138,,1.4261409054780265,0.18090903512804185
112.168,-0.23802075998998126,98.331,0.09953474208243293,3,1.9505411693986536,2.0694237316752733,,1.4375072200235002,0.17287156098849923
112.272,-0.2519854393711305,98.338,0.07405441971565534,3,1.9609761638656815,2.073839391170124,,1.4463233109320945,0.16311196433968872
112.376,-0.2595298187541309,98.338,0.047455626293141914,3,1.9687030443116662,2.076464114726116,,1.452470812439721,0.15168997241214605
112.48,-0.24734991850513302,98.337,0.021097879955660412,3,1.9736761846901314,2.082664825490685,,1.4559676901516403,0.13879362385085453
112.584,-0.23094542981862604,98.326,-0.003773478157174895,3,1.9759854116371802,2.1430879711028563,,1.4569796112189966,0.12471533169263552
112.688,-0.21162366387276896,98.344,-0.015,3,1.9764175488265343,2.1046916855452675,,1.4567925974811855,0.11091915180153983
112.792,-0.1907809454252814,98.338,-0.015,3,1.9762659068800619,2.0992578883731086,,1.4565262426310952,0.0984856874734815
112.896,-0.16890366191838468,98.336,-0.015,3,1.9761142649335892,2.1035420843230694,,1.4561922990345173,0.08728024023528745
113.0,-0.14868340234247135,98.342,-0.015,3,1.9759626229871166,2.0759843631135695,,1.4557817583859385,0.07718143793517661
113.104,-0.11870543006058741,98.35,-0.015,3,1.9758109810406441,2.009727001318654,,1.4552817981506099,0.06807992030305288
113.208,-0.0922209480282859,98.337,-0.015,3,1.9756593390941715,2.0158260071564063,,1.4547329300831637,0.05987718758695438
113.312,-0.06847783674594912,98.335,-0.015,3,1.9755076971476988,2.0315935564996965,,1.4541447378877066,0.05248445890684177
113.416,-0.04748588731947746,98.343,-0.015,3,1.9753560552012264,2.005095174407208,,1.4535012475760143,0.045821712183044976
113.52,-0.030179852024082757,98.339,-0.015,3,1.9752044132547537,2.0015703734201984,,1.452817662651332,0.03981685874871776
113.624,-0.015870730803506775,98.338,-0.015,3,1.975052771308281,2.0036324226173456,,1.4521003863601807,0.03440492759383249
113.728,-0.0036522799427911104,98.334,-0.015,3,1.9749011293618084,2.0259882467286086,,1.4513625621780395,0.02952737255678471
113.832,0.006552592119589762,98.338,-0.014849183766806537,3,1.974757329859462,2.0258672467918997,,1.4506111668944317,0.025146306450507454
113.936,0.014162997327522126,98.333,-0.013771973115556543,3,1.9746773877551067,2.0511124684492654,,1.4499520408219504,0.021304178087690685
114.04,0.019599504751298166,98.335,-0.012016323007457905,3,1.9747447544102372,2.0635677324125767,,1.4494485522554672,0.018014751045543346
114.144,0.02394474897909714,98.332,-0.009752021813477438,3,1.9750211585330761,2.089749748219788,,1.4491602548185882,0.015273677022890305
114.248,0.027426059632354748,98.338,-0.0070807397656818954,3,1.9755542129844874,2.0824220448163056,,1.4491140072609758,0.013066982630562194
114.352,0.02939446899651202,98.335,-0.004126072276980905,3,1.9763798168117963,2.09055946469652,,1.4493480125994456,0.011369889793747973
114.456,0.030079987936205133,98.339,-0.0010334005164795573,3,1.9775198822800637,2.077114627369384,,1.4498683032966178,0.010145700131344653
114.56,0.029891952115615544,98.339,0.0020851403662150297,0,1.9789829308057774,2.0645862305081146,,1.4506805187178207,0.009350275889931203
114.664,0.029327770565840912,98.34,0.005260709967140162,0,1.9792329775416668,2.0479540056239487,,1.451789956019553,0.008946911613903959
114.768,0.02803817817089065,98.332,0.008339883322939487,0,1.979808270911306,2.073537528098917,,1.4532095483419898,0.00888739552042151
114.872,0.02657248018329756,98.327,0.01127578157884672,0,1.980696348004754,2.1219676765590183,,1.454938039063873,0.009123640592867764
114.976,0.02476267385442931,98.341,0.014041353610297833,0,1.9818809015531444,2.0940501352254737,,1.4569238861896041,0.00960960083366247
115.08,0.022545024803604277,98.339,0.00159749796200509,0,1.982562184353459,2.07856871760736,,1.457684507734292,0.00881896404250122
115.184,0.020739068675625496,98.334,0.003944414844414379,0,1.9827184263379478,2.0897791389651483,,1.4586744787810901,0.008338108786500919
115.288,0.018805956601926164,98.344,0.006096900180336429,0,1.98310863723779,2.048821408594882,,1.4598516613575863,0.008117233759606378
115.496,0.01712213052982416,98.341,0.010025709285017281,0,1.9845215136592969,2.0221607687441114,,1.4622605832881541,0.0083549667571563
115.6,0.014635765329174318,98.334,0.011773263891174668,0,1.9855231227830137,2.041846852883786,,1.4640168338435993,0.00876239812037553
115.704,0.012193618712584384,98.327,0.013264535882835438,0,1.9866931508898171,2.097947223479721,,1.4659519536683798,0.009280372284751393
115.808,0.009459457957811026,98.334,0.014486639891185538,0,1.9880042745486213,2.1078493870140287,,1.4680142144073565,0.009862447737131547
115.912,0.007754112323969265,98.332,0.0004778895673274858,0,1.9886504925990192,2.126919268891062,,1.4686201564722368,0.008838515780972892
116.016,0.006641504870725457,98.339,0.0013226056829410276,0,1.988612180870588,2.106282140296475,,1.4693082031913376,0.008033848219560543
116.12,0.004925072777685132,98.336,0.0020202117421477955,0,1.9886540698952477,2.103399412315067,,1.4700690891491925,0.007399879159595265
116.224,0.0032861904158435285,98.329,0.0025433414497006562,0,1.9887594371797788,2.1368599758736275,,1.4709003854146936,0.006894315665833738
116.328,0.002391729193605356,98.338,0.002934737290881409,0,1.988912359792844,2.1200750210964308,,1.47176375070768,0.006486344046411078
116.432,0.0016177681242096364,98.332,0.0032393751728972547,0,1.9891014761595156,2.135397966853959,,1.4726647967540754,0.006154614673504811
116.536,0.0006158829409346599,98.333,0.003451669049774078,0,1.9893174729776493,2.143712223076408,,1.4735903565236408,0.0058803783813127794
116.64,-3.007810023022121e-06,98.341,0.0035796825780710223,0,1.9895511657808522,2.1099766830752547,,1.4745117925923736,0.005648268080741936
116.744,-0.00042564351645454343,98.336,0.0036535367305835093,0,1.9897953557034573,2.1047914096221874,,1.4754369382788206,0.005447964287852735
116.848,-0.0007626394979728347,98.329,0.00368789003532273,0,1.9900451724138395,2.135649958588857,,1.4763786621893007,0.005271915953493148
116.952,-0.0009329849136446898,98.322,0.0036958615874079365,0,1.9902971900167763,2.1989759858797027,,1.477349463350885,0.00511479974055947
117.056,-0.0013480555369379916,98.335,0.0036733915054670413,0,1.9905484536961606,2.189440069413429,,1.4783119759240497,0.004971479989817535
117.16,-0.0018246315957329744,98.343,0.003604555796057632,0,1.9907949694743952,2.139338514747476,,1.4792425365143096,0.0048358306615084255
117.264,-0.0016352498036589038,98.33,0.003520785984778632,0,1.9910335497655534,2.159826786197663,,1.4801727834980418,0.004705556027528124
117.368,-0.001537930871435804,98.34,0.003451924611163129,0,1.9912641932350974,2.1272127943714,,1.481079303228417,0.004581529996061395
117.472,-0.0017511854436516345,98.336,0.0033770345842679267,0,1.991487361631815,2.1179379801125147,,1.481972452642562,0.004462500048917554
117.576,-0.002053936214982558,98.335,0.0032753122795083495,0,1.9917013461872863,2.1146869668005217,,1.4828523980991801,0.004345282420995719
117.68,-0.0017898427197560792,98.333,0.0031715797963914466,0,1.991904647093788,2.122020199585783,,1.4837238847841014,0.004229481467871038
117.784,-0.0018857905480239026,98.334,0.003076590887956268,0,1.9920976144879292,2.123616556569697,,1.4845850905198361,0.00411580378471577
117.888,-0.002082341969467138,98.328,0.00296639201853606,0,1.9922799121176218,2.1556165364870084,,1.4854486867213705,0.004002532031038755
117.992,-0.013974245611498275,98.34,0.0022275934858153185,0,1.992418061882403,2.123305570990672,,1.4862225984891555,0.0038274320237292854
118.096,-0.02676254639689559,98.332,0.00020542432286825563,0,1.9924126413270096,2.134721197214677,,1.4868003754886838,0.003469788987422041
118.2,-0.041181744682521525,98.334,-0.0032315347917720033,0,1.9921233461011814,2.1348382290534844,,1.4870366069140764,0.002807888036971502
118.304,-0.051782437741671294,98.333,-0.007969528256340494,0,1.9914089533412347,2.139968930235093,,1.486804292386218,0.001743336721191997
118.408,-0.04515777952698732,98.329,-0.01291427553282136,0,1.990191058062753,2.164876070083294,,1.4860906859493561,0.00029560018990603266
118.519,-0.03934135299224838,98.34,-0.002501362133934093,0,1.9891946722833982,2.130977154775643,,1.4863790497752867,1.6304183236622485e-05
118.623,-0.03375257054077593,98.334,-0.006206102136161962,0,1.988609946659908,2.1309469149893148,,1.4862967987694777,-0.0006040661481007112
118.727,-0.028539256595294143,98.331,-0.009349133125748199,0,1.9876691369448438,2.1463089889904587,,1.4859076797645616,-0.0014744041353994637
118.831,-0.023593190714773893,98.336,-0.011963876364382175,0,1.986428922969912,2.1345213090309634,,1.4852505003696923,-0.002516781657155876
118.935,-0.019406903614693955,98.334,-0.014103737248025106,0,1.9849414695806216,2.1340589017832365,,1.484376785479973,-0.003666777981910993
119.039,-0.015707086963057077,98.34,-0.0008335207365787883,0,1.9840327946839773,2.103037667478314,,1.4847917018524477,-0.003385362009143154
119.143,-0.012271889536603109,98.339,-0.0021922834930717255,0,1.9837435153825904,2.080298645982544,,1.48506263284969,-0.0032667311037084326
119.247,-0.00912667656156939,98.338,-0.0032088649086873117,0,1.9833307181842539,2.065237372423463,,1.4852262263653997,-0.003260606320587388
119.351,-0.006594672168323334,98.337,-0.0039302310211522945,0,1.9828275477144572,2.0572252626982475,,1.4853143616419429,-0.003326489921693491
119.455,-0.004277112057538433,98.348,-0.004399419779407596,0,1.982262468391383,1.9945240707065355,,1.4853263870715465,-0.003432264563543535
119.559,-0.002545136166666183,98.337,-0.004658032665576836,0,1.9816595433827988,1.994708370604723,,1.4853118472876299,-0.0035531144316316176
119.663,-0.0009420071536019221,98.332,-0.004743220096741427,0,1.9810387407577132,2.0213026263100797,,1.4852998680451963,-0.0036703927906911933
119.767,8.147828184941935e-05,98.329,-0.00469182357658314,0,1.9804161810052556,2.0613562078929903,,1.4853100426789647,-0.003770956796392879
119.871,0.0011557437774889958,98.335,-0.0045313440080082396,0,1.9798046388094117,2.067420751713867,,1.4853375269898261,-0.0038457032821727663
119.975,0.0020087856690292486,98.337,-0.004270644455299774,0,1.9792149979278748,2.062886561832959,,1.4853874246167005,-0.00388729716071888
120.079,0.002477982841550959,98.341,-0.0039411884712602235,0,1.9786560451342485,2.0385466175626545,,1.4854575827161733,-0.0038922393837115083
120.183,0.0028062974887978482,98.34,-0.00357026187259267,0,1.978133512234923,2.021934737209742,,1.485555820108708,-0.0038600599685249012
120.287,0.0030615321815579796,98.337,-0.0031689907082447094,0,1.9776511336192746,2.022591789403814,,1.4856932177877265,-0.0037914285232680455
120.391,0.00312807720960148,98.335,-0.0027509869984149865,0,1.977211357297083,2.033792339226722,,1.4858764180734705,-0.0036882933659288394
120.495,0.0032795237498896156,98.34,-0.0023216477270319863,0,1.9768156428099148,2.0188201492863134,,1.4860947443465105,-0.003552955087514809
120.599,0.0030741330542471525,98.331,-0.0018951135517275147,0,1.9764644337419743,2.051389744825984,,1.486369790349766,-0.0033888554014443336
120.703,0.0032680991593648837,98.336,-0.001469173455130271,0,1.9761575533361728,2.0555906859959574,,1.48668867405221,-0.0031989044531547735
120.807,0.00292007573263481,98.327,-0.001051244339256921,0,1.9758945541294197,2.1051873254970452,,1.4870714106584288,-0.002986429892322588
120.911,0.002613879677268625,98.345,-0.0006673346364525906,0,1.9756732505412378,2.05818865777686,,1.4874707606073219,-0.0027570501485954997
121.015,0.0021528177741141187,98.333,-0.0003233223474911756,0,1.9754897988966276,2.0765990116192357,,1.4879126906060065,-0.002516349837638475
121.119,0.0020164345264453705,98.341,-1.0377206372716441e-05,0,1.9753405090383818,2.052446812167631,,1.4883748488262063,-0.0022685292924644984
121.223,0.0014837595399790648,98.345,0.0002677769065708019,0,1.975221956341347,2.0102628582911244,,1.4888456970319721,-0.0020177327495707865
121.327,0.0014296167481194478,98.327,0.0005154164950413181,0,1.9751307449167859,2.064012795290004,,1.4893658147311244,-0.0017672314902995817
121.431,0.0010241812474437737,98.344,0.000739158012299998,0,1.9750640453097226,2.0262585189447027,,1.4898913166446974,-0.0015193887566917353
121.535,0.0006098200449844829,98.333,0.0009202701009957542,0,1.9750183980901688,2.0482380476021627,,1.4904450950435812,-0.0012781288955031162
121.639,0.0001267408946068945,98.337,0.0010547152913438634,0,1.9749891598491254,2.0479098843996892,,1.4910124128851092,-0.0010474173061127438
121.743,0.00026315880371601626,98.34,0.0011711340971460177,0,1.974972966535882,2.0324056918550943,,1.4915845777356094,-0.0008279974940270429
121.951,-2.3859166685822578e-05,98.338,0.0013883093023759202,0,1.974975273686542,2.0267768194462086,,1.4921112982494247,-0.0005520109589712322
122.055,4.514779795662938e-05,98.328,0.0014855603326915795,0,1.9749927774261207,2.0815752758658683,,1.4927552958208334,-0.0003089829864422216
122.159,-0.0001355740005468153,98.34,0.00157700219164629,0,1.9750200931959412,2.0608913714016017,,1.4933964044469443,-9.177486992224335e-05
122.263,-0.0005174711252868062,98.336,0.0016391878665922704,0,1.9750553975975245,2.064848858976567,,1.4940431673389267,0.00010201266300077334
122.367,-0.0006985896772175547,98.326,0.0016720967263514214,0,1.9750956469149126,2.121916813798968,,1.494716839929777,0.000273827717289116
122.471,-0.0006619055068084844,98.339,0.0016974949982714732,0,1.975138928203148,2.1029133449523107,,1.495382675312996,0.00042675164145630453
122.575,-0.0010750264966301992,98.338,0.0017033185555820757,0,1.9751838330265032,2.0909620794235217,,1.4960420999900228,0.0005618349977154085
122.679,-0.001251631153046585,98.334,0.00167847637928846,0,1.9752277488816716,2.100801051097051,,1.4967019780013702,0.0006785933366505024
122.783,-0.0014200064487890054,98.337,0.0016356952454823909,0,1.9752681483247145,2.0939083979826414,,1.4973531340317021,0.0007777220889224563
122.887,-0.0013974361323573995,98.333,0.001585332252752189,0,1.9753037042731778,2.1079919490517405,,1.4980043576222195,0.0008607540016206943
122.991,-0.0009861002462975593,98.324,0.0015575323825514492,0,1.9753351957527685,2.1663940147434007,,1.498677893027387,0.0009319939300358835
123.095,-0.0011913987587280689,98.339,0.0015404464557794845,0,1.9753643531709169,2.141944023444244,,1.499337726464722,0.0009939128600455506
123.199,-0.001304769003836203,98.338,0.0015067897536156644,0,1.9753908719723605,2.124368360586814,,1.4999853401007828,0.001045935648700379
123.303,-0.0012631010570663382,98.332,0.0014694045319381538,0,1.975413696593764,2.1386449344706318,,1.5006346582677415,0.0010888129292465627
123.407,-0.001201640730558392,98.324,0.0014373819804709836,0,1.9754329120109646,2.191927144558638,,1.5013036543802134,0.0011240968572188408
123.511,-0.0011447638999576586,98.33,0.0014115129611735194,0,1.975449117066485,2.208896920747777,,1.5019766923360272,0.0011532037979438362
123.615,-0.0010403426867689504,98.341,0.0013940314401531956,0,1.975463067893909,2.1673860324706187,,1.5026285170353317,0.0011776010237965367
123.719,-0.0010818204227164767,98.331,0.0013798229799494716,0,1.9754753708423092,2.1801333030366954,,1.5032836865120798,0.0011981270440301842
123.823,-0.0011283752476505607,98.327,0.0013610368265797729,0,1.9754859580708035,2.2115408553452296,,1.5039500430569084,0.0012147354093326142
123.927,-0.0010705238852356483,98.335,0.0013428380931589795,0,1.975494622085185,2.198589910574083,,1.5046078730071306,0.0012278693783363984
124.031,-0.0009698846180452458,98.325,0.001332880872477779,0,1.975501821989953,2.2371950263020786,,1.505280927890092,0.00123871782108649
124.135,-0.0009889282987369623,98.328,0.001327166622294526,0,1.9755082069782361,2.2560765428934877,,1.5059608225626195,0.001247925059666762
124.239,-0.0008948420253301813,98.328,0.001325354586932545,0,1.9755142005996709,2.272264649589258,,1.5066467263511238,0.0012560418896083172
124.343,-0.0008766704611905922,98.339,0.0013293799591227867,0,1.9755203093146207,2.2299609516436405,,1.5073132562474463,0.001263734087050821
124.447,-0.0008714568506547333,98.336,0.0013346213603962348,0,1.9755268999017905,2.018940922527965,5.88030208602467,1.5078858099931727,0.0012711030655976597
124.551,-0.0009532179332351217,98.33,0.0013358822931233555,0,1.9755338286103286,2.027752072957433,5.88030208602467,1.5084615736978992,0.0012778686706520742
124.655,-0.001027815911434873,98.335,0.0013290125546899095,0,1.97554046566097,2.0100080909453224,5.88030208602467,1.5090279860603886,0.0012832779240581032
124.759,-0.000967994527604708,98.339,0.0013213744333492733,0,1.975546348302903,1.9734388598399228,5.88030208602467,1.5095766650969222,0.0012873828939563188
124.863,-0.001046277967626683,98.336,0.001312776285086678,0,1.9755513866588166,1.9557461975254953,5.88030208602467,1.510115892387582,0.0012902251382315437
124.967,-0.0009554525259009098,98.331,0.001304830320912706,0,1.9755555647208836,1.9655092863173613,5.88030208602467,1.510657867939792,0.0012920043256184968
125.071,-0.0009745840521864408,98.335,0.0013006124403415614,0,1.9755591102630239,1.9542831767818098,5.88030208602467,1.5111936880282222,0.0012931863384316451
125.175,-0.0010099515672968525,98.337,0.0012935606096177582,0,1.9755620697801768,1.934251959965345,5.88030208602467,1.5117192048583281,0.0012935471920803346
125.279,-0.0010976637352681717,98.342,0.0012801086353737973,0,1.9755639630994712,1.891079784129702,5.88030208602467,1.512223618365457,0.0012925276048980164
125.383,-0.001155637034394864,98.337,0.0012590810168408434,0,1.9755640634799414,1.8781880610395787,5.88030208602467,1.5127195502743322,0.0012895270015152024
125.487,-0.001035962075184647,98.336,0.0012412618846320694,0,1.9755621438293731,1.8724452642351705,5.88030208602467,1.513210465825019,0.001285060645563127
125.591,-0.0010962174484131187,98.343,0.0012265325708943758,0,1.9755585316596156,1.832432614495097,5.88030208602467,1.513681613938596,0.0012795659889024767
125.695,-0.0010548694593480465,98.339,0.001210820073180116,0,1.9755533365156623,1.8176072824016487,5.88030208602467,1.5141439949582682,0.0012730567252863644
125.799,-0.001037635725399203,98.333,0.0011981538250626506,0,1.9755466656769258,1.8358135365923451,5.88030208602467,1.5146124099495648,0.0012659459041417264
125.903,-0.0010138793732696915,98.336,0.0011876190614214382,0,1.9755387883855782,1.8379587922281315,5.88030208602467,1.515080008059727,0.0012584975277171904
126.007,-0.0008994094143131964,98.335,0.0011842720659564349,0,1.9755301892427568,1.8457528495161997,5.88030208602467,1.5155499668043968,0.0012514566862034961
126.111,-0.0008916135986417029,98.342,0.0011872828907722316,0,1.9755215726190616,1.8178038971469086,5.88030208602467,1.5160072643933447,0.0012453978471325129
126.215,-0.0009623204467261476,98.337,0.001187022341902419,0,1.9755130990097156,1.8186958499345303,5.88030208602467,1.516464227702253,0.0012399115277819664
126.319,-0.0008227892765715217,98.338,0.0011903406577803838,0,1.9755047844042541,1.8151393630885104,5.88030208602467,1.5169192681389465,0.0012352929242214644
126.423,-0.0009020060856200137,98.341,0.001196795320435859,0,1.9754969779936764,1.7972934403053793,5.88030208602467,1.517366465004375,0.0012317608115387658
126.527,-0.0008969808769519776,98.336,0.0011993920198715563,0,1.9754896422539274,1.8073288287008302,5.88030208602467,1.5178176292432757,0.0012288371433015713
126.631,-0.0007841165959564828,98.332,0.0012081189727696645,0,1.9754828953440997,1.8373906564394136,5.88030208602467,1.5182820861491766,0.0012270743903877086
126.735,-0.0007667655127685419,98.332,0.0012236171246053223,0,1.9754774081397182,1.8649558464106637,5.88030208602467,1.5187593885237547,0.0012270255485368237
126.839,-0.0007213401947569892,98.337,0.0012423796493034461,0,1.9754737024905165,1.8645408488277464,5.88030208602467,1.519237660543221,0.0012288334968784923
126.943,-0.000624590005027198,98.34,0.0012685353004040917,0,1.9754723325864563,1.848891673502897,5.88030208602467,1.5197110142216081,0.0012330393042998755
127.047,-0.0006573734588947431,98.333,0.001298017221769518,0,1.9754738558361644,1.8704099458865615,5.88030208602467,1.5201959577998752,0.0012397481598009155
127.151,-0.0006957790043976455,98.331,0.0013237973151677823,0,1.97547825271064,1.900042595663488,5.88030208602467,1.5206956438779697,0.001248350378056063
127.255,-0.0006506516689409266,98.34,0.0013499269416435283,0,1.975485348890549,1.8808338350075056,5.88030208602467,1.5211888961447824,0.0012586757480113387
127.359,-0.0007583120841085745,98.338,0.0013728048479743488,0,1.9754949934621642,1.873423041229949,5.88030208602467,1.5216805414454342,0.0012702373865860579
127.463,-0.0007741034433772547,98.33,0.0013892632620345208,0,1.9755066835224397,1.9073253774983288,5.88030208602467,1.5221878630474475,0.001282294456503838
127.567,-0.0007292545531542665,98.343,0.0014072326677043029,0,1.9755201638293411,1.8716003647135924,5.88030208602467,1.5226808380825558,0.0012949218841436143
127.671,-0.0006828052422927936,98.336,0.001429949579830489,0,1.975535759824768,1.8747974993906538,5.88030208602467,1.5231768088825823,0.0013085462643785395
127.775,-0.000753032796876078,98.343,0.001451430023283115,0,1.9755536540826848,1.8420402538460117,5.88030208602467,1.5236601179449747,0.0013229340053352832
127.879,-0.0008991009447657393,98.337,0.001461663090207052,0,1.9755731974431414,1.84312519812718,5.88030208602467,1.5241443171751232,0.00133691158337034
127.983,-0.0008549295972297058,98.34,0.0014665975235126777,0,1.9755935295136096,1.8290996113289104,5.88030208602467,1.5246223640068401,0.0013499908531267443
128.087,-0.0008120539449120905,98.324,0.0014760584008108174,0,1.9756146101402294,1.8981250288751228,5.88030208602467,1.5251305248292708,0.0013627376334423326
128.191,-0.0009572953079532252,98.345,0.001480196261151187,0,1.9756363979012066,1.8536091810423987,5.88030208602467,1.525619283821921,0.0013746178718026004
128.295,-0.0009864990398871856,98.337,0.001475262976552913,0,1.975658144300122,1.8540209023432157,5.88030208602467,1.5261071372186967,0.0013848378698331028
128.399,-0.0010132440413891056,98.334,0.0014674203578159267,0,1.9756792263520644,1.869756068961823,5.88030208602467,1.5266003837372608,0.001393279878110899
128.503,-0.0010433691209002706,98.34,0.0014566204948663203,0,1.9756993389949586,1.853480378478591,5.88030208602467,1.527084947851277,0.0013998158181336585
128.607,-0.0010372408979393663,98.33,0.0014445727953760618,0,1.9757182635646064,1.889659296163235,5.88030208602467,1.527583246807145,0.0014045297675882706
128.711,-0.0010561238124556344,98.33,0.0014318618519249399,0,1.975735900684821,1.9222733646011207,5.88030208602467,1.5280936397154532,0.0014075348255002493
128.815,-0.0010032153534698784,98.335,0.0014209202367862356,0,1.975752307871989,1.9259407746908983,5.88030208602467,1.528603843654504,0.001409163865288069
128.919,-0.0008800052433293121,98.334,0.0014191367872420785,0,1.9757680533557933,1.9338517624444396,5.88030208602467,1.5291165654563246,0.0014104584937951992
129.127,-0.0010387051364929099,98.332,0.0014118789507194113,0,1.9757986040296511,1.957115058475723,5.88030208602467,1.5297844878360882,0.0014109843705664314
129.231,-0.0005822626895310458,98.341,0.0014237326452555682,0,1.9758141183511968,1.9195540780691411,5.88030208602467,1.5302901829467808,0.0014128328972720754
129.335,-0.0010916744760515239,98.334,0.0014328319341347234,0,1.9758307222278801,1.9266391469191417,5.88030208602467,1.530799157963741,0.0014154620815728157
129.439,-0.0007134492164755917,98.335,0.0014351095236127404,0,1.975847917702238,1.9271046118022919,5.88030208602467,1.5313078511444986,0.0014179846479352048
129.543,-0.0009387429441242128,98.337,0.0014453395527508767,0,1.9758657635727641,1.9165975843634233,5.88030208602467,1.5318124098323493,0.0014212916294326205
129.647,-0.0010631079579390473,98.334,0.0014373873273330479,0,1.9758837278890833,1.9231030578801638,5.88030208602467,1.5323182123168433,0.001423337042191579
129.751,-0.0012450288645807488,98.338,0.0014135082340514388,0,1.9759000369768303,1.9078303051170042,5.88030208602467,1.5328143393480502,0.001422613435538236
129.855,-0.0007909640027497406,98.336,0.0014037806264396852,0,1.9759145985161306,1.904542477821839,5.88030208602467,1.5333073905006798,0.0014209613523017094
129.959,-0.0007986821636455758,98.336,0.0014172630472764486,0,1.9759293553057191,1.901604964074674,5.88030208602467,1.5337998976270024,0.0014208872067789072
130.063,-0.0006827711621563275,98.34,0.0014363714958241375,0,1.9759458068205153,1.8785089467779186,5.88030208602467,1.53428385216464,0.0014227683158252909
130.167,-0.0006592176163741487,98.333,0.0014627321008300748,0,1.9759646227260963,1.8936360375660504,5.88030208602467,1.5347762524757023,0.0014271308653589184
130.271,-0.0008103763289805801,98.322,0.0014824572371610473,0,1.9759858350902266,1.9634993463533712,5.88030208602467,1.5352996547185584,0.0014330491159912054
130.375,-0.0007664747246648925,98.342,0.001496605003860882,0,1.9760088088453147,1.9243596796794886,5.88030208602467,1.535807159164186,0.0014397549868754831
130.479,-0.0005819387006781753,98.329,0.0015226315272323515,0,1.9760338716634867,1.9548730727305768,5.88030208602467,1.536329541474572,0.0014483855435586989
130.583,-0.0005313977380078192,98.341,0.0015608820539100704,0,1.976062276888261,1.9210842789002769,5.88030208602467,1.5368407454057984,0.0014599397193306967
130.687,-0.0008267647845356932,98.332,0.0015864016242273377,0,1.9760939981580792,1.936144955858125,5.88030208602467,1.5373602183164372,0.001472864935323902
130.791,-0.0008737808375230315,98.328,0.0015941172733697079,0,1.976127447659309,1.9699741321353423,5.88030208602467,1.5378941125498369,0.0014852589164762754
130.895,-0.0007787426728167336,98.336,0.0016043300723213444,0,1.97616182943984,1.9595110266957563,5.88030208602467,1.5384239177982815,0.0014974124848890506
130.999,-0.000780550030150683,98.345,0.001619390873256507,0,1.976197525447565,1.903828041228146,5.88030208602467,1.5389310230731514,0.0015098182545691962
131.103,-0.0006878764817835821,98.346,0.0016391767161252763,0,1.976235033480768,1.848367253414534,5.88030208602467,1.539416050117761,0.0015229222445950156
131.207,-0.0006406345280848573,98.335,0.0016662381651015162,0,1.9762749775731467,1.8547208366780412,5.88030208602467,1.539905859175098,0.0015374002036098048
131.311,-0.0005890335029949353,98.336,0.001698439448974784,0,1.9763180033276335,1.8559794058286885,5.88030208602467,1.5403988108736486,0.001553623330428442
131.415,-0.0006421037625110335,98.347,0.0017305643326578773,0,1.9763643740428336,1.8016032753528715,5.88030208602467,1.5408714658535247,0.0015713908159594632
131.519,-0.0006817586289212099,98.341,0.0017578675097928292,0,1.976413835017196,1.7837237365852385,5.88030208602467,1.5413387705673167,0.0015900866325981057
131.623,-0.0005488651772784323,98.338,0.001790019093359782,0,1.9764663876391146,1.783828133868768,5.88030208602467,1.5418087916259777,0.0016101058509825957
131.727,-0.00043900029736013277,98.342,0.0018347941101680004,0,1.9765229404442533,1.7644538762583901,5.88030208602467,1.542274594664502,0.0016325589301935369
131.831,-0.0005679342823757736,98.335,0.0018785775335111027,0,1.9765840982882794,1.7835361639446383,5.88030208602467,1.5427522634814248,0.001657121357611162
131.935,-0.0004273991260212621,98.326,0.0019229642177638756,0,1.976649840977901,1.8474352819807023,5.88030208602467,1.5432606582786783,0.0016836608911401142
132.039,-0.0001318827341406402,98.334,0.001990025582524854,0,1.9767213789660707,1.8647725528284997,5.88030208602467,1.5437824336993813,0.0017142056531653082
132.143,-0.0006790597904520846,98.329,0.0020440005927353927,0,1.9767992108457395,1.905849065143163,5.88030208602467,1.5443262499658694,0.0017470756484525226
132.247,-7.093480341697188e-05,98.345,0.0021011448953435624,0,1.9768828209296745,1.8612329867253892,5.88030208602467,1.5448565052596424,0.0017823231718616275
132.358,-0.0008810613188899981,98.336,0.0021509243642606063,0,1.9769779928847326,1.8665896813385965,5.88030208602467,1.5454061338043965,0.001819456137720075
132.462,-0.0005178860865753315,98.327,0.0021743231206659414,0,1.9770709682725036,1.9175513936364308,5.88030208602467,1.5459664184936468,0.001855149781380876
132.566,-0.0007711066455641544,98.336,0.0022034395200839912,0,1.9771666744483773,1.9170235820349462,5.88030208602467,1.5465288353692161,0.0018901195686809047
132.67,-0.0006979310695766794,98.338,0.002223193580386071,0,1.977264921888157,1.9058573494498434,5.88030208602467,1.5470880184734843,0.0019235178700507942
132.774,-0.0004561886142426377,98.334,0.0022593233783168437,0,1.9773660752885645,1.9158553444771926,5.88030208602467,1.5476544223961497,0.00195714832045007
132.878,-0.0006096927501771103,98.328,0.0023000415688564785,0,1.9774712247843722,1.9551449970798058,5.88030208602467,1.5482407054872052,0.0019914610647979035
132.982,-0.0007007974298309991,98.331,0.0023280401009855706,0,1.9775799475497593,1.9747758019277097,5.88030208602467,1.548837390434835,0.0020251261891966153
133.086,-0.0006987534069145487,98.332,0.00235140747896416,0,1.9776913413424715,1.986675580112479,5.88030208602467,1.5494407829731236,0.0020577526331338144
133.19,-0.0005895103051042368,98.332,0.002380561787428556,0,1.9778054662628788,1.996630434683773,5.88030208602467,1.5500506301931938,0.002090020629335177
133.294,-0.0006154549803307381,98.339,0.002414047614075307,0,1.977922848470312,1.9691941775324389,5.88030208602467,1.5506518059738,0.002122384155801175
133.398,-0.0006651203048705696,98.331,0.0024436017207342536,0,1.9780435087542771,1.9844763968108163,5.88030208602467,1.551261696411164,0.002154463207816511
133.502,-0.0004920225692874986,98.336,0.0024795743127675046,0,1.9781675764265743,1.972316389798538,5.88030208602467,1.5518695277486618,0.002186912786978235
133.606,-0.0004150188506849131,98.341,0.0025285521804182948,0,1.978296061522775,1.9353780465761148,5.88030208602467,1.5524663161570373,0.002220974213471938
133.71,-0.0003339699444363928,98.338,0.0025857487845613453,0,1.978430067691509,1.9170887575729565,5.88030208602467,1.5530606432146472,0.00225730800064394
133.814,-0.0004226275273930342,98.337,0.0026425497375155843,0,1.978570001733212,1.9056990441272346,5.88030208602467,1.5536553568779357,0.002295653595869785
133.918,-0.0005600025367897752,98.334,0.0026875969956674933,0,1.9787152318818924,1.910839158631639,5.88030208602467,1.5542561646942161,0.0023346577343132035
134.022,-0.000571196025909781,98.33,0.0027249186918964358,0,1.9788647452162007,1.9360073485043743,5.88030208602467,1.5548705897358874,0.0023735003490060387
134.126,-0.01358115680429855,98.338,0.0020851403662150297,1,1.9789829308057774,1.918084928808155,5.88030208602467,1.5554142850091945,0.0023453062453455604
134.23,-0.03196699520998593,98.334,-0.00028336353852738416,1,1.9847392935328334,1.9222325317505267,,1.555728647178525,0.0020859842015017362
134.334,-0.040934004849407034,98.339,-0.004074215541616341,1,1.9901753697526838,1.9006058818420701,,1.555662187430461,0.0014779101902029723
134.438,-0.036901415063809145,98.336,-0.008121657377103006,1,1.9952038546929272,1.8964550467736068,,1.5551951666086437,0.0005302210560274757
134.542,-0.05165972751363137,98.344,-0.0127268367911305,1,1.9997824033281968,1.8522097786179208,,1.5542545809447534,-0.0007786167986055285
134.646,-0.06534806647496365,98.336,-0.018811242078536558,1,2.0038050935589906,1.8533868049461284,,1.5527121221162132,-0.0025589760230753872
134.75,-0.07240664036842652,98.325,-0.025974486834393837,1,2.0071389059875364,1.9110043163956827,,1.5504827012435756,-0.004870788306683302
134.854,-0.08327493911249728,98.335,-0.03406992896740289,1,2.0096792666978605,1.9123986630269565,,1.5474489271647203,-0.007753630655166743
134.958,-0.09743582923716311,98.344,-0.04346688892158389,1,2.01131002249965,1.867811399676313,,1.5434612444643179,-0.011279637345606816
135.062,-0.10501767744857338,98.336,-0.05399447126924349,1,2.011904702101744,1.8684182980047501,,1.5384239949442937,-0.015496913915186672
135.166,-0.10920734082927486,98.336,-0.06513417221968996,1,2.011372682972337,1.8693030963881974,,1.5322736786572875,-0.020397638663442123
135.27,-0.11464415021916124,98.346,-0.0767744497542102,1,2.0096561049617114,1.8195039101509678,,1.524936904433182,-0.025963770232621364
135.374,-0.11833839436109826,98.339,-0.08888954207238185,1,2.006704247718746,1.8106398336015999,,1.516380519113046,-0.03217647372540819
135.478,-0.12032466262360927,98.339,-0.10130002103558819,1,2.002477060769148,1.8033256928708816,,1.506572918470615,-0.03900107393566958
135.582,-0.12009303760429144,98.338,-0.11380174144743722,1,1.9969544394520493,1.8024984688713885,,1.4955047486196975,-0.04638616256184682
135.686,-0.11954785095411158,98.334,-0.12626306765247586,1,1.99013373971087,1.8227536565558604,,1.483185822588897,-0.054272405771109956
135.79,-0.12141570588679942,98.331,-0.13879317260820145,1,1.9820134855493332,1.8568144377845932,,1.46961258139642,-0.06261711026704246
135.894,-0.12410307747734367,98.341,-0.15156014934313844,1,1.9725777831398794,1.8369010601088278,,1.4547375373303995,-0.07139841924154613
135.998,-0.13014115019349606,98.333,-0.16478084918202013,1,1.9617907215485901,1.8597677717678405,,1.4385315976357773,-0.08061800893996686
136.102,-0.12848255271494424,98.338,-0.17822928173326086,1,1.9496168650730112,1.8550993109168536,,1.420959130598313,-0.09025510277882695
136.206,-0.11786903356847947,98.344,-0.19103956421999707,1,1.936077555415461,1.8203445601844181,,1.4020685647250515,-0.10020548531514341
136.31,-0.11250004620851574,98.339,-0.20301875636840222,1,1.9212491930768796,1.8146025185155576,,1.3819519266136446,-0.11035615969623654
136.414,-0.11590579937300911,98.345,-0.2148958603386399,1,1.9051803033401329,1.7792115822472976,,1.3606064634057862,-0.12067728319006672
136.518,-0.11437537872790471,98.336,-0.22687048159988893,1,1.8878711238913444,1.7935435969404883,,1.338042310576716,-0.13116163793936003
136.622,-0.10544085046086926,98.337,-0.2383009255177066,1,1.8693448810532443,1.801940562773769,,1.314309926018827,-0.14173938270807637
136.726,-0.09737848067686666,98.342,-0.24884753073686733,1,1.8496758316600266,1.78444103788388,,1.2894853760652765,-0.15231404346230032
136.83,-0.09116217978955346,98.344,-0.2586516450811225,1,1.8289485448495058,1.7588462375634193,,1.263638643331733,-0.1628126203401581
136.934,-0.08695366345087659,98.344,-0.26791366892962365,1,1.8072298188529674,1.736261217074022,,1.2368249627611008,-0.17318910278699637
137.038,-0.08162257189395816,98.346,-0.27667963316755617,1,1.7845736374759282,1.706383473730172,,1.2090911263703776,-0.1834065713582274
137.142,-0.06448511450079777,98.349,-0.28427723286008233,1,1.7610665507745118,1.6649951102907277,,1.1805483681677673,-0.1933653750197965
137.246,-0.04920464088178059,98.345,-0.2901891001399771,1,1.7368569717905227,1.6490328882856475,,1.1513741593033906,-0.20292460716453345
137.35,-0.04729792259059844,98.34,-0.2952072334405401,1,1.7120790327763569,1.6613068992302398,,1.1216701535535656,-0.212035467970746
137.454,-0.035032560283557335,98.347,-0.29948841854999675,1,1.6868175292048628,1.63787789167768,,1.0914970209708252,-0.22066947877670814
137.558,-0.024060304391769455,98.357,-0.3025612475131133,1,1.661173616901602,1.566882791075475,,1.0609570623411941,-0.22875443381133334
137.662,-0.014631359092750693,98.356,-0.3045732140143086,1,1.63526529523419,1.5092030366039397,,1.0301630976410445,-0.23623979654174937
137.766,-0.0072332784861852415,98.349,-0.30571017516841315,1,1.6091932293287092,1.4945292538562471,,0.9992219219190296,-0.2430983592927366
137.87,0.00044639649955320474,98.351,-0.30606309303171797,1,1.5830436897143163,1.4730386859629452,,0.9682114174147152,-0.24931459968576705
137.974,0.005918850556854509,98.355,-0.3057321001847849,1,1.5568930099990794,1.435146285581978,,0.9371958553817378,-0.2548844176929221
138.078,0.009419759793655875,98.354,-0.3049344924465581,1,1.5308010175142635,1.4080094622736892,,0.9062291312083226,-0.25982556228949294
138.182,0.011983872551343226,98.35,-0.30382150356461846,2,1.5048083760537032,1.4058918513082435,,0.8753559027575974,-0.2641689564988606
138.286,0.014784648653706834,98.35,-0.3040940494222061,2,1.4788594376304023,1.4059558134309331,,0.8444445963075563,-0.26811041366058147
138.39,0.016418310941407378,98.345,-0.30413600448351075,2,1.452894145159326,1.4332240751910394,,0.8135310990961534,-0.27166684129464097
138.494,0.0166376536768816,98.358,-0.3040816032836099,2,1.4269294998874498,1.3931974911153746,,0.7826000936716032,-0.27486676527245146
138.598,0.017082196115596818,98.354,-0.3039926800546514,2,1.400972307485874,1.3788078950760945,,0.7516673465320282,-0.2777419662260627
138.702,0.018219447159085744,98.347,-0.30382150356461846,3,1.375028640269693,1.4028929109521462,,0.7207582283638604,-0.28031636974089175
138.806,0.017114853458327806,98.357,-0.30198411993251273,3,1.349189418179856,1.3750573824258463,,0.6900171114761883,-0.2824551849089197
138.91,0.015888214661890648,98.354,-0.3002679603902615,3,1.3235349803350926,1.3663865108747668,,0.6594422583737425,-0.2842133801323545
139.014,0.0027103971240852558,98.354,-0.2993008325773906,3,1.298020073432789,1.3597761958282693,,0.6289631741153564,-0.28570248768735146
139.118,0.002452613935990884,98.355,-0.29903235600226663,3,1.2725694179586675,1.3498473309961316,,0.5985115274724085,-0.2870180557795659
139.222,0.004333018765761326,98.358,-0.2986795031017756,3,1.2471510716172713,1.3267455206199006,,0.568091329638471,-0.28816889249375244
139.326,0.003904235383997077,98.354,-0.2982511658859882,3,1.2217733471619285,1.3274078057643028,,0.5377204097694444,-0.28916380075560855
139.534,0.00933440921012064,98.359,-0.2968743468481999,3,1.1712056345016078,1.2920458821220868,,0.4773449518781725,-0.2901219287765374
139.638,0.023801902146736678,98.366,-0.29515125865764313,3,1.1460829733473181,1.2329410084176533,,0.4472270768086933,-0.29072015246697563
139.742,0.04379317127888245,98.36,-0.29163631483951147,3,1.121232689857487,1.2171296477765807,,0.41749406413228735,-0.2908248747135031
139.846,0.07953964945228365,98.361,-0.28522300816149004,3,1.0968986753934489,1.199091257683373,,0.38844175557688904,-0.2901984640345872
140.054,0.14705565513342522,98.359,-0.26165709648457636,3,1.051348485174293,1.1838724838575347,,0.33198614062099036,-0.28636799654428163
140.262,0.19617878700531902,98.364,-0.22596071450214733,3,1.0119615734957084,1.1429640954935758,,0.2806101819149176,-0.27726354215314075
140.366,0.2239275043464502,98.359,-0.20411518735185247,3,0.9952602969313156,1.155597173429419,,0.26131414246210904,-0.2670907789448254
140.47,0.24533241603371875,98.36,-0.17971367149208722,3,0.9809638666034499,1.1599070055136826,,0.2445645562361957,-0.25570122141725793
140.574,0.2412978791652216,98.371,-0.15440889614173914,3,0.9692521634185068,1.1004967187437142,,0.23039132200651535,-0.2431710309980831
140.678,0.22958881187061425,98.356,-0.12992278820787917,3,0.9601295861643452,1.134482794279668,,0.21869987659160092,-0.22974316525151015
140.782,0.21779586448374816,98.366,-0.10665878503744927,3,0.9534900146876046,1.1102692615788177,,0.20930768196480062,-0.2156421356946252
140.886,0.194092039331532,98.362,-0.08524061403905779,3,0.949173916267644,1.111176821338275,,0.20201004938297545,-0.20111384823195685
140.99,0.16383051558155995,98.365,-0.06662864118357469,3,0.9469393853280841,1.0971411539723486,,0.19649378096555703,-0.1864662297025659
141.094,0.13740618884421912,98.367,-0.05096433255343645,3,0.9464872210257769,1.0752300276649602,,0.19244585587411997,-0.17197699432980476
141.198,0.11255159103084346,98.36,-0.037966527999931485,3,0.9475254866090191,1.092583562733788,,0.1896113712738175,-0.15785987069814378
141.302,0.08767844290138507,98.371,-0.027554566235457142,3,0.9497810600407959,1.0527933434435757,,0.18771143546203262,-0.14429879540494706
141.406,0.06556538459518775,98.362,-0.019585887205634353,3,0.9529924267938767,1.063893678561832,,0.18652834134437643,-0.13144716936581757
141.51,0.046752771660383864,98.367,-0.015,3,0.9568566309912004,1.049432060224424,,0.1857175270185857,-0.11954313372564404
141.614,0.030223653474546128,98.362,-0.015,3,0.9609593013232182,1.0627515104203298,,0.18483305994072816,-0.10892534699171738
141.718,0.016330543092281116,98.364,-0.015,3,0.9650619716552349,1.0654428136015126,,0.1838926066428544,-0.09943624046444967
141.822,0.0047273421450947815,98.372,-0.015,3,0.9691646419872526,1.0277997624691628,,0.18289715285995464,-0.09094235909307875
141.926,-0.004456820937379797,98.369,-0.015,3,0.9732673123192692,1.0098367602101928,,0.1818674319627354,-0.083329510698319
142.03,-0.011947388191712774,98.362,-0.015853018874712896,3,0.9773256256698021,1.0302487609325948,,0.18074138094832332,-0.07658441973701732
142.134,-0.017726965201089146,98.365,-0.017396085251138324,3,0.9812593425872744,1.034241687396078,,0.17945044980535999,-0.07068137884409423
142.238,-0.021942534707591374,98.371,-0.01945889924638998,3,0.9850055537254208,1.0078753206374367,,0.17793646485433917,-0.06558228338601144
142.342,-0.02502620713141606,98.356,-0.02190127382201866,3,0.9885174950578812,1.0612273288153624,,0.17619727105067945,-0.06124042623180646
142.446,-0.027145196645579135,98.365,-0.024614186818422076,3,0.991761361436595,1.0640217703974915,,0.1741894060049796,-0.05760419985261194
142.55,-0.0276693031677576,98.372,-0.02746454080871595,3,0.9947159379320014,1.031022707128363,,0.17188761592328425,-0.054614857237440056
142.654,-0.0284541954950203,98.365,-0.01538296273917994,0,0.9981505380795277,1.0372341350734737,,0.17080579867424955,-0.0507270777249446
142.758,-0.028201131340731468,98.367,-0.0031108487714984895,0,0.9966374066764234,1.0330430438241596,,0.17095641725247168,-0.04601169575286433
142.862,-0.026472874172593797,98.354,-0.005735706095050044,0,0.9956259326188142,1.095849522973242,,0.17087884318326535,-0.04202523700226189
142.966,-0.025315464448686372,98.37,-0.008210508740216019,0,0.9943492762428314,1.0710511828464961,,0.17055417578863635,-0.03867967373205183
143.07,-0.024213285639968572,98.365,-0.01056781278168474,0,0.9928213503191441,1.0740277348056881,,0.17000489586335937,-0.03589922088103448
143.174,-0.02194070155570907,98.367,-0.012749629152719391,0,0.9910573901340061,1.0665198460417873,,0.16924396210690676,-0.033610121355075316
143.278,-0.020234176186195628,98.367,-0.014724531832157176,0,0.989077280558244,1.059745930476598,,0.1682916082159716,-0.03174298278474635
143.382,-0.018264797031741074,98.373,-0.0015082874763491516,0,0.9876817207496527,1.0231340196485805,,0.16864155860742427,-0.028754768947856883
143.486,-0.016800087837321516,98.371,-0.003113470526399237,0,0.986889936128961,1.0004977902974344,,0.16883430998283194,-0.026220846098563094
143.59,-0.014584538372028156,98.363,-0.004527280126144589,0,0.9859411638904798,1.0212715915858595,,0.1689046256659641,-0.02407721490808455
143.694,-0.012987933597950717,98.368,-0.005742857705442389,0,0.9848556635186887,1.0150515799431508,,0.168860548526636,-0.022265614000207247
143.798,-0.011512817214255582,98.36,-0.0067987057845362575,0,0.9836520490126608,1.050454083323462,,0.16873303094121916,-0.02073736205239994
143.902,-0.010205270013860616,98.363,-0.007709855357257239,0,0.982346150628739,1.0673483432665187,,0.1685282227679826,-0.01945012511954918
144.006,-0.008486339178551502,98.363,-0.008463628072121782,0,0.9809536762858624,1.0825332517863633,,0.16826012924654601,-0.01836451471534203
144.11,-0.0073820306157229895,98.369,-0.00907059233828314,0,0.9794904436199723,1.0654948480032647,,0.16792997738674814,-0.0174461031134405
144.214,-0.006180634868125468,98.371,-0.009557659980302252,0,0.9779703212948573,1.0397574087120074,,0.16754557442129148,-0.016666522343969547
144.318,-0.005104459044043281,98.362,-0.009926293900594102,0,0.9764057024885017,1.0623341537410045,,0.1671367367092383,-0.016000336825333313
144.422,-0.004274181760035739,98.366,-0.010195792259265285,0,0.9748079008036403,1.0624294774016663,,0.166704032240359,-0.015426559273939789
144.526,-0.003400782129776668,98.359,-0.010376699418394503,0,0.9731866780318531,1.0980406272307424,,0.1662695008513489,-0.014927298201394877
144.63,-0.0027301701109331646,98.363,-0.010477317971770456,0,0.971550815923016,1.1096542304676151,,0.16583140952747716,-0.014487272659660187
144.734,-0.002251389378929004,98.366,-0.010518168102102404,0,0.9699075974426257,1.1044890408834864,,0.1653888779138613,-0.014094735607568276
144.838,-0.0019528490644969488,98.371,-0.010518597538019564,0,0.9682622324247907,1.0739738976385633,,0.16493588263262432,-0.01374101438441204
144.942,-0.0015976746844759127,98.371,-0.010485033809825267,0,0.9666185903901539,1.046216093915346,,0.16447666471831915,-0.013418917686564889
145.046,-0.0013091735270963107,98.368,-0.01041799895368592,0,0.9649801794819026,1.0365168405604146,,0.16402133541333214,-0.013122010685673112
145.15,-0.0008724256010776445,98.357,-0.010313251145210117,0,0.963350701272211,1.083923465699852,,0.1635954619845289,-0.012844061183299196
145.254,-0.0006298609388363748,98.37,-0.010173179082144684,0,0.96173395369584,1.0606622301194668,,0.16317519638887634,-0.012579735020350391
145.358,-0.00038254342067726136,98.363,-0.010007633145698441,0,0.9601330982554432,1.0752155533128176,,0.1627775233386804,-0.012325157846471898
145.462,-0.0003164453212055213,98.363,-0.009825789597135454,0,0.9585503070682673,1.0883444014498571,,0.16240343100081325,-0.012077758272775903
145.566,-0.0001678293557903907,98.373,-0.009632780917198241,0,0.9569870081969729,1.0491871465373699,,0.16203389213945663,-0.011835744146921599
145.67,5.8533336055369435e-05,98.36,-0.009420273347083535,0,0.9554447961706817,1.0799392097985863,,0.16169764027286335,-0.011596632935986274
145.774,-0.00012385248731783998,98.373,-0.009205478979808085,0,0.9539248038451343,1.0416152428511087,,0.16136837282295677,-0.011359937330888938
145.878,-0.00023177556909324088,98.367,-0.009005780675600566,0,0.9524263651385045,1.0375990640797166,,0.16105776429555224,-0.011126896716132071
145.982,-0.00021907175355231258,98.362,-0.008811033773237137,0,0.950948437582616,1.0596330649964762,,0.16077528095796786,-0.010897629532810163
146.086,-0.0002086786223756467,98.364,-0.008615085829644348,0,0.9494908261587172,1.0695047880310196,,0.1605163441848163,-0.010671649026402608
146.197,-0.0004098390097464583,98.36,-0.00841653666487488,0,0.9479570008631089,1.0990996186329323,,0.16021539555666553,-0.010445609688125397
146.301,-0.000713592467707742,98.363,-0.008256764138561495,0,0.9465385360167816,1.1100894491124171,,0.16000935909195643,-0.01022669478636899
146.405,-0.0006346668830836682,98.362,-0.008108682661661676,0,0.945136079578621,1.1247556192816206,,0.1598237508638914,-0.010015234416334987
146.509,-0.0008397416634814338,98.368,-0.00796716094294217,0,0.943748682506633,1.106874434863642,,0.15964546487290504,-0.009811052842335839
146.613,-0.0009229972365649838,98.359,-0.007840632402603603,0,0.9423752240481157,1.1363417606254063,,0.15949106694512102,-0.009614820732503221
146.717,-0.0010541154571376762,98.372,-0.007725251299535191,0,0.9410143448910555,1.0962017457329916,,0.1593328750944708,-0.009426817729067309
146.821,-0.0012409219211921923,98.368,-0.007626402280067418,0,0.9396646057003677,1.0801244645307135,,0.15917842304138777,-0.009247807582612292
146.925,-0.0012628741081871732,98.367,-0.007538408710454109,0,0.9383245823243116,1.0706913319488747,,0.15902914441604585,-0.009077931778155756
147.029,-0.001205811406020754,98.367,-0.0074485893940520465,0,0.9369938052183286,1.0622722246992733,,0.15888557102374223,-0.00891607333732871
147.133,-0.0009382260629991147,98.372,-0.007341888379300082,0,0.9356732471695652,1.0293624753039132,,0.15874002426555767,-0.008759754119297337
147.237,0.023236264948600104,98.365,-0.005964199394108111,0,0.9344298774007995,1.0356153545198121,,0.15873241002687627,-0.00848271446271741
147.341,0.03371057700928016,98.368,-0.0027847726491569136,0,0.9334234776500008,1.0264203422204252,,0.15903463246510008,-0.007918841486133123
147.445,0.017637669918467054,98.369,0.00010352715422654035,0,0.9327325996797158,1.0133774950298136,,0.15961799622781325,-0.007125377398260148
147.549,0.01480731833549526,98.375,0.002008857506573841,0,0.9322909904775285,0.9715377731621383,,0.16037607397568798,-0.006222212882098013
147.653,0.012660504809319859,98.36,0.0036553752732448597,0,0.9320340773775302,1.010686576218742,,0.16131467266945612,-0.0052457325152090286
147.757,0.010343085451675248,98.363,0.005069752929957677,0,0.9319363308395481,1.0313852657752396,,0.16240431069367303,-0.0042261100521947415
147.861,0.008149467440398964,98.371,0.006249556643486448,0,0.9319734817328184,1.009635946455614,,0.16360605726733704,-0.0031907784385152363
147.965,0.006240920988344375,98.365,0.007216047804922104,0,0.9321222399595869,1.0207749094624787,,0.16491146463905135,-0.00216232872341459
148.069,0.004516141758453396,98.367,0.007993606030896466,0,0.9323616887545005,1.0209332512365366,,0.16629775431115998,-0.0011587274469475
148.173,0.002990594149063205,98.362,0.008602147261228293,0,0.9326732147211423,1.046685872286679,,0.16775783596539284,-0.00019418703578672248
148.277,0.001672729843976005,98.363,0.0090628310720072,0,0.9330403403899217,1.0649181996333865,,0.16927410069023516,0.0007205597300804018
148.381,0.00068428343314834,98.365,0.009403586725558716,0,0.9334491409108463,1.07107280886601,,0.17082991581050377,0.0015785944533069061
148.485,-0.00026179579021704105,98.364,0.009643747046132217,0,0.9338881490624256,1.0814777393666484,,0.1724166779377041,0.00237559495108033
148.693,-0.0017163961037183401,98.361,0.009874397015444875,0,0.9348151296357321,1.1123456229261348,,0.17436029261994665,0.003308750349139078
148.797,-0.0021499343828434605,98.37,0.00989153879328461,0,0.9352915050932371,1.0829575639191755,,0.17603569654082454,0.004093233188968683
148.901,-0.0024698618591679263,98.37,0.009869500351840949,0,0.9357676259242349,1.0577557111517255,,0.17769034216287372,0.004757894072584273
149.005,-0.0023793951037718647,98.367,0.009835529952909011,0,0.9362408342955331,1.0524559087449705,,0.17933261509319326,0.00532580693964539
149.109,-0.0029874642969192518,98.363,0.009774644227214052,0,0.9367091101483507,1.06933637074672,,0.18096959713520308,0.005812081275539278
149.213,-0.0028054665592136957,98.368,0.009691602785836112,0,0.9371699017884805,1.0577021109561646,,0.18258943609555567,0.006228299182479106
149.317,-0.002768860105189642,98.365,0.009619928762428093,0,0.9376226482244414,1.0630687703574178,,0.1842005817101944,0.006586733486105079
149.421,-0.0028167032382625354,98.362,0.009547670431709537,0,0.9380679101779879,1.083361085001946,,0.1858092160314818,0.006895875531588882
149.525,-0.002717752491925829,98.364,0.009478069696880781,0,0.9385057954601258,1.091075446910751,,0.18741136459308647,0.007162850181731901
149.629,-0.002937371889256853,98.361,0.009402194192200203,0,0.9389361159778091,1.1131364543331004,,0.18901211453272898,0.007392577878230483
149.733,-0.0026984234425191196,98.368,0.009327323798088732,0,0.9393585977087554,1.096901162034827,,0.19059748442769217,0.0075898191657672726
149.837,-0.002419402983163534,98.356,0.009279387787094334,0,0.939774693506636,1.1431115106826284,,0.19219376972103494,0.007761231157623858
149.941,-0.0019828848282006086,98.361,0.009268659784044203,0,0.9401877387757867,1.1589030352991634,,0.19379345087698902,0.00791356719407036
150.045,-0.0020884168869186575,98.375,0.009275143057999119,0,0.940600563319024,1.1012721951838187,,0.195370902504801,0.008050712552308107
150.149,-0.0020247432424767703,98.368,0.009279449694411385,0,0.9410139489376006,1.0844633735483655,,0.19694125021400904,0.008174171726057307
150.253,-0.0015543713481451827,98.37,0.009311526698840028,0,0.9414292265055008,1.0590405205277007,,0.19850411515728406,0.008288214563092141
150.357,-0.0017999884308299613,98.367,0.009355290953474288,0,0.9418484478188724,1.0515223510798217,,0.20006738790352718,0.00839503859103562
150.461,-0.0018302820938562285,98.363,0.009384707849331625,0,0.9422714745520696,1.0653601209351886,,0.2016376190028934,0.008494006120722233
150.565,-0.0012961028835237296,98.366,0.009440326793648784,0,0.9426989231489558,1.0628329461425674,,0.20321132497513203,0.008588542986559823
150.669,-0.0014752612354127347,98.361,0.009514406822605154,0,0.9431331160924521,1.0861440108418858,,0.20479997010945866,0.008680961346167885
150.773,-0.0012991087270604294,98.362,0.009588330547697449,0,0.9435750052311591,1.1021633257463075,,0.20640081829361245,0.008771474568576363
150.877,-0.0014330490690518342,98.355,0.009664449305440609,0,0.9440246965789736,1.1521239500305251,,0.2080266992592895,0.008860518130346766
150.981,-0.0012703916364015808,98.366,0.009742061351898007,0,0.9444823819286062,1.140864778309885,,0.2096549881711674,0.008948375806301033
151.085,-0.0011742895752484433,98.361,0.009833128892033222,0,0.944948838616742,1.1555982185205844,,0.21129668133192328,0.00903651577206714
151.189,-0.0010285796637020993,98.369,0.009936770654748711,0,0.9454254201886257,1.1276596826178285,,0.21293718886422622,0.009126145031750112
151.293,-0.001063362832041171,98.359,0.010046180608110994,0,0.9459130804497456,1.1529554135724258,,0.2145968516021155,0.009217711268377666
151.397,-0.0012651894935827072,98.358,0.010143286850319483,0,0.9464114795530352,1.1805491964530206,,0.2162752996871315,0.009309811876864192
151.501,-0.0014062294699455158,98.364,0.010222564027356967,0,0.9469190505941256,1.1744068540431287,,0.21795826742364102,0.009400623813042092
151.605,-0.001475858142258607,98.368,0.010290886434663332,0,0.9474342968136018,1.1479340203315807,,0.21963715512082962,0.009489188416235014
151.709,-0.0015194737951516493,98.362,0.010353320137058891,0,0.9479563423507826,1.154167381948116,,0.22132349355511582,0.009575161238804687
151.813,-0.0015918188073649798,98.368,0.010409723884869132,0,0.948484567435374,1.1290331464892598,,0.2230050836504295,0.009658193885018287
151.917,-0.0013790688382614529,98.365,0.010473428690437409,0,0.9490190381647412,1.1214495032614826,,0.22468913739112759,0.009739306493822288
152.021,-0.0013194264939510615,98.365,0.010551297896303463,0,0.949560870742703,1.114619138026051,,0.22637732850071315,0.009820089469661493
152.125,-0.0015270776241390089,98.372,0.010621470645303693,0,0.9501104015023178,1.0728981505349375,,0.22805603419490764,0.00989980364904953
152.229,-0.001783850078123022,98.36,0.010667493367927022,0,0.950665974426457,1.0965577168329095,,0.22974701008799486,0.009976194581754555
152.333,-0.0017204037617593565,98.366,0.010703463131394114,0,0.9512258109598728,1.0877576455098952,,0.23143727685306512,0.010048586797982135
152.437,-0.001598801367220886,98.359,0.010749055427828086,0,0.9517898887204037,1.1156392299198303,,0.2331412775473484,0.010118339503325661
152.541,-0.0016370018205397493,98.371,0.010798984625205538,0,0.9523589335986126,1.0799020222835107,,0.23483599694367657,0.010186118883643142
152.645,-0.0017615427589473115,98.367,0.01084045127021313,0,0.9529327310606257,1.068147815703262,,0.23652944106506532,0.010251293361476638
152.749,-0.0016944456625994355,98.364,0.010878930835433648,0,0.9535106857255704,1.0731288899079092,,0.23822746426869487,0.010313831655917292
152.853,-0.0018782465515843317,98.363,0.010911341803437086,0,0.954092326698243,0.8362566446724525,2.6040837612546253,0.23984062377473972,0.010373306912039332
152.957,-0.0016483746892697313,98.359,0.010946148462053634,0,0.9546774629874997,0.8657989182939728,2.6040837612546253,0.24146710477997804,0.010430355583288238
153.061,-0.0017932601067624401,98.354,0.010985374415801025,0,0.9552664489725993,0.9179873773031193,2.6040837612546253,0.24311561644042554,0.010485662017174685
153.165,-0.0015781528948536055,98.36,0.011028251902857916,0,0.9558597043366207,0.9342587644545698,2.6040837612546253,0.24477330458317043,0.010539745776463397
153.269,-0.001551129513948344,98.363,0.011083720180741191,0,0.9564580736804191,0.933109606999809,2.6040837612546253,0.24643500693456405,0.010593964462819698
153.373,-0.00170229572176521,98.382,0.011132733031624958,0,0.9570618760429133,0.8348022562955817,2.6040837612546253,0.2480645176438616,0.01064763202635886
153.477,-0.001640481844352327,98.375,0.011177099561327813,0,0.957670534133198,0.781523818591673,2.6040837612546253,0.24967792672419764,0.010700360633388473
153.581,-0.0016551713925168324,98.373,0.011223916556151597,0,0.9582839337667581,0.7441452057666245,2.6040837612546253,0.2512813239361443,0.010752490792282592
153.685,-0.0018231747881686717,98.37,0.011261233517896846,0,0.9589017083660598,0.7265550551622361,2.6040837612546253,0.2528810329771482,0.010803150880580321
153.789,-0.0017142513701362638,98.374,0.011295478320806102,0,0.9595232041771236,0.6914029925021902,2.6040837612546253,0.25447034360332826,0.010852176357321375
153.893,-0.001546776194759733,98.358,0.011344095850572361,0,0.9601490088294864,0.7422307577433731,2.6040837612546253,0.2560820686506689,0.010901179042313604
153.997,-0.0014298256950454162,98.359,0.011407503515443479,0,0.9607806387919706,0.7840651092013623,2.6040837612546253,0.2577143440700969,0.01095161818015967
154.101,-0.0014471682242879823,98.369,0.011476090794779154,0,0.9614191324915533,0.7714676758241864,2.6040837612546253,0.25934781322384803,0.011003843506615252
154.205,-0.0012641281945004739,98.373,0.011553294344143178,0,0.9620652073142285,0.740067804870192,2.6040837612546253,0.2609764911428322,0.011058522533103911
154.309,-0.0012483164686251662,98.368,0.011640838184801522,0,0.9627198490011848,0.7376396242107052,2.6040837612546253,0.26261197837267736,0.011116444492083466
154.413,-0.0011491135367968155,98.365,0.011734362787660574,0,0.963383906247204,0.7512769406594583,2.6040837612546253,0.26426072785648413,0.011177885552813205
154.517,-0.0010175309464240888,98.368,0.011839888237673984,0,0.9640583140959726,0.7488136902451228,2.6040837612546253,0.26591807234133313,0.011243677269923567
154.621,-0.0011298489838094327,98.368,0.011946415444442832,0,0.964743748682894,0.7469617927025093,2.6040837612546253,0.2675843578286149,0.011313489222538345
154.725,-0.001136181713366418,98.364,0.01204677281133068,0,0.9654399412676453,0.7659796545024479,2.6040837612546253,0.2692665818514571,0.011386322925177557
154.829,-0.0012903819951837114,98.362,0.012138782461627001,0,0.9661461369372905,0.7935694923371849,2.6040837612546253,0.27096703914944975,0.011461058962971797
154.933,-0.0013342052937193574,98.357,0.012220494885745031,0,0.9668613661548049,0.8439252493107574,2.6040837612546253,0.2726929680784727,0.011536501133026067
155.037,-0.0014830237293650065,98.358,0.012292189939685588,0,0.9675845725611786,0.88399301474255,2.6040837612546253,0.2744396232891574,0.011611586919785248
155.141,-0.0014829850253250045,98.366,0.012356148447582677,0,0.9683148329527675,0.878811886701575,2.6040837612546253,0.27618982015069954,0.011685571170283973
155.245,-0.0013759319787931676,98.363,0.012425675726509516,0,0.9690520346052718,0.8886007386718962,2.6040837612546253,0.27794952359228225,0.011759117914891303
155.349,-0.001256659859697733,98.365,0.012506971914048898,0,0.9697970790780319,0.8865503067266404,2.6040837612546253,0.2797155952641717,0.011833428004750575
155.453,-0.0012365728220574547,98.366,0.012595514777738542,0,0.9705509551814562,0.8789289319941538,2.6040837612546253,0.28148673732886254,0.011909139524055439
155.557,-0.001256688039826075,98.365,0.012684056176061581,0,0.9713140396665049,0.8765557763450532,2.6040837612546253,0.2832648593810741,0.011986115874812556
155.661,-0.0012456593894860516,98.36,0.012772125072878254,0,0.972086307886901,0.8993628062232918,2.6040837612546253,0.28505901882414997,0.012064194698371437
155.765,-0.0012519284702688705,98.37,0.012860441467312106,0,0.9728677481424419,0.8685712533403154,2.6040837612546253,0.2868498809500935,0.01214327204912994
155.869,-0.0014289060674385376,98.36,0.012939229034492156,0,0.973657877803987,0.8912113737639633,2.6040837612546253,0.28865581377805594,0.012222328009069616
155.973,-0.0015165491611204467,98.367,0.01300425632574817,0,0.9744554858381709,0.8757262923896134,2.6040837612546253,0.2904617039994581,0.012299992213191755
156.181,-0.0016964540751938356,98.366,0.013106485915453353,0,0.9760680966221582,0.8666263553273795,2.6040837612546253,0.29355995287824893,0.01240077454129366
156.285,-0.0015842491655220813,98.371,0.013154080310077115,0,0.976882192861337,0.8275973257043184,2.6040837612546253,0.2953676208981214,0.012490947419165089
156.389,-0.0017696915957276299,98.367,0.013197866353633153,0,0.9777010408833012,0.816899761669884,2.6040837612546253,0.2971739531722165,0.012572679844598393
156.493,-0.0018330155312363096,98.364,0.013228716546171942,0,0.9785237699895422,0.8242751882723766,2.6040837612546253,0.29898426439677356,0.012646439902741741
156.701,-0.0017623077128868687,98.357,0.013291184855065058,0,0.9801789333261732,0.8743645497430483,2.6040837612546253,0.30213882389849833,0.012733488052946771
156.805,-0.0015709150314737305,98.354,0.013336048235499248,0,0.9810120962423339,0.9349055739949328,2.6040837612546253,0.30400163666842184,0.012810343539725063
157.013,-0.0015972489127969438,98.366,0.01344294111157704,0,0.9826942047253323,0.918462401725996,2.6040837612546253,0.30720658371485304,0.012902800897684346
157.117,-0.0016546369687026493,98.371,0.013492034008879966,0,0.9835433702270471,0.8677024556583227,2.6040837612546253,0.30906215421975175,0.012982884049503728
157.221,-0.0016286812832743349,98.36,0.013539492422918048,0,0.9843975563969519,0.8913963933709113,2.6040837612546253,0.31092791637135225,0.013054254922414712
157.325,-0.0016418032081442573,98.361,0.013587618192505396,0,0.985256712944405,0.9053970576381615,2.6040837612546253,0.3128009326103754,0.013119498456169621
157.429,-0.00155796763755888,98.366,0.013639421071669683,0,0.9861210657815934,0.8896949106649542,2.6040837612546253,0.3146712822599752,0.013180700999850395
157.533,-0.0015589385481239268,98.368,0.013695532913155256,0,0.9869910301842555,0.8652948356564554,2.6040837612546253,0.3165365494328265,0.01323943364991446
157.637,-0.0016068621193785172,98.366,0.013749102241585959,0,0.9878666980077533,0.8545071831215492,2.6040837612546253,0.31840148014661074,0.013296119665424778
157.741,-0.0015671017100516978,98.369,0.013802247085596603,0,0.9887479149682181,0.8294477939616046,2.6040837612546253,0.3202610405343804,0.013351255060837711
157.845,-0.0015960730844888766,98.366,0.013855952959421408,0,0.9896346881660102,0.8229224759054289,2.6040837612546253,0.32212202234801,0.013405318526648403
157.949,-0.0014971100703110218,98.368,0.013913298398512824,0,0.990527236032074,0.8071761398637008,2.6040837612546253,0.32398159224410344,0.013458986827449268
158.053,-0.0015032813004050584,98.369,0.013975469010376579,0,0.9914259987327874,0.7883095834901565,2.6040837612546253,0.32583920684689677,0.013512936185544864
158.157,-0.001568974782164848,98.361,0.014033902657223901,0,0.9923310328549539,0.8126762820261803,2.6040837612546253,0.32770994965959366,0.013566870592854222
158.261,-0.0015724225498490868,98.369,0.014088740959100149,0,0.9932419571184539,0.7943163305511275,2.6040837612546253,0.32957822444736373,0.013620495354104287
158.365,-0.001484281681269196,98.371,0.014147983302222972,0,0.994158813575494,0.7679522867960539,2.6040837612546253,0.3314416845308678,0.013674359590410924
158.469,-0.0017419633933166664,98.367,0.014198409521485406,0,0.995081372797778,0.7650891387353475,2.6040837612546253,0.3333078371685232,0.013727614808295869
158.573,-0.0019420344474492756,98.37,0.014225032596906634,0,0.9960079385833858,0.7478129108915915,2.6040837612546253,0.33516913955012406,0.01377797847180209
158.677,-0.002057773186490479,98.37,0.014235233563082622,0,0.9969364192191562,0.7328542771737089,2.6040837612546253,0.3370247953396926,0.013824153777970851
158.781,-0.0017770446782792346,98.372,0.014254013997255649,0,0.9978664068877452,0.7098798774356938,2.6040837612546253,0.3388728874409646,0.013867463849814167
158.885,-0.0014072790864529154,98.364,0.014306620124630437,0,0.9988001066575343,0.7307492702299402,2.6040837612546253,0.34073248221483715,0.013911615205343815
158.989,-0.0016342022760971432,98.366,0.01436665405691881,0,0.9997396637104262,0.740155508420939,2.6040837612546253,0.3426002579782091,0.013957272691497411
159.093,-0.0015346703222982596,98.367,0.014420063644943165,0,1.0006851198263742,0.7440905846662691,2.6040837612546253,0.3444736074809538,0.014003636532033348
159.197,-0.0018092445922767949,98.369,0.014464371032526152,0,1.0016356572250538,0.7378355676728398,2.6040837612546253,0.34634800895357026,0.014049739997039632
159.301,-0.0015507232850458814,98.362,0.014507843666046488,0,1.0025907591848306,0.7682809001090832,2.6040837612546253,0.3482364085067086,0.014095550103504346
159.405,-0.0018138194100007356,98.368,0.014551078409044876,0,1.003550369928187,0.7654450784944932,2.6040837612546253,0.3501269805715504,0.014141068300228656
159.509,-0.001629453621630037,98.369,0.014590219174541147,0,1.0045142641979843,0.7578477882309012,2.6040837612546253,0.35201764212737224,0.01418592322261882
159.613,-0.0012767160494212737,98.365,0.014657289314787353,0,1.0054836814348809,0.771526898766183,2.6040837612546253,0.35391872541973524,0.0142329576312656
159.717,-0.0016331144656698588,98.366,0.014724169091143685,0,1.0064600640674404,0.7788771540221603,2.6040837612546253,0.35582797383357073,0.014281937207592452
159.821,-0.001538927412859123,98.371,0.014777413876601114,0,1.0074426931772142,0.7600150629672496,2.6040837612546253,0.3577347699140182,0.014331314132808026
159.925,-0.0013319084101411937,98.369,0.014846321376946053,0,1.0084316742058501,0.7532024110769272,2.6040837612546253,0.35964494791535556,0.014382604574942639
160.036,-0.0015179724640901238,98.362,0.014921029881778652,0,1.0094951919535466,0.7831002006397478,2.6040837612546253,0.361673018792072,0.014436867402243645
160.14,-0.0014596143959906987,98.367,0.014984386328195404,0,1.0104988203919163,0.784460693444936,2.6040837612546253,0.3636061211106789,0.014491903254347023
160.244,-0.0016301345717871561,98.359,4.191034501187241e-05,0,1.0107287346143743,0.8265542363697468,2.6040837612546253,0.3640656005744002,0.013053150509543903
160.348,-0.0014132588049615483,98.37,0.00010184485256180265,0,1.0101847566800992,0.8078778515718136,2.6040837612546253,0.3645190835365719,0.01176576051086728
160.452,-0.0015390761254074762,98.381,0.00016651439932356682,0,1.0096472581566487,0.7345429296658458,2.6040837612546253,0.3649479679902792,0.010614313210869218
160.556,-0.0011410955368866185,98.363,0.000245336436025298,0,1.0091172211955377,0.7603558459965475,2.6040837612546253,0.3653888229870617,0.009586152300310168
160.66,-0.0012659547123454822,98.36,0.0003383607862061794,0,1.0085961202465452,0.7991943867428405,2.6040837612546253,0.36584786327871355,0.00867002361805927
160.764,-0.0008503798752516499,98.363,0.000446502350792119,0,1.0080854799251202,0.8189220680123747,2.6040837612546253,0.3663201006156942,0.007855994117263542
160.868,-0.0011976902121654878,98.362,0.0005581936693873496,0,1.0075862709136207,0.8415277332916147,2.6040837612546253,0.3668071568219,0.00713407041653866
160.972,-0.001171596004947088,98.356,0.0006531817492385489,0,1.0070978092308405,0.8920149109701323,2.6040837612546253,0.36731743212295753,0.0064933232870669965
161.076,-0.0010199376084959642,98.37,0.0007574129644803834,0,1.0066197069514051,0.8656338430905268,2.6040837612546253,0.3678250869942502,0.005926485193368151
161.18,-0.0009809531842578478,98.374,0.0008715576063982183,0,1.006152960216542,0.8207172697145635,2.6040837612546253,0.36832487293073557,0.0054271308276989845
161.284,-0.001143398335527036,98.372,0.0009792822905103499,0,1.0056977506866325,0.7899555844898,2.6040837612546253,0.3688213996077627,0.004987893857349662
161.388,-0.00057297685689415,98.355,0.0011082217436454295,0,1.00525484769186,0.8486509240354315,2.6040837612546253,0.3693483608698507,0.004604914531949711
161.492,-0.0017845202118277402,98.376,0.0012038228592128192,0,1.0048236208066599,0.7947445465459558,2.6040837612546253,0.3698632299433667,0.004269263731718506
161.596,-0.0008626754442388844,98.367,0.0012843596482383507,0,1.0044015530924983,0.7917174934792462,2.6040837612546253,0.370382566902279,0.003974771601225805
161.7,-0.0012245553537494301,98.377,0.0013940146098838507,0,1.0039893753493718,0.7382440882104487,2.6040837612546253,0.370891778376143,0.003720212836749017
161.804,-0.001043678433936466,98.366,0.0014942574160652228,0,1.0035881122901724,0.7462758880052549,2.6040837612546253,0.3714116551289345,0.0035007229028058058
161.908,-0.0010985533591504723,98.37,0.0016010523259656212,0,1.0031976151922093,0.7336927034541888,2.6040837612546253,0.37193579822103595,0.0033134685426975457
162.012,-0.001147920297160396,98.371,0.0017024266589784481,0,1.0028179428948776,0.7177446010591996,2.6040837612546253,0.37246266125135774,0.0031547229499018633
162.116,-0.0012121405965042438,98.366,0.0017978944556488047,0,1.0024485063882893,0.7293760524417608,2.6040837612546253,0.37300143665657,0.0030210928184349894
162.22,-0.0013214743938849505,98.368,0.0018843374392894935,0,1.0020885292422774,0.7302524177153512,2.6040837612546253,0.37354760247432006,0.0029091995426849537
162.324,-0.0015351333434415607,98.376,0.001953984800089445,0,1.0017366687941762,0.6907610146753622,2.6040837612546253,0.37408554484389356,0.0028152211371908677
162.428,-0.0015292406968489478,98.369,0.0020128283131353036,0,1.0013914898715153,0.6912324175278263,2.6040837612546253,0.37462824009762496,0.002736334849544539
162.532,-0.0015163905923882709,98.361,0.002072646449235979,0,1.0010524813546096,0.7330441728702627,2.6040837612546253,0.3751902551510259,0.0026711607114028443
162.636,-0.001512528757869079,98.359,0.0021333336061635094,0,1.0007197391129417,0.781398306407434,2.6040837612546253,0.3757739968202084,0.002618432204662056
162.74,-0.0015239765744478168,98.367,0.0021936262920240063,0,1.0003932878230986,0.7843758938414128,2.6040837612546253,0.37636368108632157,0.0025768644096332083
162.844,-0.0014194328246598309,98.374,0.002258759966411325,0,1.0000733587039885,0.7511893239329807,2.6040837612546253,0.37694727249728627,0.002545819763189449
162.948,-0.001446259505245111,98.371,0.00232793492839721,0,0.9997604136339697,0.7363738916886392,2.6040837612546253,0.37753162738207957,0.00252466470686492
163.052,-0.001805661115652428,98.364,0.0023770260192514797,0,0.9994536183986986,0.7587504544754359,2.6040837612546253,0.37812774613331585,0.0025104531722349465
163.156,-0.014272247791015786,98.373,0.0017591657192457116,0,0.9991172471645516,0.7332520878613874,2.6040837612546253,0.3786535042596994,0.0024366307737682656
163.26,-0.011802146783316906,98.36,0.0006214881645214415,0,0.9986895879619588,0.7764421773436658,2.6040837612546253,0.3790813503641756,0.0022577850331186164
163.364,-0.011710196809803692,98.36,-0.00038296273917994006,1,0.9981505380795277,0.8154579374948068,2.6040837612546253,0.3794223527791276,0.001997438557684229
163.468,-0.027903288962580087,98.367,-0.0024428639993435836,1,1.0019805490319653,0.814749434862542,,0.37956018055206153,0.0015594174652937007
163.572,-0.03734837443917526,98.368,-0.005835950496235323,1,1.0055270046210372,0.8085312612474607,,0.3793610220457211,0.0008296332659026566
163.676,-0.03351677748661531,98.373,-0.009520938396375925,1,1.0087054003414626,0.7770428392242444,,0.37878593050006265,-0.0001919357533579677
163.78,-0.046644664551363665,98.372,-0.013689333382351357,1,1.0114754201518106,0.7534784757157396,,0.37778865126100564,-0.0015242052583272088
163.884,-0.061413285547171896,98.369,-0.01930834678747441,1,1.0137364947258207,0.7475039284824877,,0.37623116185146094,-0.0032797153585775677
163.988,-0.06690337490329304,98.37,-0.02598081313089952,1,1.0153584123529071,0.7372073797698917,,0.3740062805054235,-0.005520689323946494
164.092,-0.07741254929855194,98.363,-0.033485241189396345,1,1.0162431314710934,0.7637711053942957,,0.3710424788462369,-0.00828132355221216
164.196,-0.09369848907197625,98.363,-0.04238301518466249,1,1.0162749360824839,0.7879075461594482,,0.36719933658302967,-0.011647879398748283
164.3,-0.10018664296215314,98.372,-0.05246504205043857,1,1.0153197910490999,0.7638181036892014,,0.3623407362522032,-0.015677473791305935
164.404,-0.10359765664984748,98.362,-0.0630618256302611,1,1.0132893478725453,0.7928495337902055,,0.3564309875639515,-0.020355446488327482
164.508,-0.11254549535027537,98.371,-0.07430126953426897,1,1.0101234208668308,0.7731779794339759,,0.34938682699820167,-0.02568125014192649
164.612,-0.11727075197627562,98.369,-0.0862517143952478,1,1.005751619645338,0.765444647027565,,0.3411392123946945,-0.03166111681200619
164.82,-0.12173666046880126,98.375,-0.11110848528953578,1,0.9931800667638038,0.7211327642274793,,0.32634620472295983,-0.04153920903031413
164.924,-0.12251308304968855,98.37,-0.12380947195249882,1,0.9849412869300583,0.713321764632885,,0.3136014819660166,-0.051334215110163256
165.028,-0.1240130629193151,98.381,-0.1366288315428853,1,0.9753754490911412,0.6453434731617063,,0.29957386246900025,-0.06113844949898464
165.132,-0.12144433091221812,98.377,-0.14939261602212667,1,0.9644792877606007,0.6092109672076824,,0.2842764780899724,-0.07099746426988292
165.236,-0.12445294757538126,98.372,-0.16217927450347985,1,0.9522545033961124,0.6054157264318716,,0.26771495501320447,-0.08095018028368144
165.34,-0.14069686824686645,98.37,-0.17596706492623865,1,0.9386478476886069,0.6135500377804072,,0.24978673782465735,-0.09112808666920623
165.444,-0.1287185715274626,98.375,-0.18997666779450167,1,0.923595727529972,0.5954607362635771,,0.23045847977278633,-0.10155573359586313
165.548,-0.11766560641542179,98.377,-0.2027886450475333,1,0.9071488852050256,0.5698746944400421,,0.20984924947515166,-0.11210303034814022
165.652,-0.12011057931721349,98.372,-0.2151530067056286,1,0.8893928732567051,0.5737086908097955,,0.1880123207494528,-0.12273178015794015
165.756,-0.12376305292322692,98.367,-0.22783443558213307,1,0.8703344802005806,0.6037489861991016,,0.164921526198693,-0.1334836654047841
165.86,-0.11417154222731125,98.371,-0.24020703452996273,1,0.8499732776975905,0.6110234263645778,,0.14059794007977688,-0.14432881256397018
165.964,-0.09312427039868203,98.382,-0.2509864167865129,1,0.8284081721719784,0.5620303578722073,,0.11518109231897314,-0.155108748058311
166.068,-0.08807372237459847,98.376,-0.2604087124107247,1,0.8057925793965606,0.5491002549494514,,0.08881742916583578,-0.16570473258951782
166.172,-0.0866562631689287,98.375,-0.2694946716589869,1,0.7822145573677804,0.5433904913337374,,0.06154040609724698,-0.17611148828625375
166.276,-0.08130384544403288,98.372,-0.278228597306862,1,0.7577099013243946,0.5543572424769123,,0.03338858212989399,-0.1863208013067712
166.38,-0.06395295072545694,98.383,-0.2857819507076743,1,0.7323583067704839,0.5090672657888432,,0.004458942836828217,-0.19624114383372426
166.484,-0.0486446891485933,98.383,-0.2916370279811257,1,0.7063094738215043,0.46898935399096936,,-0.025078659814731376,-0.2057377808113426
166.588,-0.046945034171609355,98.387,-0.2966076935937756,1,0.6796977022424548,0.41357320403523284,,-0.055142536284553276,-0.21476977362036373
166.692,-0.0461517831033583,98.385,-0.30144872809207457,1,0.6525757222576286,0.37511848152241595,,-0.08571490944863826,-0.22337430017164256
166.796,-0.03388672020035102,98.389,-0.30561073026386687,1,0.6249855843659651,0.3217442364136739,,-0.1167338335305554,-0.231529424711516
166.9,-0.023265843885409632,98.376,-0.3085826635963269,1,0.5970244818280729,0.34164406779635265,,-0.14805625603958042,-0.23916412764165382
167.004,-0.014393159942856587,98.386,-0.31054093179539644,1,0.5688070088105488,0.3106019346682963,,-0.17959861476548902,-0.2462315626094002
167.108,-0.007511524073804989,98.387,-0.31167997536426284,1,0.5404284755810844,0.2792271847490616,,-0.211279083532506,-0.2527083865592235
167.212,0.000990068668496992,98.391,-0.31201909104533876,1,0.5119730780706306,0.23238982733796368,,-0.24302261013126084,-0.2585751553446559
167.316,0.005566017621725336,98.39,-0.3116781745582472,1,0.4835177742020822,0.19718193340736834,,-0.2747565504650752,-0.2638259305272621
167.42,-0.002896146153990066,98.395,-0.31153934124192495,1,0.45508741732331875,0.14211718896642017,,-0.3065060068206904,-0.26854235597763637
167.524,0.0011211137412252016,98.38,-0.31163164292738876,2,0.42665948008935234,0.17106634439293208,,-0.33826376725946694,-0.27280060385859733
167.628,0.006075189302561358,98.384,-0.3119372162869719,2,0.3982108533530512,0.17904858608942079,,-0.37005658360341687,-0.2766674217883346
167.732,0.00810360597850283,98.39,-0.31187970005021637,2,0.36974932764635493,0.15757667501940173,,-0.40185726716720255,-0.2801458998960472
167.836,0.00973943711164366,98.39,-0.31163164292738876,3,0.3413036917543574,0.13989086004761334,,-0.433644313246601,-0.28325579127381517
167.94,0.010873197505753683,98.398,-0.3105597859272844,3,0.31292669139676,0.0849098661571497,,-0.46534765843204856,-0.28595230587956244
168.044,0.01170721736997967,98.386,-0.30938560435374596,3,0.28466648504498454,0.09815601163523793,,-0.4969324409559962,-0.2882662718731527
168.148,0.012129125017754728,98.391,-0.30814611454958407,3,0.2565317896048568,0.08655034408284759,,-0.5283990219469334,-0.2902291251378561
168.252,0.012246266006473447,98.4,-0.3068785942163239,3,0.22852745869186739,0.03193434209794988,,-0.5597576343908032,-0.29187285694665976
168.356,0.014904144087971184,98.394,-0.3054667728914131,3,0.20066245354511075,0.014922391468264838,,-0.5909799181193495,-0.2932147669833545
168.46,0.025468534135134287,98.394,-0.30336739362381127,3,0.17298003082915672,0.0014735758915616858,,-0.6219955851133133,-0.2942167996502434
168.564,0.05837168925229158,98.401,-0.2990077020076658,3,0.1456334797991657,-0.044435042707167784,,-0.6525914878057988,-0.29468936328979084
168.668,0.09174013303973351,98.397,-0.2912018872484795,3,0.1189195351006842,-0.06364062231180932,,-0.6824169370018326,-0.29434448186005313
168.772,0.13059768316289433,98.39,-0.2796403208059445,3,0.09321269422469938,-0.04334632583899086,,-0.7110851363035774,-0.29289204558284737
168.876,0.17377145484433232,98.395,-0.2638131256295665,3,0.06893006895289108,-0.048615133879537156,,-0.7381796711616458,-0.29002027346350684
168.98,0.21841889598665248,98.4,-0.24341922738635824,3,0.04653094053890758,-0.07726228572306315,,-0.7632522454402528,-0.28541844344217426
169.084,0.2425085856645451,98.396,-0.2194509983404928,3,0.02643864274395019,-0.08125436435024752,,-0.7859344667593108,-0.27890447957484993
169.188,0.2547926798768382,98.396,-0.19359133253234467,3,0.008937395481406651,-0.08331884062350775,,-0.8060301773677361,-0.2704804494091489
169.292,0.2688405213859168,98.399,-0.1663624060666778,3,-0.005803244982902911,-0.09901901474773434,,-0.8233997932153604,-0.26019977163609503
169.396,0.269584138928325,98.402,-0.13836432373034147,3,-0.01767208098950443,-0.12710047414737166,,-0.8379625658110152,-0.24816983489772562
169.5,0.25662648352875017,98.4,-0.11100137136257006,3,-0.026662143191495596,-0.1408976219312863,,-0.8497673877977003,-0.23462606078659368
169.604,0.23685849431533193,98.393,-0.0853401525146744,3,-0.0328949484902713,-0.11629724466831454,,-0.8589611318069715,-0.21988592265505
169.708,0.21012003369818721,98.386,-0.06209726905797476,3,-0.03658474046920712,-0.05724313354542369,,-0.8657640993855072,-0.20430629843386613
169.812,0.17952442143344866,98.403,-0.04183575739112712,3,-0.0380123039017192,-0.08958686759644091,,-0.8704959636274198,-0.18826446363983504
169.916,0.1496038465684374,98.397,-0.024721087455031557,3,-0.0374963058908781,-0.08774840558615266,,-0.8734525242012395,-0.17211673378565664
170.02,0.1206306071793599,98.403,-0.010668895860144204,3,-0.035359631080425336,-0.11594283675243078,,-0.8749446703595474,-0.15617593729367737
170.124,0.0940547035531066,98.401,0.0004947402979423726,3,-0.031911733226818784,-0.13055593921532171,,-0.8752532394008766,-0.1407068280680767
170.228,0.07005859507861402,98.4,0.009028631826793018,3,-0.027439563933490507,-0.13786384969714033,,-0.8746371391211627,-0.1259224695097665
170.332,0.04903005065195918,98.402,0.015,3,-0.0222131211356566,-0.15380498552979502,,-0.873355120844102,-0.11200825798856406
170.436,0.031331521554680754,98.398,0.015,3,-0.016676167192814617,-0.1470315432612776,,-0.8719913552095573,-0.099467837846712
170.54,0.016401735258910168,98.394,0.015,3,-0.01113921324997369,-0.1197454112137396,,-0.8705467464495535,-0.0881655604307413
170.644,0.0040066156488649,98.398,0.015,3,-0.005602259307131652,-0.11489959238086772,,-0.8690357899568131,-0.07797918664932776
170.748,-0.006089494652271515,98.398,0.014891690291822898,3,-7.093746911590593e-05,-0.1101548900906248,,-0.8674754822318883,-0.06880923260072488
170.852,-0.014142519583466105,98.402,0.013839625551564358,3,0.0054000448975823345,-0.1259104815205762,,-0.865971132753213,-0.06064853003124409
170.956,-0.02019097411262187,98.398,0.012054283879368119,3,0.010723482130831241,-0.11950598738678155,,-0.8645930933388628,-0.0534698221741611
171.06,-0.02471821867925474,98.403,0.009719005854190124,3,0.015832647139818412,-0.13881476725157726,,-0.863409479854021,-0.04723045944769635
171.164,-0.027624842915362265,98.406,0.0069971666512704395,3,0.02067884205294329,-0.17116031743350052,,-0.8624678695214277,-0.04187586832275195
171.268,-0.029456882601569485,98.405,0.004028916924389628,3,0.025229152341719574,-0.19475999669338506,,-0.8617945040220392,-0.0373430182559711
171.372,-0.030337688197102218,98.397,0.0009195992428582961,3,0.02946342912525879,-0.17469040188317067,,-0.8613933193256643,-0.033564688532967485
171.476,-0.03030710906864805,98.402,-0.002233930214960253,0,0.033372037857550496,-0.18130240171776082,,-0.8612817427359911,-0.03047075820922553
171.58,-0.02968203763293878,98.4,-0.005468557477014954,0,0.032551207026926154,-0.17656728623979545,,-0.8614692453316918,-0.028001659176328148
171.684,-0.028447598433947226,98.404,-0.008606490186064228,0,0.031399003077804966,-0.1921224544537197,,-0.8619565320892257,-0.026086160767382623
171.788,-0.026965729934930096,98.396,-0.011603174894817922,0,0.029927799022957946,-0.16502105374515602,,-0.8627186484228386,-0.024655643309704604
171.996,-0.027513805783503303,98.404,-0.0024994298766784495,0,0.02762052518543967,-0.18528138097944852,,-0.8649345288664556,-0.02190010320587215
172.1,-0.02355519439979474,98.397,-0.005270209519781244,0,0.02679620246618264,-0.1593851908976311,,-0.8649051097210593,-0.01991944816571651
172.204,-0.020697195778248814,98.403,-0.007686525442611558,0,0.025702150777496713,-0.17081968909115608,,-0.8651549274735775,-0.01851264785459205
172.412,-0.01863981332170344,98.395,-0.012007957656149981,0,0.022813321593942892,-0.13253387651031737,,-0.8677127325235645,-0.017623395814542208
172.516,-0.015216060502478042,98.395,-0.013883654728578942,0,0.02104665627929625,-0.09984264647410036,,-0.8685707832760221,-0.017142221214708625
172.62,-0.012468465729282428,98.397,-0.0004384417262022905,0,0.01988160579300613,-0.08456391473694813,,-0.8679278804217656,-0.015099268412543342
172.724,-0.010300945507990968,98.406,-0.0017376427441121028,0,0.019348147929908355,-0.12219419780910033,,-0.8674807136544636,-0.013529287781610104
172.828,-0.008385011595719416,98.404,-0.00282450414707687,0,0.018690614820925266,-0.14373974652634505,,-0.8671860310587574,-0.01231167890209802
172.932,-0.006543314456256025,98.404,-0.003715968735351252,0,0.017930208760397526,-0.16246430151347147,,-0.8670119506109294,-0.011359364135210666
173.036,-0.004972263372130695,98.412,-0.004429970415999088,0,0.017086318453885974,-0.22079514784687473,,-0.8669459152496795,-0.010607873603989624
173.14,-0.0036135540630060524,98.395,-0.004991624556197907,0,0.01617609404469078,-0.18371712691586134,,-0.8669357959932609,-0.010009199004535252
173.244,-0.002303189571523104,98.407,-0.005414486858765069,0,0.015214674780471227,-0.21210891582879396,,-0.866985532405533,-0.009526210205286809
173.348,-0.0014540705117635465,98.408,-0.005725056016667798,0,0.014215117080307427,-0.24224863700107704,,-0.8670818897207133,-0.009131122888688043
173.452,-0.000706981937141467,98.391,-0.005952622377582498,0,0.013187576333165363,-0.18192568021151856,,-0.8671850620699789,-0.008803711963368684
173.556,5.609543217677905e-06,98.398,-0.006104285375638299,0,0.01214031565935636,-0.16292494197251897,,-0.8672998841747374,-0.00852765780520116
173.66,0.0011313136288971656,98.409,-0.006160357004259945,0,0.011082252784960223,-0.2017213434157834,,-0.8674348962943158,-0.008286999682881964
173.771,0.0012488694728291908,98.395,-0.006151201758714711,0,0.009950370280911724,-0.16512897406139782,,-0.8676149076797232,-0.008068293586852047
173.875,0.0016888157557897016,98.395,-0.0061136337603982654,0,0.008892297363276236,-0.13192266051770254,,-0.8677234196447896,-0.007869333568871498
173.979,0.0021931070792006696,98.402,-0.006026965406550525,0,0.007840684735953452,-0.13813246732765147,,-0.8678261598151397,-0.0076827315018245254
174.083,0.0024557147934926027,98.399,-0.005900418302742197,0,0.006800159312429277,-0.1286817655259286,,-0.867913785431693,-0.007502940763226524
174.187,0.00232200633422683,98.399,-0.005767168437672512,0,0.00577314333128609,-0.12044986557588763,,-0.8679859293038513,-0.0073284190103306765
174.291,0.0026606605816944626,98.396,-0.005623261391616244,0,0.004760539509521933,-0.09804878399031479,,-0.8680368021079047,-0.007157428477865199
174.395,0.0027606072765596385,98.399,-0.005456547096558809,0,0.003764087997495502,-0.09358322988601461,,-0.8680699354461814,-0.006987245558325363
174.499,0.002739569216945476,98.401,-0.0052857295524681575,0,0.002785188141104844,-0.10025992855809661,,-0.8680885245065084,-0.006817311916876325
174.603,0.002604848872364539,98.408,-0.0051230114453958,0,0.0018236321385746157,-0.14239961496320086,,-0.868104945711305,-0.0066483626032929006
174.707,0.002506369937301214,98.404,-0.004972419700864886,0,0.0008783682483280986,-0.16024617761768536,,-0.8681124111383691,-0.006481445296757044
174.811,0.0026476483560887057,98.402,-0.004819602383180313,0,-5.1118370683833625e-05,-0.1660767253456861,,-0.8681067310937239,-0.006316091643246398
174.915,0.0026339254901319117,98.401,-0.004660152176748492,0,-0.000964367078441275,-0.16606019127727206,,-0.8680853050386101,-0.006151454585929455
175.019,0.0022750517586993713,98.394,-0.004520076993381042,0,-0.0018620404659291934,-0.13018639862801534,,-0.86803833268539,-0.005989342793732092
175.123,0.002319696174152986,98.398,-0.004396341734444434,0,-0.002745995710417559,-0.11817025637296323,,-0.8679752291992462,-0.005831109687493347
175.227,0.0021613020285938633,98.41,-0.0042785214614732975,0,-0.0036173900672468173,-0.1685958852415518,,-0.867916945902448,-0.005676960557370835
175.331,0.001967961043397559,98.401,-0.0041789914153014945,0,-0.004477482207480121,-0.16832365883553613,,-0.8678487354389687,-0.0055282659838691095
175.435,0.0017582197841320443,98.398,-0.004100421645841637,0,-0.005328313157301312,-0.15260503766859268,,-0.8677676435595956,-0.0053865400191187175
175.539,0.0017388529390928436,98.398,-0.004033765497805611,0,-0.006171592359412004,-0.13828621525229606,,-0.8676753231543607,-0.005252260903295679
175.643,0.001725981426182456,98.402,-0.003968785744383044,0,-0.007008026494647157,-0.14571404347814118,,-0.8675790397415244,-0.005124857628088777
175.747,0.0016108429838864221,98.393,-0.00391046250863121,0,-0.00783804887444528,-0.1066758594059068,,-0.8674643456595742,-0.005004284724202557
175.851,0.0014728672897521677,98.402,-0.003865301207973751,0,-0.008662690058349853,-0.11739542682840637,,-0.8673487597951217,-0.00489118064894168
175.955,0.004579759822895965,98.386,-0.003665756231687703,0,-0.009474606515853634,-0.045989535600501195,,-0.8671903584515701,-0.004769524137551275
176.059,0.043413871473221254,98.401,-0.0012852790378616447,0,-0.01015236182051138,-0.05831617460090597,,-0.8668010212891907,-0.004424786786951486
176.163,0.03915166388457718,98.408,0.0028929371671725795,0,-0.010489065068428283,-0.10576668511461633,,-0.8660138529472098,-0.003701495493581071
176.267,0.034725464338769954,98.4,0.006619356201214496,0,-0.01041472728391335,-0.1083630569875864,,-0.86485727133928,-0.0026816710815995327
176.371,0.030584024993530294,98.396,0.009900258012922755,0,-0.009976008815419823,-0.09051338130450154,,-0.8633673023579476,-0.0014386024438442068
176.475,0.026111295953928824,98.398,0.012733223068618502,0,-0.00921936926982092,-0.08474614321437719,,-0.8615910391465488,-3.857867805511389e-05
176.579,0.02247524189373854,98.394,0.0001445314031258138,0,-0.008970027507931744,-0.05944209184299538,,-0.8610409282542398,-1.9892597643777385e-05
176.683,0.019145528027948177,98.4,0.0021936198054815503,0,-0.009268745115725063,-0.06750512272029782,,-0.8602922643326014,0.00019927541208476348
176.787,0.015884348038999727,98.399,0.0038999817273913107,0,-0.009372179306657125,-0.07012784923696559,,-0.8593760995099949,0.0005652833467502941
176.891,0.012960851815425296,98.402,0.005284740486249551,0,-0.0093148752221891,-0.08807615276974583,,-0.8583283583413913,0.0010318684092232861
176.995,0.010500995601484925,98.4,0.006389564918357238,0,-0.009128112811790934,-0.09433129122007111,,-0.8571723248764153,0.0015614626674178016
177.099,0.008205165058371804,98.406,0.007247093639097979,0,-0.008839308037444593,-0.13055422781175327,,-0.8559417136298347,0.00212341656329978
177.203,0.006106499065124234,98.393,0.007876108539948079,0,-0.008473202994775275,-0.09704749913503566,,-0.8546363171990043,0.0026919985108011953
177.307,0.004249678205570191,98.395,0.008299438124452385,0,-0.008052376038868103,-0.07682950176694303,,-0.8532806526689886,0.0032462416502747945
177.411,0.0027342135672851512,98.396,0.008547408863069206,0,-0.007596641466158016,-0.0638206468374596,,-0.8518943860489717,0.003770245974846704
177.515,0.0015018642897990393,98.406,0.008652493278065776,0,-0.007122548025460307,-0.10315888547422838,,-0.8505086180717292,0.004252871059776399
177.619,0.0005547893542919814,98.402,0.008644247633986912,0,-0.006643418968674708,-0.11848722177474891,,-0.8491269539258942,0.004687022440319879
177.723,5.730184069161577e-05,98.402,0.008560884742554287,0,-0.006169053555736048,-0.13220176422976324,,-0.8477565086050124,0.005070070713282132
177.827,-0.0008961917178644759,98.401,0.008402070835369646,0,-0.005707281336325143,-0.1392612061259845,,-0.8464028218082434,0.005399614850766307
177.931,-0.001055344736792019,98.403,0.00818539930615575,0,-0.005265034359607124,-0.15548894750829242,,-0.8450748122342235,0.005675222062786495
178.035,-0.0010556898152113121,98.404,0.007960433875879913,0,-0.004845752504782586,-0.17484491762384488,,-0.8437745792452945,0.005901397976189839
178.139,-0.0013399635796821,98.398,0.007720668265773611,0,-0.004450636664057872,-0.16133247847013094,,-0.8424932653131229,0.006081574027643681
178.243,-0.001354537901868469,98.407,0.007465362555161337,0,-0.004081264532010631,-0.19438854092120086,,-0.8412476117105806,0.006218740760273396
178.347,-0.0012426823733345574,98.396,0.0072151154672789874,0,-0.0037381811454847425,-0.1678275993741042,,-0.8400181891298149,0.006317665915481313
178.451,-0.0013747382695255984,98.402,0.006963817960278618,0,-0.0034211780778933276,-0.17383704722614426,,-0.838815772029534,0.006382009667734561
178.555,-0.0010120681413091762,98.4,0.006724512393343429,0,-0.003129686370145879,-0.1687494398864603,,-0.8376358028350804,0.0064163744266286385
178.659,-0.001211601242326193,98.393,0.006493689951822812,0,-0.0028626413188385103,-0.12821767366228015,,-0.8364662458334826,0.006424570617503367
178.763,-0.0008846517901136604,98.411,0.006269493160564188,0,-0.0026192572676358994,-0.18307703794911118,,-0.8353371776343874,0.006409801326302578
178.867,-0.0006416254139668029,98.401,0.006074935112380275,0,-0.0023976484680837684,-0.18163242783543412,,-0.8342277439477769,0.006377280859106392
178.971,-0.00045739166747253235,98.395,0.005902594590573795,0,-0.0021951183941714136,-0.14943188071918212,,-0.8331260093834189,0.006330966648329048
179.075,-0.00048009488475901093,98.404,0.0057386536562859525,0,-0.002010074955976049,-0.1659481507104349,,-0.8320468238364659,0.006273032131846395
179.179,-0.00035209187034301875,98.393,0.005580188311448964,0,-0.0018417966442950684,-0.12483277033534027,,-0.8309712697405891,0.006205186254195986
179.283,-0.0004435132185470249,98.401,0.005423625213254957,0,-0.001689899811651796,-0.1284201162799791,,-0.8299135198103464,0.0061285790979883365
179.387,0.00035006528153433696,98.401,0.005303574286958657,0,-0.0015523869082821884,-0.13185207692979561,,-0.8288699780695165,0.006047680675985707
179.491,0.0004924312150177529,98.405,0.005232192471207597,0,-0.0014248285074985878,-0.15542183163459905,,-0.8278423094791346,0.005967712545819185
179.595,0.0002566733791570764,98.396,0.005155954276532981,0,-0.0013049463472573075,-0.1309791688000046,,-0.8268156474009377,0.005888120891245137
179.699,0.0004808443798401291,98.401,0.00507911356642915,0,-0.001193024290064515,-0.13432243274619743,,-0.825798920777799,0.005808798920892387
179.803,0.0007756162662068996,98.409,0.0050292578864518656,0,-0.0010876904451561087,-0.17810151408723182,,-0.8248023620469507,0.005732369560138984
179.907,0.0009135137511887085,98.388,0.005001901013784671,0,-0.0009863716529848743,-0.11076214150359044,,-0.8237883108788151,0.005660809097717946
180.011,0.0009873864442459083,98.397,0.004985556190375495,0,-0.0008873253490101485,-0.0957172858547864,,-0.8227723454662994,0.0055947049792304734
180.115,0.0010672116087778222,98.398,0.0049772036555611465,0,-0.0007895633076623332,-0.0875739111074757,,-0.8217558521590148,0.005534305065266918
180.219,0.0011372061348438262,98.392,0.004976641744657673,0,-0.0006922648174924051,-0.050113619694466295,,-0.8207287081437334,0.00547982604017602
180.323,0.0012328981490322642,98.393,0.004984695533847561,0,-0.0005945767496512433,-0.02194631040170319,,-0.8196930063579657,0.005431530572179896
180.427,0.0014714733623711483,98.384,0.005010131218868785,0,-0.0004951472291513381,0.04842484391373047,,-0.818633603529708,0.0053905396782141235
180.635,0.001400916263190992,98.401,0.005078476472783755,0,-0.0002865349705022391,0.030202416924418177,,-0.8170170013176196,0.005352404256836468
180.739,0.001602179220694169,98.399,0.005119445804374123,0,-0.000176544482730967,0.012004931337827372,,-0.8159628906140561,0.005325319560494837
180.843,0.0011212655880218974,98.392,0.005145873300855641,0,-6.304935990020244e-05,0.035251552183386624,,-0.8148992362857932,0.005305347349381066
180.947,0.0016006605248788412,98.396,0.00517222182515481,0,5.31901160106818e-05,0.03280766587481321,,-0.8138343269539423,0.005291123669326215
181.051,0.001385110468972711,98.39,0.0052122902832633655,0,0.00017288327500708522,0.06231499085882196,,-0.8127566788849481,0.005283173416304973
181.155,0.0014815105705079182,98.402,0.005246162943744748,0,0.00029642137217023024,0.02409652361909014,,-0.8116884931006544,0.005279844358422134
181.259,0.0015023242677245788,98.404,0.00528613072176104,0,0.00042379917213553053,-0.020685065518741542,,-0.8106312471363301,0.005281121752029517
181.363,0.0011494138512106555,98.397,0.005308829470373977,0,0.0005544356314853838,-0.02448708733207461,,-0.8095737579427753,0.0052846177360893025
181.467,0.001382996629055175,98.4,0.005325323181776087,0,0.0006871100987556611,-0.04335751609994486,,-0.8085214419318988,0.005289414811069103
181.571,0.0011447597554599131,98.394,0.005341574880199096,0,0.0008214873273372225,-0.029463906000408855,,-0.8074639562585494,0.005295351587349446
181.675,0.0012555855771574703,98.4,0.005351201203923572,0,0.0009572102130700477,-0.047582707408657166,,-0.8064121049314982,0.005301618146686843
181.779,0.0014229350073612,98.396,0.005375292640746709,0,0.001094686422351665,-0.04344574623708612,,-0.805357379437536,0.005309654608816608
181.883,0.001418182694872644,98.4,0.005407839127691216,0,0.0012351078036693108,-0.0599378767011466,,-0.8043054459768992,0.005320116206138626
181.987,0.0014462883742330948,98.389,0.005441599989712997,0,0.0013789771671329776,-0.018688490521971322,,-0.8032379493343897,0.005332891959172735
182.091,0.0014685916940709962,98.4,0.005477982119693137,0,0.0015264939661806531,-0.03735013666175855,,-0.8021735500108631,0.0053479834595776005
182.195,0.0016523893121035654,98.395,0.005525081498442497,0,0.0016783518036825873,-0.028815113737306552,,-0.8011025858902885,0.0053662345921364155
182.299,0.0015373400129138472,98.388,0.005575755789771708,0,0.0018352938720284095,0.014470697871832127,,-0.800013747771407,0.005387693961782628
182.403,0.0015272747877337135,98.393,0.00561992412583362,0,0.0019971677569984303,0.02791924884693386,,-0.7989171027260868,0.0054113813185205275
182.507,0.001628910149558598,98.4,0.005668854109001253,0,0.002163882754568802,0.003969462484279701,,-0.7978239526410137,0.005437534854240218
182.611,0.0015953997907061704,98.393,0.005721326592323217,0,0.0023358706803963125,0.0175987635951369,,-0.7967220986271195,0.005466275679589588
182.715,0.0015148264017442413,98.4,0.005767866720758963,0,0.002513007262035516,-0.006020820925982088,,-0.7956238463693541,0.005496746500146217
182.819,0.0014666223550867503,98.389,0.005807710422542411,0,0.0026946358028457906,0.028422505690634804,,-0.794511586555046,0.005528136449859848
182.923,0.0013966541313072415,98.404,0.005841409166263134,0,0.002880088550822557,-0.017049278408027477,,-0.7934110532946638,0.005559719807500564
183.027,0.0013856230880931499,98.393,0.005870895948100252,0,0.0030688269461279782,-0.002294125442435898,,-0.7923037203184998,0.00559108602513711
183.131,0.0013565281447729981,98.397,0.005898296178637519,0,0.003260523466077081,0.02641269341675298,0.0,-0.7911854192366667,0.0056220581697087775
183.235,0.0012635557483497446,98.395,0.005919348907508282,0,0.0034547395399154857,0.030188928823859686,0.0,-0.7900646135398126,0.005652040900026201
183.339,0.0011415571064218538,98.395,0.005929223142384699,0,0.0036505638158687015,0.03357187212336574,0.0,-0.7889425345084832,0.0056800292366680745
183.443,0.0011079663583202515,98.396,0.005931006728979671,0,0.0038469942985382977,0.031446346899764575,0.0,-0.7878217146529142,0.005705420893582665
183.547,0.0009810463549924972,98.394,0.005924443756500086,0,0.004043176253142211,0.03967974046500433,0.0,-0.7866997392069728,0.005727653442816308
183.651,0.0008839038005468218,98.396,0.005906229531016549,0,0.004238069793451538,0.036829827400829344,0.0,-0.7855812435298541,0.0057458854883307466
183.755,0.0007899716385370484,98.392,0.005878079420277127,0,0.004430552388277831,0.054539055175242955,0.0,-0.784460786075284,0.0057595396714917
183.859,0.0009302320678449237,98.403,0.005852338379437272,0,0.0046202326432215335,0.014422235339943948,0.0,-0.7833562455229667,0.005769286056848816
183.963,0.0009419887837567315,98.392,0.005834502230148753,0,0.004807646884278705,0.0341120798614425,0.0,-0.7822481369202297,0.005776313958568025
184.067,0.0009721591037191895,98.403,0.005818846286725854,0,0.004993319536515162,-0.004000885660552797,0.0,-0.7811543305471034,0.005781086447211256
184.171,0.00112058140707483,98.398,0.00581247715971539,0,0.0051778468850885995,-0.012876675860090947,0.0,-0.7800647678994233,0.0057847543370896
184.275,0.00095805707777733,98.395,0.0058053747273559275,0,0.005361673712574899,-0.0052777790015573565,0.0,-0.7789743767293654,0.0057873604549019955
184.379,0.001035941423102145,98.399,0.00579387101583001,0,0.005544533020579556,-0.018483645836818493,0.0,-0.7778900902004932,0.00578856753714947
184.483,0.0011957323604999317,98.398,0.005794726419005525,0,0.0057268386165495455,-0.0250345739704978,0.0,-0.776808614230159,0.0057897366305535575
184.587,0.0012024462694434888,98.396,0.005804240074190947,0,0.0059096834035542445,-0.020434298372460025,0.0,-0.7757256155315213,0.005791730501196006
184.691,0.0011148128893217783,98.393,0.005809545916874936,0,0.0060932988044485326,-0.0006668453101166171,0.0,-0.7746367791015714,0.005794057761840379
184.795,0.001072138010305625,98.397,0.005808075730083961,0,0.006277113659449385,-0.0029959981601517375,0.0,-0.7735496604855715,0.005796008375437506
184.899,0.0011320261807862399,98.395,0.005807500634448959,0,0.006460822159763624,0.00519265526612337,0.0,-0.7724608968319095,0.005797711772865565
185.003,0.0011021770025682657,98.399,0.00580848756641178,0,0.006644552075567023,-0.007725546798305947,0.0,-0.7713769055075328,0.00579933889957096
185.107,0.0010802096317887185,98.395,0.005806780037826587,0,0.006828244520346138,0.0010433690406857954,0.0,-0.7702911997721407,0.005800639179955748
185.211,0.0010940448641974534,98.398,0.005804649638046222,0,0.007011737392850326,-0.0062413972253631865,0.0,-0.7692088158283363,0.005801597283845231
185.315,0.0011728149242571152,98.396,0.005807334713473999,0,0.007195259108488172,-0.0025909892327833344,0.0,-0.7681258794874918,0.0058027264514082955
185.419,0.0011752175680956659,98.396,0.005814240769504708,0,0.007379279562961805,0.0007816444183630384,0.0,-0.7670420614478586,0.005804426448993147
185.523,0.0011160103226427436,98.394,0.005818192986251358,0,0.007563864647620044,0.014068611838985955,0.0,-0.765954572379939,0.005806352892954388
185.627,0.001130575249241508,98.397,0.005819823802417579,0,0.007748740049989489,0.01074345728758069,0.0,-0.7648687979876457,0.005808248165971543
185.731,0.001108514615368972,98.392,0.005821064841805612,0,0.007933764788847664,0.033110850660133195,0.0,-0.7637768073213447,0.005810086241970109
185.835,0.001094724610020505,98.393,0.005820441647954089,0,0.008118821655674346,0.0480758507943865,0.0,-0.7626810877979837,0.00581168600565105
185.939,0.0009476404027533851,98.39,0.005811452995046651,0,0.008303378706468911,0.07653601408721726,0.0,-0.7615782888079763,0.005812249966025834
186.043,0.0008698570111183026,98.395,0.005790771226996283,0,0.008486392895373895,0.07636355966915466,0.0,-0.760478442984273,0.0058107154533305885
186.147,0.0008178426580607944,98.395,0.0057633399762218596,0,0.00866690520730018,0.07566299974192778,0.0,-0.7593823867995215,0.005806623077032801
186.251,0.0009079317749232858,98.397,0.005737888613165321,0,0.008844667623307045,0.0643406763596035,0.0,-0.7582932227405186,0.005800416993817436
186.355,0.000950258118777646,98.392,0.005719322854066122,0,0.009020141148961769,0.0791817931657756,0.0,-0.7572021894237915,0.005792995278833005
186.459,0.0010417394398420708,98.396,0.005707715093542565,0,0.009194045651596316,0.07185857940870864,0.0,-0.7561154640264992,0.005785156849833199
186.563,0.0011623930864332224,98.394,0.005707138351337238,0,0.009367316560088823,0.07509080543289492,0.0,-0.755028699165232,0.0057780358221158675
186.667,0.0011341138127532366,98.394,0.0057113650765232005,0,0.009540777267696199,0.07770809940392147,0.0,-0.7539416086628876,0.005772035398528248
186.771,0.001150176411180438,98.398,0.005714956534596027,0,0.009714644520833038,0.059405841152396784,0.0,-0.7528607034684557,0.005766974588658182
186.875,0.0011016886131936417,98.393,0.005716861882291757,0,0.009888797607869981,0.06812689340639089,0.0,-0.7517777995679062,0.005762604009941304
186.979,0.0010264559045807815,98.396,0.005712333763644273,0,0.010062814310817347,0.06058248354328251,0.0,-0.7506985421910529,0.005758214391142589
187.083,0.0010325117586161624,98.4,0.005704208448558845,0,0.010236173035210627,0.03331093042228408,0.0,-0.749629357783751,0.005753445262119741
187.187,0.0011213052536710735,98.401,0.005701015299626022,0,0.010408943199474607,0.0036340649717262097,0.0,-0.7485704895124775,0.005748820187397811
187.291,0.000486865855916217,98.393,0.005669448563752899,0,0.010579905849729232,0.017813126178237507,0.0,-0.7475112099503959,0.005741539559870639
187.395,0.0010721614515949174,98.388,0.0056353263501717765,0,0.010747452674611968,0.056362158916265837,0.0,-0.7464442923009709,0.005731622147097573
187.499,0.0014796844446815498,98.395,0.005652830703206491,0,0.010914135370746592,0.055664981876023395,0.0,-0.7453767627642304,0.005724411169487523
187.61,0.0011667782102641158,98.395,0.0056767644639554304,0,0.01109433690982009,0.05496582253771147,0.0,-0.744267944211005,0.005720219461080949
187.714,0.0010758210630412808,98.398,0.005678187992595507,0,0.011264492966919781,0.0387506352211096,0.0,-0.743204891979719,0.00571659171014594
187.818,0.000723560299488829,98.389,0.005656564189875424,0,0.011433598609766782,0.0702532653839552,0.0,-0.7421351475897422,0.005711191093552423
187.922,0.0009675997442517576,98.394,0.005629312878578097,0,0.011600162746685405,0.07299166493420133,0.0,-0.7410681159920165,0.005703627954801865
188.026,0.0013265907736177386,98.386,0.005633419151935659,0,0.011765523341630835,0.11606692585184043,0.0,-0.7399883375144514,0.005697248008137077
188.13,0.001168843122902476,98.399,0.00564799008098299,0,0.01193185515110129,0.08819564630966849,0.0,-0.7389165482327043,0.005692941433223097
188.234,0.0010906247059705612,98.393,0.0056502907745126785,0,0.012099064284946004,0.09323614232459808,0.0,-0.7378438475836847,0.005689294415985987
188.338,0.00137583141713952,98.399,0.005663354859342606,0,0.012267072387264988,0.06692727599358309,0.0,-0.7367787758721766,0.005687294326814216
188.442,0.0017005198829189048,98.388,0.0057081334933740124,0,0.012438088310965267,0.09902453623181064,0.0,-0.735700303332633,0.0056899358099902755
188.546,0.0014215014942715216,98.393,0.005755286971416196,0,0.012613884704493095,0.10240210718194256,0.0,-0.7346169778721513,0.005696979836066481
188.65,0.0015915413315186742,98.394,0.00579677356478564,0,0.012794290381734075,0.10005959348363956,0.0,-0.7335310870185884,0.005707425662696982
188.754,0.0014844098549523753,98.399,0.005841531392910271,0,0.012979180768892928,0.0722069246336316,0.0,-0.7324500895113842,0.005721249540451317
188.858,0.0014433915761718366,98.391,0.005878585433757133,0,0.013168325373238532,0.08763482906599684,0.0,-0.731361486721669,0.005737371004339297
188.962,0.0015030622206108051,98.407,0.005916609397618011,0,0.013361374033828421,0.02015753460598569,0.0,-0.7302905013274833,0.005755628293685986
189.066,0.001636362867284745,98.394,0.00596466786861688,0,0.013558898981031686,0.025499267335899134,0.0,-0.7292138700825088,0.005776828298591102
189.17,0.0017627621377864844,98.399,0.006026230735308891,0,0.013762124237794437,0.005311871110212568,0.0,-0.7281380412784654,0.0058020048214377585
189.274,0.0017683778560985037,98.381,0.006094658381419149,0,0.013972109001222921,0.07910533826521814,0.0,-0.7270336440001747,0.00583147715301996
189.378,0.001473068395856827,98.396,0.006148021952949112,0,0.01418842690796851,0.06961791605948339,0.0,-0.7259275622440462,0.005863302506895979
189.586,0.0014262059362966655,98.396,0.006219163216349688,0,0.01463401122429342,0.05992559505151766,0.0,-0.724205058271844,0.005908170794299077
189.69,0.0015119997073004164,98.397,0.006256758276245,0,0.014862457671267149,0.04530194517894987,0.0,-0.7230941062856341,0.005950280685885758
189.794,0.0014948970561047407,98.403,0.006297925274370397,0,0.015094999745257742,-0.0006676615352462528,0.0,-0.7219940149927636,0.00599082263470746
189.898,0.001442282756044279,98.398,0.006335466991030436,0,0.015331634672417382,-0.01265399756066775,0.0,-0.7208947590895317,0.00602989406818348
190.002,0.0010871400363624893,98.395,0.006351805342663941,0,0.015571071363128186,-0.006541458504526682,0.0,-0.7197930072118456,0.006065598675780001
190.106,0.001380458685275489,98.398,0.006364928842617357,0,0.01581204007012149,-0.01666468525188379,0.0,-0.7186939773369222,0.006098220174472597
190.21,0.002178152993555,98.389,0.006434785016344924,0,0.01605732372014612,0.021831194453158606,0.0,-0.7175769762980172,0.0061342938664881615
190.314,0.0022615304574522877,98.392,0.0065504569222255005,0,0.016312254830310402,0.040766014013874655,0.0,-0.7164432678054403,0.006178226310296376
190.418,0.0019710684016003384,98.395,0.006655360429324519,0,0.01657865586194973,0.04226847633028257,0.0,-0.7152993020294275,0.006228009200805274
190.522,0.0023594007137876195,98.397,0.006765353189752965,0,0.01685623149950055,0.03328759210925341,0.0,-0.7141477634000211,0.006283543062531994
190.626,0.001709121958993056,98.408,0.006861724735165831,0,0.017144538080955285,-0.030922595987163983,0.0,-0.7130068002195056,0.006342834564035463
190.73,0.0022608209655473666,98.403,0.0069529701336703,0,0.017442600743493242,-0.06295134162392084,0.0,-0.7118671434317196,0.0064050237046032596
190.834,0.0017061546222067385,98.4,0.007044061230661758,0,0.01775014490379767,-0.0758762966609156,0.0,-0.7107229972903432,0.006469843225039458
190.938,0.0017995361417465696,98.392,0.007111165516815621,0,0.01806591522402512,-0.046012330266526916,0.0,-0.7095638022031366,0.006534671246403442
191.042,0.001919327836361748,98.394,0.007189354810105575,0,0.018389240810383733,-0.028550814916434304,0.0,-0.708392198198579,0.0066006530275788036
191.146,0.0018064805094681205,98.411,0.007267905210517067,0,0.018720716860814668,-0.09886606458517233,0.0,-0.7072347092749323,0.00666770603619971
191.25,0.0017991036207262682,98.399,0.007340203951715363,0,0.019060037066609747,-0.10077314201923013,0.0,-0.7060712233809829,0.0067351513135520125
191.354,0.0016313579674203567,98.397,0.00740339632072734,0,0.019406402810135615,-0.09148057623889211,0.0,-0.7048992518579255,0.006802071431050698
191.458,0.001551336404356377,98.391,0.007453704794487981,0,0.019758670597485373,-0.05180583092686365,0.0,-0.7037108925856296,0.006867271554081106
191.562,0.0016159275559393279,98.402,0.007503210886851741,0,0.020116128742273864,-0.07150706802076057,0.0,-0.7025241718760158,0.006930839998141455
191.666,0.0015380153718917338,98.388,0.0075520242855270925,0,0.020478699500595998,-0.01775162346071932,0.0,-0.7013169653118458,0.006992912150676561
191.77,0.0014872440903561572,98.396,0.007594146143992286,0,0.020845998892290107,-0.009806092197928117,0.0,-0.7001037829257377,0.007052968576780799
191.874,0.0014998529269577676,98.404,0.007634283555320864,0,0.021217575766012575,-0.04348744333806633,0.0,-0.6988973797012407,0.007111007125472626
191.978,0.0015386986483685193,98.393,0.007677096603666167,0,0.0215934660636391,-0.017949294702487215,0.0,-0.6976796195195668,0.007167521911256162
192.082,0.001461767210524153,98.389,0.007717929194756834,0,0.02197370593451564,0.025469516663183363,0.0,-0.6964453213294254,0.00722248031068163
192.186,0.0016447133431188802,98.396,0.007764274549974581,0,0.022358479058600333,0.028738306041657703,0.0,-0.6952060536566219,0.007276571171729947
192.29,0.001692182916619435,98.407,0.007822601521909223,0,0.02274869514369693,-0.02472803555900246,0.0,-0.6939777130977127,0.007331047077131451
192.394,0.0017396401699128724,98.407,0.007885864688837174,0,0.023145233916014862,-0.07322021625994052,0.0,-0.6927582852167371,0.007386361901148265
192.498,0.002050971447503141,98.404,0.007967784859371163,0,0.02354932222188022,-0.10149490794342059,0.0,-0.6915398166771505,0.007444285244195667
192.602,0.0023670387352645265,98.395,0.008082329755303264,0,0.02396362671120189,-0.08065299625909043,0.0,-0.690304292687193,0.007507801318079096
192.706,0.0020986615735271454,98.398,0.008199354537788806,0,0.02438997282380162,-0.07656882108725557,0.0,-0.6890564890903927,0.007576596736503495
192.81,0.0019546971213369483,98.402,0.008294937556349968,0,0.02482737454205519,-0.09282890431981855,0.0,-0.6878046100981487,0.007648025206236555
192.914,0.001980242029207477,98.402,0.0083843627586066,0,0.025274396687791634,-0.10711389225937176,0.0,-0.6865486493154299,0.007721220000039209
193.018,0.0018809434804748298,98.4,0.008469952771538336,0,0.025730519624718062,-0.1093545930782734,0.0,-0.6852853544232395,0.007795633083148309
193.122,0.001847697007657623,98.396,0.00854865044334946,0,0.026195185521251108,-0.090527950089328,0.0,-0.6840090776054365,0.007870471891772939
193.226,0.0018874430287906115,98.394,0.008627686091673137,0,0.02666805355043078,-0.06292572662280602,0.0,-0.6827171599634932,0.007945731574482012
193.33,0.0018148917125352015,98.409,0.008705015864650278,0,0.02714905258151845,-0.1141242580868016,0.0,-0.6814333935433231,0.008021173810276628
193.434,0.0018076333427392306,98.396,0.008778195533952926,0,0.027637878103604296,-0.094061781786607,0.0,-0.6801368169426408,0.008096397267057588
193.538,0.0018661807322616028,98.398,0.0088540422322812,0,0.02813445299680739,-0.08575474862429545,0.0,-0.6788306966121253,0.00817168294916178
193.642,0.0018224341577239508,98.398,0.008930658572988748,0,0.028638955968040114,-0.07806173982378378,0.0,-0.6775151435261427,0.008247100762622913
193.746,0.0017679240792623939,98.39,0.009002165567740306,0,0.029151161352717003,-0.03031300347805216,0.0,-0.6761786818524421,0.008322148033641865
193.85,0.0016659129066898856,98.391,0.009065533457438157,0,0.02967038023138502,0.007579419452683666,0.0,-0.6748250828449899,0.008396054302886771
193.954,0.0016120168868808016,98.395,0.009120794173132107,0,0.03019576779753319,0.020957967966795093,0.0,-0.6734624928278686,0.008468122970211666
194.058,0.0016159217600077757,98.4,0.009173455349198611,0,0.03072676730205337,0.006898853615853587,0.0,-0.6720993784997407,0.008538268933610557
194.162,0.002534401624335382,98.391,0.009274080531612772,0,0.03126573769721441,0.03936133949318627,0.0,-0.6707171347358413,0.008611434845702783
194.266,0.013826821975876211,98.395,0.010009672525251923,0,0.03184819138553008,0.04771588167249785,0.0,-0.6692604905699573,0.008750006664493947
194.37,0.014110456210736913,98.395,0.011347219357384308,0,0.03253844829278563,0.054508587173532415,0.0,-0.6676703682737581,0.00900695885600983
194.474,0.015390352659020267,98.395,0.012766069785039746,1,0.033372037857550496,0.05989996731479708,0.0,-0.6659385829924371,0.009378629517473957
194.578,0.024207586731246143,98.401,0.014825162633333944,1,0.03480678194330589,0.03351385810480102,,-0.6640109233732681,0.009916893396582072
194.682,0.035647835454161184,98.399,0.01793764458697461,1,0.03651044791876201,0.019287182816314623,,-0.6617793008244194,0.010709310389994018
194.786,0.04566434000440115,98.406,0.022165877710820403,1,0.0385958310782476,-0.029459694944681248,,-0.6591429494059085,0.011840935188797181
194.89,0.051015856148124615,98.394,0.027193247910751034,1,0.041162505610569,-0.012475772784670009,,-0.6560019446608922,0.013357201037731395
194.994,0.08078411079316127,98.41,0.034046846191698815,1,0.04434699050389679,-0.0783952768819091,,-0.6521993888818246,0.015400408592711787
195.098,0.11778743458862989,98.388,0.04437256655155328,1,0.04842479996654625,-0.02571577382476328,,-0.6473558529694263,0.018261385352680855
195.202,0.08990407738119255,98.394,0.055172525173982495,1,0.05360114473627331,-0.008267440881302471,,-0.6414309375609807,0.021906199570558157
195.306,0.09041514067414592,98.401,0.0645491245128613,1,0.05982667051999002,-0.02810934853961558,,-0.6345715983420098,0.02611691487265924
195.41,0.1051163244327715,98.4,0.07471676069841945,1,0.06706849655097591,-0.04092809235734231,,-0.6266950662646622,0.030915761512577373
195.514,0.10287731864888638,98.394,0.08553243013866704,1,0.07540145447450552,-0.021809263199265867,,-0.6177251367889716,0.03630866493130224
195.618,0.09583105753891741,98.402,0.09586526570043138,1,0.08483413465813705,-0.04511749419566804,,-0.6077188432249047,0.04218928533474458
195.722,0.09831296962160922,98.389,0.10596075511277997,1,0.0953290877404257,6.628481431676345e-05,,-0.5966767504323466,0.04848606026722142
195.826,0.10618077076843717,98.406,0.11659442961306084,1,0.10690195734616748,-0.04554280671659913,,-0.5845708232337106,0.055211004669808064
195.93,0.10117345305189242,98.386,0.12737684925171933,1,0.11958846384713795,0.014964489407408226,,-0.5713528727544613,0.06233656877184182
196.138,0.09928012080846792,98.391,0.1482240209331967,1,0.1482509543463687,0.05156535859799895,,-0.5487272784282066,0.07301636413781779
196.242,0.09872306907115422,98.385,0.15852018680693558,1,0.1642016531488536,0.11341414643976164,,-0.5315905189508486,0.08319732458245278
196.346,0.096184540449057,98.387,0.16865538250198786,1,0.1812147827529197,0.15428893787787187,,-0.5134700583029052,0.09302128204404703
196.45,0.08647195332131973,98.39,0.1781535201780461,1,0.19924884569227885,0.17226385732151928,,-0.49443022825722593,0.10253244912515493
196.554,0.07911297994443739,98.39,0.18676393670786656,1,0.21822455345034897,0.186932614351073,,-0.47455673579153274,0.1117274107583142
196.658,0.07146610447351355,98.389,0.19459404909759886,1,0.2380551687122302,0.20404324936122323,,-0.45392257246379464,0.12060469489058499
196.762,0.06381154297967227,98.381,0.20162848676516543,1,0.2586587405770967,0.259864154246673,,-0.43259189851543606,0.12915284755643613
196.866,0.05335487659689366,98.381,0.20772114058314767,1,0.27994492119921166,0.30812846712237285,,-0.4106578145000621,0.13733960426334738
196.97,0.046753134484703904,98.394,0.21292675715938997,1,0.30181861188182035,0.2826722913770277,,-0.3882273898898171,0.1451366116492804
197.074,0.04127707157565329,98.395,0.21750432787452917,1,0.3242010283035871,0.25315146932670807,,-0.3653608746821699,0.1525405420525508
197.178,0.032142015866826155,98.382,0.22132212042153754,1,0.3470200036149792,0.29172985956942254,,-0.3421111017975977,0.15953085917473492
197.282,0.023237776867411873,98.376,0.2242018696437183,1,0.3701872510983756,0.3558648419357459,,-0.3185618779224038,0.16606796638774476
197.386,0.016778266541033184,98.381,0.22628270390095712,1,0.3936124489226952,0.3867106091563705,,-0.2948005335181811,0.17212794078878133
197.49,0.010772917602607669,98.386,0.22771536547642662,1,0.4172203485303224,0.38728562350579554,,-0.2708986521809611,0.17770229611828764
197.594,0.0050444140145437105,98.385,0.2285378667205184,1,0.44094551660455983,0.39112582261390383,,-0.2469145250504942,0.18278538543200915
197.698,0.00018777777143612107,98.376,0.2288099406933894,1,0.4647276025900863,0.4387743187357801,,-0.2228889243041657,0.1873766297269231
197.802,-0.003914075330257341,98.383,0.22861617322033068,1,0.48851376051359596,0.444516136073565,,-0.19887976030682067,0.19148270756860802
197.906,-0.007570487872567133,98.377,0.22801897593378373,2,0.5122587882696129,0.4785058811079574,,-0.1749184147414357,0.1951148978391158
198.01,-0.009887992032779302,98.375,0.22876705315702645,2,0.5360116617823317,0.517641787394975,,-0.15086890486217572,0.1984561854874672
198.114,-0.012001800201087353,98.377,0.22928470213918617,2,0.5598303530577379,0.5409323085129474,,-0.1267587285538679,0.20151401565059426
198.218,-0.011416804387914873,98.377,0.22972285287887878,2,0.5836987459186739,0.5599952538624193,,-0.10259710710706907,0.20430971053017322
198.322,-0.012757987435200303,98.394,0.23012168188239757,2,0.6076106617262632,0.48872827032159405,,-0.07841465272425359,0.20686613236422133
198.426,-0.02572237951621125,98.378,0.229776620979245,2,0.6315253734750653,0.5042619135127901,,-0.054260020573540214,0.2091339902673035
198.53,-0.02457816119819454,98.382,0.22881691104041657,2,0.6553722371400909,0.49677430778817777,,-0.030201462508129773,0.2110815398607125
198.634,-0.022611325050915294,98.377,0.22801897593378373,3,0.6791277032627457,0.5144395976152356,,-0.006216324391500448,0.21275688511201857
198.738,-0.020710346807239623,98.383,0.22576624899715936,3,0.7027245349591579,0.4988450845531707,,0.017540880506700766,0.21404339845039
198.842,-0.019484302056544597,98.372,0.2236761272562423,3,0.7260955385243377,0.5398608748137684,,0.04110162425806139,0.2149958809326368
198.946,-0.01782114167507268,98.383,0.2217362441821985,3,0.7492569818391333,0.5199958137499018,,0.06446182175272921,0.2156623514784321
199.05,-0.01571506347686154,98.365,0.21999236151429769,3,0.772226869335354,0.5927683846739095,,0.08766693007739369,0.2160905921226545
199.154,-0.02575468564916051,98.374,0.21783593455974487,3,0.7949939407312009,0.6116205616869081,,0.11065951690082979,0.21626344414033263
199.258,-0.03623894032427237,98.372,0.21461226600912592,3,0.8174812471607851,0.6374624840965742,,0.13333524911703254,0.21610078162506816
199.362,-0.04981482819746716,98.359,0.2101374700459961,3,0.8395682334356482,0.7255375677671079,,0.15558744997550966,0.21551225417933415
199.466,-0.06963857112707453,98.367,0.2039258932811191,3,0.861099528328661,0.7626274982011833,,0.17722806361428478,0.21436843124987315
199.57,-0.09757961181974624,98.368,0.19523054776788568,3,0.8818556632632062,0.7888937576824768,,0.19800656408036854,0.2124789152432889
199.674,-0.1278460462665249,98.359,0.18350841354739805,3,0.9015500892516035,0.8561708703179185,,0.21763318792086073,0.20961851551211858
199.778,-0.161840050876586,98.375,0.16844473649595848,3,0.9198516530538554,0.8331467517062797,,0.2357478363964303,0.2055531573871899
199.882,-0.19949031525921734,98.365,0.1496555574568943,3,0.9363928683394059,0.8608783014889957,,0.2519926616677395,0.20003402150499533
199.986,-0.2258345623438346,98.358,0.12753866382153878,3,0.9508069678458824,0.9193838799357792,,0.26604198532520534,0.19287613047424373
200.09,-0.24039646121392202,98.382,0.10329465059653231,3,0.9628103001956236,0.8478361612325007,,0.27764063175350717,0.18403125582660448
200.194,-0.25770133674343376,98.365,0.0773935651027535,3,0.9722060874119851,0.8677011837983599,,0.28664397020321114,0.17350241299332542
200.298,-0.2525385514372216,98.373,0.050861090917355994,3,0.9788753295250316,0.843357442686988,,0.29296882985494277,0.16139353341677598
200.402,-0.23626151803733758,98.369,0.03,3,0.9830801062527336,0.840306055053195,,0.297172007069785,0.14842061474441676
200.506,-0.2192279961871404,98.362,0.03,3,0.986200106252734,0.8720429283902379,,0.30131268443217113,0.13672870996310824
200.61,-0.19996775613300677,98.358,0.03,3,0.9893201062527345,0.9199021018282085,,0.30540219303826116,0.1261913049700399
200.714,-0.17912298432844287,98.365,0.03,3,0.992440106252734,0.9261611713800614,,0.3094344918274173,0.11669436703609137
200.818,-0.1576770898968453,98.363,0.03,3,0.9955601062527345,0.9405021419751656,,0.3134174307952148,0.10813514866090013
200.922,-0.12720994018395992,98.372,0.03,3,0.9986801062527341,0.9062395817529635,,0.31734190274750923,0.10042103226329407
201.026,-0.0993303913641018,98.373,0.03,3,1.0018001062527344,0.8690166941984092,,0.3212116004038402,0.09346856576220539
201.13,-0.07531500526066898,98.368,0.03,3,1.004920106252734,0.860098311975709,,0.3250388575891904,0.08720255118036457
201.234,-0.053773844188676256,98.375,0.03,3,1.0080401062527344,0.8159445821769317,,0.3288171959173779,0.08155519420546331
201.345,-0.03456798728906775,98.373,0.03,3,1.0113701062527343,0.7856903359709267,,0.33309384438055195,0.07640247582155325
201.449,-0.018997826792772853,98.367,0.03,3,1.0144901062527347,0.7894761688321004,,0.33677626886893436,0.07177548120721065
201.553,-0.006743513344954393,98.361,0.03,3,1.0176101062527343,0.8238521518681191,,0.34044610422171173,0.06761771922706587
201.657,0.003357228876374528,98.364,0.03,3,1.0207301062527347,0.8395304740952457,,0.34409969709951754,0.06387950839527533
201.761,0.011749080073731478,98.367,0.030785528065405438,3,1.0238909537121352,0.8381821250170931,,0.34781133156187477,0.06059495386389295
201.865,0.018376632848322083,98.365,0.03235206513735231,3,1.0271741085586792,0.8469579748113035,,0.351662874715433,0.05779474673319957
201.969,0.022625113498362426,98.373,0.03448415594737961,3,1.0306495920550849,0.8138604910184309,,0.355700073700802,0.0554855109296121
202.073,0.0258216411305064,98.358,0.037003387188081244,3,1.0343669442981294,0.8603170000719449,,0.3599862305240313,0.05365591641395398
202.177,0.027856915960276785,98.373,0.03979467215680141,3,1.0383604433840625,0.8257324654709456,,0.3645268978464282,0.05228458701050851
202.281,0.028962954166554616,98.37,0.042749305403397136,3,1.0426527302171933,0.8095943656268358,,0.36934559882832163,0.05134177098048658
202.385,0.02891857374459509,98.364,0.030759144854776474,0,1.046475169630618,0.8256391880229854,,0.3729808326857276,0.04930688713496196
202.489,0.02859666445851249,98.369,0.018889633541202766,0,1.049010257279814,0.8147215228895043,,0.37543158043656394,0.046300377586594665
202.593,0.027742583965820602,98.364,0.006958970759132113,0,1.0503077358760358,0.8303509813369123,,0.37669486851489703,0.04241258239732909
202.697,0.02602301702036456,98.363,0.009894478310278579,0,1.0511374664002497,0.8495568533552379,,0.3782315944874709,0.039199769183175075
202.801,0.024504539523499937,98.356,0.012661607550423462,0,1.0522637340376106,0.9023461216509072,,0.38003816999808654,0.03657827978827879
202.905,0.02269504321748078,98.368,0.0002556821528192643,0,1.052888784274784,0.8885659968717802,,0.3806045567272712,0.03299055015980596
203.009,0.020665238755170758,98.361,0.0026501131152612267,0,1.0529932368013286,0.9111279754882877,,0.38139337025736886,0.029994087373507658
203.113,0.018437852969320462,98.371,0.0048231701847994135,0,1.0533351987055366,0.8800686265012007,,0.3823704140220469,0.027508442387683837
203.217,0.016594161434313928,98.374,0.006784531233653107,0,1.053892150351901,0.8362953099319224,,0.3835138408340982,0.02546213889088171
203.321,0.014309333312920263,98.369,0.008531209260373457,0,1.0546419200301949,0.8220871065941977,,0.3848133107684311,0.02379051957239504
203.425,0.01236983819370449,98.36,0.010058222478582596,0,1.0555619216532253,0.8552292492174105,,0.38626276329986514,0.022434854693646988
203.529,0.010589461612798065,98.363,0.011391802368384912,0,1.056630674117872,0.8699895020332117,,0.3878395345685406,0.021344799909357833
203.633,0.009138050050694341,98.363,0.012557329274751089,0,1.05782938013592,0.8831792514963857,,0.38952803438199873,0.02047750790334036
203.737,0.007183991256622193,98.374,0.013545771722595884,0,1.0591400925603862,0.8388759757445265,,0.3912955307879678,0.019793459179995088
203.841,0.005828820129595735,98.366,0.014362134214543715,0,1.0605446548417223,0.8394798793611137,,0.39313895929202597,0.01925757436948214
203.945,0.004936180834560248,98.369,6.1610564544054e-05,0,1.0612480407428395,0.8248470761147492,,0.3935678483930402,0.017362587028641175
204.049,0.0035302035240656797,98.372,0.0006415588510571418,0,1.0612379567250554,0.7965409978001059,,0.39403476131378473,0.01571198252824399
204.153,0.002293373634630955,98.364,0.001084081163173753,0,1.0612810411784,0.8120216657307547,,0.3945400564131254,0.014268068724531383
204.257,0.0015993381183662812,98.364,0.0014261984741940487,0,1.0613649268921477,0.8263648242450476,,0.3950746565698033,0.0130005171614842
204.361,0.0008464037768152707,98.367,0.0016930733526078628,0,1.061480480199746,0.8242593703071052,,0.3956274194790469,0.011884474916603282
204.465,-3.4835109935500307e-05,98.364,0.0018749712231500987,0,1.06161936969029,0.8377279079600904,,0.3961952752671799,0.010896594985495403
204.569,-0.00039601778517427475,98.363,0.0019922631724687417,0,1.0617738170514668,0.8550337630577562,,0.39677366998380975,0.010017843642242412
204.673,-0.0008011660001227928,98.364,0.002069705915497752,0,1.0619383906166457,0.8654955457821065,,0.3973573286378639,0.009233507611876225
204.777,-0.0013854860725141293,98.363,0.002095696307585035,0,1.0621083427048505,0.8798296087098979,,0.3979428185703692,0.008529185120820862
204.881,-0.0015667387708743128,98.375,0.002081876915593292,0,1.0622789276850606,0.8314415482823764,,0.3985087676206859,0.007893021914672728
204.985,-0.0016938220747745958,98.36,0.002052024051484011,0,1.0624472417079533,0.8639223027276093,,0.3990770694404551,0.007316734321399164
205.089,-0.002206287779690158,98.364,0.001988914638916192,0,1.0626107216924585,0.8728967471054205,,0.3996380757222204,0.006791118130451954
205.193,-0.0022048732649102547,98.359,0.0018992305644613267,0,1.0627662564156388,0.9062162920730831,,0.4001963951965119,0.006308555208257148
205.401,-0.0025353857289774173,98.367,0.0016856362288259347,0,1.06304578490735,0.8969104101720231,,0.40133922458939764,0.005734202063445175
205.505,-0.002744757036570802,98.367,0.0015507651048818766,0,1.0631674289493076,0.8839890369876685,,0.40181393666676196,0.005236558110048661
205.609,-0.0023941162183076493,98.361,0.001423239995492584,0,1.0632754283871317,0.9064559703678532,,0.40228592401924745,0.004798674317227528
205.713,-0.0022443269979598793,98.369,0.0013217372481110629,0,1.0633715183764036,0.881814013763667,,0.4027433999164421,0.004410689505725454
205.817,-0.002340600638578514,98.362,0.0012230173108754155,0,1.0634571967860758,0.8978198618810586,,0.403197388691917,0.004063181454189866
205.921,-0.014373737765173578,98.359,0.0004935680137448245,0,1.0634998103955606,0.9275665891394477,,0.4035856115240878,0.0036812571232355614
206.025,-0.028029679365148427,98.361,-0.00157171337716773,0,1.0633970980092673,0.9430925483684957,,0.40376612268791323,0.0031275536863486103
206.129,-0.043184161537302465,98.364,-0.0051351368042302364,0,1.0630016929724393,0.9409061177801566,,0.40358108569924683,0.0022671007862005714
206.233,-0.05253679130921282,98.37,-0.009972930052385379,0,1.0621694246684998,0.90758761397254,,0.40289317225079313,0.0010050362541131287
206.337,-0.045400428244558755,98.362,-0.01492596916931628,0,1.060828033081576,0.9184586306406837,,0.40170537897393416,-0.0006243087287214433
206.441,-0.03945128241436669,98.351,-0.004198561823716557,0,1.0597869086425429,0.9842392957542107,,0.4016291396045046,-0.0009870681912472893
206.545,-0.03399925431339499,98.362,-0.007878293433695144,0,1.0591122633417622,0.9868724789629212,,0.401180681057116,-0.001683128015888315
206.649,-0.028638924116355765,98.355,-0.010995782412178218,0,1.0580841625703812,1.0241312843023276,,0.40042761836782165,-0.0026197878299848223
206.753,-0.024037944856270376,98.363,-0.013595283298889899,0,1.0567587783260106,1.0162211464167104,,0.3994097630072026,-0.0037198440078856578
206.857,-0.019574668926574293,98.364,-0.0007234429157336603,0,1.0559675557354549,1.0031043192541136,,0.3996813481915356,-0.0034197903055909838
206.961,-0.015952075139910354,98.362,-0.002431137307326789,0,1.0557568687364602,1.0007143066361652,,0.399781016995678,-0.003320708390487424
207.065,-0.012602549619660864,98.366,-0.003776281494959774,0,1.055387434131346,0.9776437586768268,,0.399739352276794,-0.003365604134399786
207.169,-0.00939660883374531,98.36,-0.004780541434672755,0,1.0548958305116096,0.9869131231931022,,0.3995995791872589,-0.0035057872664389514
207.273,-0.006520264731324625,98.351,-0.005468522560191799,0,1.0543162303564815,1.0408121612242054,,0.39940580970150585,-0.0037001556144949455
207.377,-0.004852100725969888,98.364,-0.005920189264106632,0,1.0536773685142224,1.0227778514209713,,0.39916116096254495,-0.0039198481488396135
207.481,-0.0026944369657085493,98.358,-0.006172912924209503,0,1.0530018783730348,1.0363623960506654,,0.3988943134234654,-0.0041426257231514056
207.585,-0.001159171864130795,98.363,-0.006233604283496716,0,1.0523100906508387,1.0226243060609497,,0.39861660673016763,-0.004349207558066931
207.689,0.0004404527215240361,98.37,-0.006131281379047823,0,1.0516204677689909,0.97404945492065,,0.3983344158341771,-0.004525122270375863
207.793,0.0007637515538123755,98.361,-0.005928966456866011,0,1.0509466860541279,0.9758313777290128,,0.3980719522811525,-0.004663542158604103
207.897,0.0017428676188632746,98.359,-0.005658925960022584,0,1.0502974668210545,0.9876635871918782,,0.3978388572932839,-0.0047615160629002245
208.001,0.0023831991017688858,98.365,-0.00530467419068513,0,1.0496807107858221,0.9678018770802208,,0.39763464649136565,-0.004814762369938223
208.105,0.0028242639823920735,98.365,-0.004894189810444413,0,1.0491037210303682,0.9498825656729181,,0.39746558314148156,-0.004822170127499258
208.209,0.0030257362896102197,98.356,-0.004450293496435984,0,1.048571159071015,0.9128989692350988,2.6040837612546253,0.3973297665679779,-0.004784994512025955
208.313,0.0030531553160251966,98.367,-0.003994494833078552,0,1.048085381250485,0.8839565006025154,2.6040837612546253,0.39723081643532304,-0.004706475811043012
208.417,0.0027021735003382283,98.371,-0.0035555214347632175,0,1.0476461315771615,0.8375314510743825,2.6040837612546253,0.39716232143149827,-0.00459237622568907
208.521,0.0029984382905793154,98.372,-0.0031193933217711217,0,1.0472523871824264,0.7909373687894228,2.6040837612546253,0.3971241157088025,-0.004446496947350654
208.625,0.003058438412221921,98.372,-0.0026647394333609714,0,1.0469049634517642,0.7496438249050329,2.6040837612546253,0.3971196706368887,-0.004270148241128369
208.729,0.0023501917562634366,98.372,-0.002243794364735416,0,1.0466030708668679,0.713445247428459,2.6040837612546253,0.39714724079311314,-0.0040696684513454266
208.833,0.002325196390944271,98.357,-0.0018609778812161831,0,1.046342973882683,0.7583933531161613,2.6040837612546253,0.39722598981333157,-0.0038511768093133863
208.937,0.0019326751015271279,98.37,-0.0014998722637432488,0,1.0461215608477499,0.734004707764613,2.6040837612546253,0.39733436516425863,-0.003618620921402358
209.041,0.0017170377525636083,98.376,-0.0011703908954662084,0,1.0459360583360755,0.6824180293123508,2.6040837612546253,0.3974616875042151,-0.003376521550944741
209.145,0.0014438454257029306,98.37,-0.000866328670331859,0,1.0457835000912588,0.667513758666504,2.6040837612546253,0.3976158114896036,-0.0031283166134960356
209.249,0.001088004481356921,98.376,-0.0005949761753002297,0,1.0456608634118905,0.6249083703061257,2.6040837612546253,0.3977857771679495,-0.002877847892897724
209.353,0.0007520312686347194,98.356,-0.0003595980164363549,0,1.0455645767265247,0.6896246643340317,2.6040837612546253,0.3979981623263495,-0.0026288507586948876
209.457,0.0003669183755019964,98.361,-0.0001617163350767642,0,1.0454908195528505,0.7238885471282088,2.6040837612546253,0.39824070389673505,-0.0023848924497789706
209.561,0.0003349776308623456,98.358,1.4478557118571822e-05,0,1.0454365143610014,0.7707593680650286,2.6040837612546253,0.3985147583834233,-0.0021476112718386334
209.665,0.00022336561914144192,98.362,0.00018320870598299843,0,1.0454001452712873,0.7930005810925325,2.6040837612546253,0.39881263894968505,-0.001917093266020585
209.769,0.00015145016454514327,98.371,0.00034239542659920963,0,1.0453808278587862,0.7672063771502624,2.6040837612546253,0.39911991318519113,-0.0016936299098324037
209.873,-9.603679423461137e-05,98.372,0.0004849732217198227,0,1.0453772022011036,0.7387582346291153,2.6040837612546253,0.39943417508962253,-0.0014781650377973707
209.977,-0.00028238887450341397,98.365,0.0006049913868099305,0,1.045387231533352,0.7488693634820068,2.6040837612546253,0.39976395746758975,-0.0012721218646550595
210.081,-0.0007995742045757103,98.365,0.0006884256065621402,0,1.0454078403896117,0.7582473528305377,2.6040837612546253,0.4001053997668683,-0.0010781821852293158
210.185,-0.0008523214458402385,98.361,0.0007422233326048883,0,1.045435585307053,0.7871889843906922,2.6040837612546253,0.4004609844479908,-0.0008980696873809184
210.289,-0.0007776622533342114,98.355,0.0007971604801121496,0,1.0454689844379188,0.8437894654221914,2.6040837612546253,0.40083846497812825,-0.0007302963533101415
210.393,-0.001106091406795224,98.362,0.0008389015896499569,0,1.0455074108381512,0.8589028260580658,2.6040837612546253,0.40122486851841493,-0.0005749617809553066
210.497,-0.0010001083682525528,98.365,0.0008690755012118606,0,1.0455495768194805,0.8566050804159773,2.6040837612546253,0.4016141234156287,-0.00043198614884952036
210.601,-0.0012676992820221805,98.361,0.0008908458032619443,0,1.0455944438999178,0.8741833875387756,2.6040837612546253,0.40201088245719724,-0.0003009715788704616
210.705,-0.0016047340572236046,98.371,0.000881175569485651,0,1.0456399401839054,0.8385010105456248,2.6040837612546253,0.4023971258516647,-0.0001838607011226866
210.809,-0.0014595277474532971,98.365,0.00086153025550674,0,1.0456839120594097,0.8362795332842967,2.6040837612546253,0.40278113947156974,-8.025334583054669e-05
210.913,-0.0015921931317917138,98.365,0.0008425370696505535,0,1.0457258747329226,0.8339623364941029,2.6040837612546253,0.4031628884016244,1.124812598083044e-05
211.017,-0.0019283168198063884,98.358,0.0007991668520318657,0,1.0457645945094547,0.8672004027942027,2.6040837612546253,0.4035498144973956,8.944516851520696e-05
211.121,-0.001416579087471611,98.361,0.0007649285647177845,0,1.0457992786437302,0.8816017175778553,2.6040837612546253,0.4039374860832506,0.00015654612592421387
211.225,-0.0017358230958146425,98.359,0.0007406999510510964,0,1.0458309224991549,0.9042365373259663,2.6040837612546253,0.404329113638152,0.00021463784303383566
211.329,-0.0014276829991081577,98.362,0.0007158939339796527,0,1.0458600165537812,0.9087780946648286,2.6040837612546253,0.40471954886192707,0.00026454622166043084
211.433,-0.0015129592276275435,98.369,0.0007026768380538201,0,1.0458871334065316,0.8765474387813154,2.6040837612546253,0.40509965881650384,0.00030821001289342266
211.537,-0.0016100840635245803,98.37,0.0006799748867781924,0,1.0459123824688272,0.8418380299930256,2.6040837612546253,0.40546780004125754,0.0003453084081355973
211.641,-0.0014345024344043673,98.365,0.0006613526887504634,0,1.0459354826753595,0.8357801795219445,2.6040837612546253,0.4058323130777811,0.00037690289704073177
211.745,-0.0013794241328360757,98.36,0.0006547248071183814,0,1.0459572698777495,0.855762703534392,2.6040837612546253,0.40620158301822323,0.0004047306271904347
211.849,-0.0013683753385638107,98.362,0.000651535534469963,0,1.0459785465881166,0.8636126583625976,2.6040837612546253,0.4065725513492708,0.0004294985720138609
211.953,-0.001328568493699428,98.361,0.0006509907550567157,0,1.0459996291277767,0.8756363117512733,2.6040837612546253,0.4069466168882745,0.0004517714512895405
212.161,-0.0013973366985880866,98.359,0.0006468892147875188,0,1.0460413109898496,0.9019533043875297,2.6040837612546253,0.4073763138405712,0.0004764867807401121
212.265,-0.001437322604897591,98.359,0.0006391832308707684,0,1.0460615379296287,0.9212412265802037,2.6040837612546253,0.4077629429256454,0.000496315433780115
212.369,-0.0013227611636232933,98.358,0.0006353551747721037,0,1.0460811650993267,0.9429314992865213,2.6040837612546253,0.4081546534034139,0.0005127598584706381
212.577,-0.0013853057146543234,98.366,0.0006331088191601358,0,1.0461197876999049,0.9180249194213368,2.6040837612546253,0.4085934470975196,0.0005296938824797303
212.681,-0.0013564572054091096,98.369,0.0006302334471812859,0,1.0461388326703591,0.8732333659237288,2.6040837612546253,0.40896541252256596,0.0005430769353463106
212.785,-0.0014036524015623893,98.367,0.0006264040474831672,0,1.0461575289926863,0.8477886614170181,2.6040837612546253,0.4093292860208522,0.0005537125993221454
212.889,-0.0012585147694129239,98.363,0.0006276676544567789,0,1.046176091893792,0.8487799254656998,2.6040837612546253,0.4096930580907227,0.0005628404432245466
212.993,-0.0013674613123453479,98.366,0.0006308131980696935,0,1.046194884070728,0.8334576797110663,2.6040837612546253,0.4100524687732086,0.0005709979557074492
213.097,-0.0012362232834687832,98.364,0.0006351178989517786,0,1.0462140636603778,0.8310187841231844,2.6040837612546253,0.4104112443788361,0.0005785213718805392
213.201,-0.0011712585635690938,98.36,0.000649625142770352,0,1.0462342214711517,0.8501277085511338,2.6040837612546253,0.4107764583099323,0.0005866540131033255
213.305,-0.0012139912279822591,98.371,0.0006652884534740361,0,1.0462559481507612,0.8100737117824274,2.6040837612546253,0.4111318637272034,0.0005954355939452848
213.409,-0.0012015975941079434,98.361,0.0006793741345897525,0,1.046279221777945,0.8262246569589737,2.6040837612546253,0.41149283532203446,0.0006046591153821968
213.513,-0.001260986633374766,98.365,0.0006910160546249738,0,1.046303833240389,0.8205128925930921,2.6040837612546253,0.4118530706711876,0.000614027400674696
213.617,-0.0012498157590589809,98.358,0.0007001506300828991,0,1.0463295250805982,0.85139082614658,2.6040837612546253,0.4122224173019514,0.0006232973292945316
213.721,-0.0012245451686307726,98.366,0.0007111801617074726,0,1.0463562654543759,0.8385608477769583,2.6040837612546253,0.4125890022150482,0.0006326722162926275
213.825,-0.0012454132563353075,98.362,0.0007224386234737784,0,1.04638416480381,0.8474039839594241,2.6040837612546253,0.4129588368177812,0.0006421839511332538
213.929,-0.0012219071536035105,98.366,0.0007338342620213517,0,1.0464132421664605,0.8351018776458707,2.6040837612546253,0.41332610349019994,0.0006518333908639402
214.033,-0.00122945630077507,98.362,0.0007460596622579502,0,1.0464435478231275,0.8444127645149914,2.6040837612546253,0.41369685269948875,0.0006617056722738557
214.137,-0.0012053726866484281,98.36,0.0007591448547764751,0,1.046475169630618,0.8630803330677842,2.6040837612546253,0.41407374926128027,0.0006718737233345272
