timestamp,acceleration,pressure,model_displacement,model_velocity,barometer_height,true_displacement,true_velocity,barometer_levels,stages
0.0,0.00248147,102.277,0.0,0.0,0.0,0.0,0.0,0.0,0.0
0.104,0.0026065782,102.27,0.0,0.0,0.0,0.0,0.0,0.0,0.0
0.208,0.0022645295,102.258,0.0,0.0,0.0,0.0,0.0,0.0,0.0
0.312,0.0021615122,102.26,0.0,0.0,0.0,0.0,0.0,0.0,0.0
0.416,0.0024022069,102.263,0.0,0.0,0.0,0.0,0.0,0.0,0.0
0.52,0.0019939542,102.268,0.0,0.0,0.0,0.0,0.0,0.0,0.0
0.624,0.0021555778,102.268,0.0,0.0,0.0,0.0,0.0,0.0,0.0
0.728,0.0020116195,102.26,0.0,0.0,0.0,0.0,0.0,0.0,0.0
0.832,0.0019277595,102.254,0.0,0.0,0.0,0.0,0.0,0.0,0.0
0.936,0.0017506331,102.269,0.0,0.0,0.0,0.0,0.0,0.0,0.0
1.04,0.002500262,102.269,0.0,0.0,0.0,0.0,0.0,0.0,0.0
1.144,0.002207471,102.269,0.0,0.0,0.0,0.0,0.0,0.0,0.0
1.248,0.0019767098,102.265,0.0,0.0,0.0,0.0,0.0,0.0,0.0
1.352,-0.32778212,102.223,1.6229314392163607,0.2529549114368858,1.321942076352725,1.5220242147709286,0.37088793409593607,0.0,1.0
1.456,0.0026047993,102.265,0.0,0.0,0.0,0.0,0.0,0.0,0.0
1.56,0.0024634767,102.27,0.0,0.0,0.0,0.0,0.0,0.0,0.0
1.664,0.001862729,102.273,0.0,0.0,0.0,0.0,0.0,0.0,0.0
1.768,0.0026258025,102.27,0.0,0.0,0.0,0.0,0.0,0.0,0.0
1.872,0.0019659493,102.267,0.0,0.0,0.0,0.0,0.0,0.0,0.0
1.976,0.0020232573,102.261,0.0,0.0,0.0,0.0,0.0,0.0,0.0
2.08,0.0022777524,102.268,0.0,0.0,0.0,0.0,0.0,0.0,0.0
2.288,0.0019422248,102.269,0.0,0.0,0.0,0.0,0.0,0.0,0.0
2.392,0.0024900679,102.268,0.0,0.0,0.0,0.0,0.0,0.0,0.0
2.496,0.0020649172,102.27,0.0,0.0,0.0,0.0,0.0,0.0,0.0
2.6,0.0024001002,102.262,0.0,0.0,0.0,0.0,0.0,0.0,0.0
2.704,0.0016081855,102.27,0.0,0.0,0.0,0.0,0.0,0.0,0.0
2.808,0.0015124865,102.273,0.0,0.0,0.0,0.0,0.0,0.0,0.0
2.912,0.0019805096,102.265,0.0,0.0,0.0,0.0,0.0,0.0,0.0
3.016,0.0023540538,102.279,0.0,0.0,0.0,0.0,0.0,0.0,0.0
3.12,0.0016437694,102.268,0.0,0.0,0.0,0.0,0.0,0.0,0.0
3.224,0.0015764013,102.272,0.0,0.0,0.0,0.0,0.0,0.0,0.0
3.328,0.0027437266,102.262,0.0,0.0,0.0,0.0,0.0,0.0,0.0
3.432,0.0017720219,102.259,0.0,0.0,0.0,0.0,0.0,0.0,0.0
3.536,0.0019308086,102.263,0.0,0.0,0.0,0.0,0.0,0.0,0.0
3.64,0.0017659627,102.273,0.0,0.0,0.0,0.0,0.0,0.0,0.0
3.744,0.0020673797,102.26,0.0,0.0,0.0,0.0,0.0,0.0,0.0
3.848,0.002382828,102.264,0.0,0.0,0.0,0.0,0.0,0.0,0.0
3.952,0.0014720466,102.265,0.0,0.0,0.0,0.0,0.0,0.0,0.0
4.056,0.0022791177,102.265,0.0,0.0,0.0,0.0,0.0,0.0,0.0
4.16,0.0025850069,102.265,0.0,0.0,0.0,0.0,0.0,0.0,0.0
4.264,0.0020039175,102.272,0.0,0.0,0.0,0.0,0.0,0.0,0.0
4.368,0.0025591962,102.263,0.0,0.0,0.0,0.0,0.0,0.0,0.0
4.472,0.0021987967,102.258,0.0,0.0,0.0,0.0,0.0,0.0,0.0
4.576,0.002127977,102.263,0.0,0.0,0.0,0.0,0.0,0.0,0.0
4.68,0.0024307594,102.262,0.0,0.0,0.0,0.0,0.0,0.0,0.0
4.784,0.0021968354,102.261,0.0,0.0,0.0,0.0,0.0,0.0,0.0
4.888,0.0017761085,102.258,0.0,0.0,0.0,0.0,0.0,0.0,0.0
4.992,0.0029132273,102.268,0.0,0.0,0.0,0.0,0.0,0.0,0.0
5.096,0.002257768,102.255,0.0,0.0,0.0,0.0,0.0,0.0,0.0
5.2,0.0021919888,102.26,0.0,0.0,0.0,0.0,0.0,0.0,0.0
5.304,0.0018102489,102.274,0.0,0.0,0.0,0.0,0.0,0.0,0.0
5.408,0.0023310017,102.273,0.0,0.0,0.0,0.0,0.0,0.0,0.0
5.512,0.0024025626,102.271,0.0,0.0,0.0,0.0,0.0,0.0,0.0
5.616,0.0017562974,102.262,0.0,0.0,0.0,0.0,0.0,0.0,0.0
5.72,0.0025542807,102.261,0.0,0.0,0.0,0.0,0.0,0.0,0.0
5.824,0.0019261446,102.263,0.0,0.0,0.0,0.0,0.0,0.0,0.0
5.928,0.0025675818,102.257,0.0,0.0,0.0,0.0,0.0,0.0,0.0
6.032,0.0028387532,102.26,0.0,0.0,0.0,0.0,0.0,0.0,0.0
6.136,0.001689883,102.269,0.0,0.0,0.0,0.0,0.0,0.0,0.0
6.24,-0.0058951704,102.274,0.0,0.0,-0.06879426080557549,-0.03439638828217959,-3.689512422982895e-05,0.0,1.0
6.344,-0.005917171,102.273,-3.1940571144223274e-05,-0.0006142417527735239,-0.05286056387918147,-0.030353356839941264,0.0012957415969322987,0.0,1.0
6.448,-0.0056935614,102.266,-0.0001272171338796618,-0.0012179998382925998,0.03942938622281642,-0.012312707577759893,0.013565315291741454,0.0,1.0
6.552,-0.005876621,102.275,-0.0002851748908907164,-0.0018196493349969351,-0.0016139018024700807,-0.008518207680771264,0.012768953026306044,0.0,1.0
6.656,-0.0055429963,102.264,-0.0005052970676422107,-0.002413469448685643,0.08509083743392158,0.005104338494971749,0.024183453161622827,0.0,1.0
6.76,-0.0054474045,102.27,-0.0007860159340649831,-0.002984970290213821,0.08880873156945336,0.015373376884015286,0.030413358198017035,0.0,1.0
6.864,-0.005263825,102.261,-0.0011254160085618485,-0.003541954219341276,0.1853668281288426,0.03406472307347972,0.04631536135568558,0.0,1.0
6.968,-0.00540055,102.268,-0.0015226157187223424,-0.004096501745283602,0.1857283525465761,0.04883159919054742,0.05484893255949659,0.0,1.0
7.072,-0.005497552,102.262,-0.001978120368242263,-0.004663203053176402,0.2438146835149648,0.06670955677819021,0.06585281124894618,0.0,1.0
7.176,-0.0056861546,102.263,-0.0024933342296183103,-0.005244755819439888,0.27685966602580797,0.0845461280282262,0.07498979342764187,0.0,1.0
7.28,-0.0056891553,102.275,-0.00306954767280817,-0.005836271934211254,0.1875453711492024,0.08997719622656206,0.06837309704339681,0.0,1.0
7.384,-0.005876423,102.266,-0.0037077932773381473,-0.006437681999057532,0.1965028350112376,0.09486072228412719,0.062475550052454865,0.0,1.0
7.488,-0.0059380988,102.262,-0.004409258671715857,-0.0070520371235907086,0.2374665015028967,0.10243703260696693,0.060658524675816436,0.0,1.0
7.592,-0.0060796477,102.263,-0.0051751665189862205,-0.00767695993930101,0.2610936652889849,0.11064062023195731,0.059855343252642024,0.0,1.0
7.696,-0.005412399,102.277,-0.006004644846484061,-0.008274546358734366,0.1649909927155324,0.10804570115695702,0.047503426807874206,0.0,1.0
7.8,-0.005455616,102.262,-0.006894584779724475,-0.008839683126658199,0.20378921209992695,0.1088521845930388,0.04077113126584139,0.0,1.0
7.904,-0.0051823603,102.265,-0.007842676912620661,-0.009392857890576123,0.21254013754717138,0.10986385993877125,0.03529727355756417,0.0,1.0
8.008,-0.005259459,102.267,-0.00884776881237327,-0.009935832489281886,0.20404831747766433,0.10950609088690108,0.029192435880634405,0.0,1.0
8.112,-0.005269557,102.263,-0.009909565848395228,-0.010483341280370949,0.22629175510628186,0.11078970525328713,0.0257410488578774,0.0,1.0
8.216,-0.0054667657,102.27,-0.011028864356324067,-0.011041630025953049,0.1927585301763993,0.10848898443144434,0.018987484953601468,0.0,1.0
8.32,-0.0054553193,102.258,-0.012206727198198439,-0.011609578471630811,0.2517464617156095,0.11140964537764456,0.01876923561693266,0.0,1.0
8.424,-0.0056791147,102.265,-0.013444230870112768,-0.012188569065183397,0.25106400182060173,0.11360214848610689,0.01778953416870185,0.0,1.0
8.528,-0.0056624617,102.255,-0.014742509675651792,-0.01277833104133606,0.32253390687896416,0.12160965209066085,0.023115071614950793,0.0,1.0
8.632,-0.00412065,102.263,-0.016097909637480968,-0.013287052839994427,0.3254628384085854,0.12862900496756194,0.02657513985482304,0.0,1.0
8.736,0.0022463547,102.265,-0.01748483122669161,-0.013384516183286902,0.31190132039072005,0.1332655768783594,0.0269792378724795,0.0,1.0
8.84,0.015113181,102.264,-0.018829880724027748,-0.012481820303946737,0.30591630873264747,0.13646625176518057,0.025831195263369487,0.0,1.0
8.944,0.036506962,102.266,-0.019988409165188674,-0.009797572795301654,0.2851331573816102,0.13713560510108208,0.02226495721642808,0.0,1.0
9.048,0.06704876,102.27,-0.020727342058137057,-0.004412675146013518,0.2371997579951895,0.1332637292140252,0.01460438957754269,0.0,1.0
9.152,0.10805685,102.27,-0.02071277472673357,0.004692816134542138,0.19494230396975584,0.1260688055601569,0.004910141859196606,0.0,1.0
9.36,0.20235132,102.264,-0.01637929415003957,0.03697526633366936,0.19954707510688469,0.12039632054632987,-0.0006410752358986787,0.0,1.0
9.464,0.27603588,102.26,-0.01124030752475556,0.06185139953717607,0.2421373950270011,0.12109201128725161,0.003403311630332839,0.0,1.0
9.568,0.32875448,102.269,-0.0031724089207500403,0.0933004966937005,0.20475479717106188,0.11975730633107552,0.005865611955569281,0.0,1.0
9.672,0.37131348,102.265,0.008423826599225505,0.12970403253659635,0.20497016852176103,0.12098042226549655,0.01215867544731183,0.0,1.0
9.776,0.4070327,102.271,0.0240176940562278,0.17017803394421932,0.1600378177820673,0.1205299115943994,0.017220279977199094,0.0,1.0
9.88,0.43292272,102.249,0.04398744912080487,0.2138557172976438,0.285901161419076,0.13540885750752202,0.0396446207482692,0.0,1.0
9.984,0.44931844,102.254,0.06861402373494212,0.25973225605115297,0.357297126680522,0.15878603789050558,0.06942988141592213,0.0,1.0
10.088,0.46182346,102.263,0.09808990598724762,0.3071116334162649,0.3522191071182005,0.18283301667891955,0.097164463663895,0.0,1.0
10.192,0.4709518,102.258,0.13255174016292404,0.3556159468851985,0.38260363912975226,0.2111236976748112,0.12706416134391219,0.0,1.0
10.296,0.4645658,102.25,0.17206543825404325,0.4042628625594077,0.4656749274536574,0.2482924473571351,0.16376616322850568,0.0,1.0
10.4,0.4320003,102.257,0.2165330908367785,0.450884302493185,0.4856477778384938,0.2877882080896756,0.19921555501390315,0.0,1.0
10.504,0.38914108,102.249,0.26564542453943174,0.4935836533270775,0.5585584774768069,0.33425827878854947,0.23841028698078212,0.0,1.0
10.608,0.3321452,102.244,0.3189284826321158,0.5310905407629909,0.6559011542348802,0.38912493865760567,0.28211009302293755,0.0,1.0
10.816,0.24800198,102.25,0.43567018729938617,0.5914258502684536,0.7223478334922302,0.4854230137223042,0.34080824471897225,0.0,1.0
10.92,0.17844301,102.24,0.49833158302710956,0.6136009906493128,0.8253889842628347,0.5579810767276612,0.3954251946881461,0.0,1.0
11.128,0.09660351,102.253,0.6289354923223706,0.6422058294974269,0.8207761830964426,0.6691140952512392,0.44287057184385803,0.0,1.0
11.232,0.049868494,102.24,0.6961209588971283,0.6498223738633097,0.8977219870258064,0.7401690809750043,0.48173335139689133,0.0,1.0
11.336,0.015300299,102.239,0.7638787021884772,0.65321115097031,0.9641432487222266,0.8111728955989947,0.513112594551484,0.0,1.0
11.44,-0.0114542125,102.225,0.8318230617074517,0.6534111474715174,1.125730603192153,0.8920847450524245,0.5494144864865129,0.0,1.0
11.544,-0.04083428,102.252,0.8996364329539989,0.6506921457313002,1.0493241025559117,0.9569973471631341,0.562325502582972,0.0,1.0
11.648,-0.06773455,102.237,0.9670148459875731,0.6450465664528311,1.093456870956912,1.0205117095668317,0.5713106351072016,0.0,1.0
11.752,-0.09814204,102.24,1.0336511585799313,0.6364209834001958,1.105534363573889,1.0796028559806223,0.5737500285921742,0.0,1.0
11.856,-0.14656703,102.245,1.0991772475161106,0.6236961115263403,1.0757317723634385,1.130760482340814,0.5668265034204467,0.0,1.0
11.96,-0.18800937,102.249,1.1631369485342955,0.6062981388233601,1.0174661790795188,1.1722037882210452,0.5499209608634779,0.0,1.0
12.064,-0.24211192,102.239,1.2250289069696814,0.5839318310879172,1.036671538701257,1.2120948633655935,0.5329908473963403,0.0,1.0
12.168,-0.28916535,102.24,1.2843212435865248,0.5563054115436975,1.0443957041308085,1.249264115246937,0.5145857898202505,0.0,1.0
12.272,-0.33153966,102.233,1.3404986200440676,0.524028751101345,1.1000335285258656,1.2880469159759058,0.49933922872214453,0.0,1.0
12.376,-0.36567685,102.227,1.3931123367134777,0.48777349254116453,1.190395785445551,1.3310006885684098,0.4893416538319767,0.0,1.0
12.48,-0.38594684,102.235,1.4418083894796523,0.4486890606544912,1.2089685582178025,1.3707658223498247,0.475884917603859,0.0,1.0
12.584,-0.39442307,102.227,1.4863619316381067,0.4081098270080987,1.2801512944336324,1.4120114018271357,0.4643997744225001,0.0,1.0
12.688,-0.3932694,102.233,1.5266754333226238,0.3671498207710683,1.2957171014690536,1.4492117382624796,0.44870025323101426,0.0,1.0
12.792,-0.38041693,102.246,1.5627669669552298,0.3269181337021294,1.2115067199476035,1.473567047457376,0.42007209544950064,0.0,1.0
12.896,-0.35708532,102.232,1.5947722468646919,0.2885680184029042,1.23652654123884,1.4960113193882782,0.39218568537567694,0.0,1.0
13.0,-0.32778212,102.223,1.6229314392163607,0.2529549114368858,1.321942076352725,1.5220242147709286,0.37088793409593607,0.0,1.0
13.104,-0.29429725,102.226,1.647556647382811,0.22060678407177375,1.3727947551137505,1.5480499800433205,0.351527824396437,0.0,1.0
13.208,-0.25789025,102.228,1.6690066379198287,0.19189303394779583,1.3999319715069924,1.571895029920502,0.3316181824978561,0.0,1.0
13.312,-0.22238597,102.246,1.6876648465325985,0.1669186701439325,1.2900830323440953,1.5815679365182052,0.29858509763992325,0.0,1.0
13.416,-0.18719251,102.226,1.7039168879576778,0.1456205880306663,1.3364417854763155,1.5925478832609046,0.271081291057336,0.0,1.0
13.52,0.42479396,102.251,0.033797858667522176,0.1972704852856685,0.18392900173687657,0.08721243336850337,0.06651691045599929,0.0,1.0
13.624,-0.1255412,102.228,1.7306793665039992,0.11331387075409312,1.3937929702332152,1.6147414768190387,0.22614673835738144,0.0,1.0
13.728,-0.09923529,102.227,1.74185621346964,0.10162549396976855,1.414921547979741,1.6246605372790734,0.20668474932567057,0.0,1.0
13.832,-0.07662575,102.232,1.7519497366151668,0.0924807203672828,1.3952024928665934,1.6305423400200014,0.18548093998912307,0.0,1.0
13.936,-0.057633284,102.235,1.7612046951156415,0.08549925079569243,1.3543980485545288,1.6310997491391406,0.16150815108639027,0.0,1.0
14.04,-0.042065002,102.23,1.7698270330216146,0.0803149397037926,1.353618695164003,1.6306518687562455,0.13986915335199374,0.0,1.0
14.144,-0.029799405,102.243,1.77798546538283,0.07657799031958007,1.2581590290331544,1.6211000106293,0.11161688671693548,0.0,1.0
14.255,-0.02011325,102.227,1.7863318788562406,0.07380783803015968,1.2903712107739167,1.615456281551003,0.09079299014886852,0.0,1.0
14.359,-0.013442183,102.238,1.7939171601201285,0.07206295550614618,1.2388784864714746,1.6049670355791281,0.06872189667983233,0.0,1.0
14.463,-0.009490695,102.238,1.8013496969912934,0.07087044586241269,1.1944411363279945,1.5916968047966653,0.04698021251496487,0.0,1.0
14.567,-0.007300007,102.234,1.8086748213002373,0.06999732930958294,1.1857779585322765,1.5793563701972393,0.029489822930372125,0.0,1.0
14.671,0.00084989425,102.225,1.8159371024431277,0.06966192343831086,1.2449197615084806,1.5740915582063857,0.022187946012584912,0.0,1.0
14.775,0.006795585,102.229,1.823202615857019,0.07005948836728955,1.2685539382408317,1.5720924513370935,0.019490672444713725,0.0,1.0
14.879,0.010928844,102.237,1.83053672950141,0.0709811586402359,1.2314146367016956,1.567651932934227,0.014628597902569672,0.0,1.0
14.983,0.013664824,102.24,1.837985271278425,0.07226002937927867,1.1773320833873067,1.5595832619731615,0.006675243589467722,0.0,1.0
15.087,0.01480526,102.242,1.8455772974411984,0.07374047375097895,1.1162047322110245,1.5477349318941682,-0.0040575993183348535,0.0,1.0
15.191,0.015146959,102.234,1.8533272975108166,0.07529798912629511,1.121937103797046,1.5385757528219686,-0.010241413818432021,0.0,1.0
15.295,0.014775355,102.236,1.8612391983169754,0.07685394945368196,1.1141927820690363,1.5307195848803081,-0.014041751526227116,0.0,1.0
15.399,0.013874087,102.24,1.8693094771510501,0.07834372043237114,1.07993727793158,1.5217348007221618,-0.018416934440332204,0.0,1.0
15.503,0.0125061935,102.226,1.8775285563532254,0.07971549499407436,1.152803066198591,1.5213216054819503,-0.01292514398567289,0.0,1.0
15.607,0.010538767,102.23,1.8858812814059993,0.08091383294388677,1.1889224376914709,1.5253030569554262,-0.003519976177394739,0.0,1.0
15.815,0.010275844,102.232,1.902936489487066,0.08307855245098497,1.210357439048755,1.5340336867147588,0.011752389673109001,0.0,1.0
15.919,0.0069876797,102.227,1.911623339511498,0.08397625571116832,1.268211139227502,1.5486284048987555,0.030115475697204887,0.0,1.0
16.023,0.0046926467,102.225,1.9203884537081115,0.08458363268524435,1.3303481272159399,1.568053793897877,0.050494715890073816,0.0,1.0
16.127,0.002557356,102.231,1.9292047555143677,0.08496063281968262,1.3342041979173662,1.585689626224354,0.06549498259147529,0.0,1.0
16.231,0.0002642693,102.226,1.9380482910021837,0.08510735733062055,1.374065035326519,1.605252300356454,0.08011131285722979,0.0,1.0
16.335,-0.0012393785,102.231,1.9468968194693694,0.0850566516537222,1.3693634764442704,1.622156229246587,0.08952832204047134,0.0,1.0
16.439,-0.0026179762,102.237,1.9557322809544275,0.08485606921277968,1.3197339091086921,1.6325230484633424,0.09046317817698099,0.0,1.0
16.543,-0.0038933381,102.234,1.964539705558672,0.08451748086884646,1.2975744686912574,1.639770457662596,0.08791292816710451,0.0,1.0
16.647,-0.004514643,102.223,1.973306788388043,0.084080265849829,1.3577270067996667,1.6518680168546809,0.09090372984693099,0.0,1.0
16.751,-0.005713243,102.224,1.9820234798326042,0.08354841577634242,1.4023698409038678,1.6667719600870745,0.09640475011921065,0.0,1.0
16.855,-0.0064198705,102.23,1.9906797071329798,0.08291749384626773,1.3966790629623906,1.679532835061152,0.09877025119501882,0.0,1.0
16.959,-0.0070542707,102.238,1.9992666924150582,0.08221683850139407,1.3323551167637189,1.6850789153680534,0.09308013622686685,0.0,1.0
17.063,-0.0075522005,102.237,2.0077777477211503,0.08145730200037388,1.2823113321764665,1.6855444796936754,0.08281225924531194,0.0,1.0
17.167,-0.008109938,102.236,2.016206956704572,0.08064287075772907,1.245688798233842,1.6827748030954668,0.07061119572298172,0.0,1.0
17.271,-0.008217474,102.239,2.0245496659391673,0.07979384529218103,1.1924819802189122,1.675741669788907,0.05566695068798553,0.0,1.0
17.375,-0.00843119,102.233,2.0328032078592035,0.07892811470851328,1.1904177860637675,1.669599349476151,0.04387915959914689,0.0,1.0
17.479,-0.008627136,102.228,2.04096560607557,0.07804108176007894,1.2263304958570127,1.6677495700150105,0.03840036208342835,0.0,1.0
17.583,-0.008710421,102.237,2.049034997824684,0.07713952879980235,1.193646280744661,1.6636835015770663,0.031342769135961936,0.0,1.0
17.687,-0.008790173,102.238,2.057010187212989,0.07622949789837029,1.158569317140976,1.6574773928125357,0.023024288733395036,0.0,1.0
17.791,-0.008912402,102.234,2.0648901872295293,0.07530896395817425,1.157964868076003,1.6524926209365367,0.017222056756703907,0.0,1.0
17.895,-0.008905232,102.232,2.072674140595898,0.07438244693353799,1.1732309597394084,1.650067388107196,0.014987224117147709,0.0,1.0
17.999,-0.008788518,102.235,2.080362071175471,0.07346237190440325,1.165950883546161,1.6479512144896589,0.013380951949703512,0.0,1.0
18.103,-0.008876343,102.224,2.0879543920695633,0.07254379913583422,1.2401174340773775,1.6533598669740561,0.020016171832286343,0.0,1.0
18.207,-0.008766731,102.235,2.09545124030371,0.07162635921314384,1.225828517990572,1.6575908993650759,0.024356936374303653,0.0,1.0
18.311,-0.008579889,102.223,2.1028534763998836,0.07072433494403985,1.300043003595585,1.6685708809761577,0.03521727256314566,0.0,1.0
18.415,-0.008510889,102.244,2.1101625937681945,0.06983561444655088,1.2125433690603704,1.6711211573436624,0.03540003062044884,0.0,1.0
18.519,-0.008312007,102.232,2.117380008557424,0.06896082380786567,1.2222105139670578,1.674709335905138,0.03662925058711521,0.0,1.0
18.623,-0.008356009,102.223,2.124506863917932,0.06809408697113421,1.296088983113666,1.6849142089887785,0.0447079443678825,0.0,1.0
18.727,-0.008258125,102.232,2.1315437243459674,0.06723015202954438,1.295376175903398,1.6943457191088238,0.050708629494925,0.0,1.0
18.831,-0.008116101,102.223,2.1384913842481525,0.0663786922432485,1.35908325815088,1.7087302646177478,0.061063059364426756,0.0,1.0
18.935,-0.008105313,102.239,2.1453509055346105,0.06553517865017085,1.2980143160777027,1.7163603301847774,0.0626071368190195,0.0,1.0
19.039,-0.00801347,102.225,2.1521229789236345,0.06469700190797474,1.344697089125739,1.7274600693770907,0.0675923239303606,0.0,1.0
19.143,-0.007913576,102.236,2.1588084003882266,0.06386879548802998,1.3052301777987565,1.7339622317340684,0.06688140203795465,0.0,1.0
19.247,-0.007828789,102.227,2.165408187763289,0.06305019249394563,1.3349915599148845,1.7424766266239695,0.06839507215828172,0.0,1.0
19.351,-0.007861708,102.222,2.1719229806759213,0.0622342865951362,1.3967262339207382,1.7556167980232642,0.07459047916607205,0.0,1.0
19.455,0.0007291883,102.226,0.0,0.0,0.0,0.0,0.0,0.0,0.0
19.559,0.00055268593,102.233,0.0,0.0,0.0,0.0,0.0,0.0,0.0
19.663,-4.515052e-06,102.231,0.0,0.0,0.0,0.0,0.0,0.0,0.0
19.767,0.00024702772,102.225,0.0,0.0,0.0,0.0,0.0,0.0,0.0
19.871,0.00041805767,102.233,0.0,0.0,0.0,0.0,0.0,0.0,0.0
19.975,0.0009136051,102.225,0.0,0.0,0.0,0.0,0.0,0.0,0.0
20.079,-0.0001623407,102.231,0.0,0.0,0.0,0.0,0.0,0.0,0.0
20.183,0.0014630444,102.229,0.0,0.0,0.0,0.0,0.0,0.0,0.0
20.391,0.0008898787,102.232,0.0,0.0,0.0,0.0,0.0,0.0,0.0
20.495,0.00039429404,102.223,0.0,0.0,0.0,0.0,0.0,0.0,0.0
20.599,0.0004233662,102.23,0.0,0.0,0.0,0.0,0.0,0.0,0.0
20.703,0.0011261031,102.237,0.0,0.0,0.0,0.0,0.0,0.0,0.0
20.911,0.00056477636,102.233,0.0,0.0,0.0,0.0,0.0,0.0,0.0
21.015,-0.00033663958,102.235,0.0,0.0,0.0,0.0,0.0,0.0,0.0
21.119,0.0006405581,102.23,0.0,0.0,0.0,0.0,0.0,0.0,0.0
21.223,0.00040129572,102.238,0.0,0.0,0.0,0.0,0.0,0.0,0.0
21.431,0.0011185147,102.227,0.0,0.0,0.0,0.0,0.0,0.0,0.0
21.535,-0.00039388984,102.232,0.0,0.0,0.0,0.0,0.0,0.0,0.0
21.639,0.0007217247,102.234,0.0,0.0,0.0,0.0,0.0,0.0,0.0
21.743,0.00063217245,102.235,0.0,0.0,0.0,0.0,0.0,0.0,0.0
21.847,2.2508204e-05,102.244,0.0,0.0,0.0,0.0,0.0,0.0,0.0
21.951,0.00018139184,102.225,0.0,0.0,0.0,0.0,0.0,0.0,0.0
22.055,-0.0001876913,102.232,0.0,0.0,0.0,0.0,0.0,0.0,0.0
22.159,0.0007894393,102.23,0.0,0.0,0.0,0.0,0.0,0.0,0.0
22.263,-0.00046454556,102.229,0.0,0.0,0.0,0.0,0.0,0.0,0.0
22.367,0.00023679622,102.23,0.0,0.0,0.0,0.0,0.0,0.0,0.0
22.471,0.00076078996,102.238,0.0,0.0,0.0,0.0,0.0,0.0,0.0
22.575,0.0011657625,102.231,0.0,0.0,0.0,0.0,0.0,0.0,0.0
22.679,-0.00045539998,102.237,0.0,0.0,0.0,0.0,0.0,0.0,0.0
22.783,0.0005169306,102.232,0.0,0.0,0.0,0.0,0.0,0.0,0.0
22.887,-2.1422282e-05,102.227,0.0,0.0,0.0,0.0,0.0,0.0,0.0
22.991,-0.00036349893,102.224,0.0,0.0,0.0,0.0,0.0,0.0,0.0
23.095,0.0002889391,102.234,0.0,0.0,0.0,0.0,0.0,0.0,0.0
23.199,4.97438e-05,102.235,0.0,0.0,0.0,0.0,0.0,0.0,0.0
23.303,8.0673024e-05,102.223,0.0,0.0,0.0,0.0,0.0,0.0,0.0
23.407,5.0773844e-05,102.233,0.0,0.0,0.0,0.0,0.0,0.0,0.0
23.511,-0.00022604316,102.23,0.0,0.0,0.0,0.0,0.0,0.0,0.0
23.615,0.00029146858,102.224,0.0,0.0,0.0,0.0,0.0,0.0,0.0
23.719,-0.00026570447,102.223,0.0,0.0,0.0,0.0,0.0,0.0,0.0
23.823,0.0025452804,102.23,0.0,0.0,0.0,0.0,0.0,0.0,0.0
23.927,-0.0014147572,102.229,0.0,0.0,0.0,0.0,0.0,0.0,0.0
24.031,-0.00020973198,102.23,0.0,0.0,0.0,0.0,0.0,0.0,0.0
24.135,-0.0010154098,102.229,0.0,0.0,0.0,0.0,0.0,0.0,0.0
24.239,-0.00019985624,102.216,0.0,0.0,0.0,0.0,0.0,0.0,0.0
24.343,-0.00017538108,102.234,0.0,0.0,0.0,0.0,0.0,0.0,0.0
24.447,-0.000502754,102.23,0.0,0.0,0.0,0.0,0.0,0.0,0.0
24.551,0.0002760142,102.234,0.0,0.0,0.0,0.0,0.0,0.0,0.0
24.655,-7.890165e-05,102.222,0.0,0.0,0.0,0.0,0.0,0.0,0.0
24.759,-0.00020720437,102.228,0.0,0.0,0.0,0.0,0.0,0.0,0.0
24.863,-0.00056256354,102.228,0.0,0.0,0.0,0.0,0.0,0.0,0.0
24.967,0.00017791986,102.223,0.0,0.0,0.0,0.0,0.0,0.0,0.0
25.071,-0.00071547367,102.224,0.0,0.0,0.0,0.0,0.0,0.0,0.0
25.175,3.4106895e-05,102.23,0.0,0.0,0.0,0.0,0.0,0.0,0.0
25.279,-0.010545359,102.228,0.0,0.0,-0.002180454259047522,-0.001090226448894741,-1.3116207455969322e-07,0.0,1.0
25.383,-0.0105236005,102.232,-5.697046899795445e-05,-0.0010955859422683632,-0.06876719146436941,-0.018133211962498823,-0.0073126902639119775,0.0,1.0
25.487,-0.010227656,102.229,-0.00022702280455827364,-0.0021746512800454925,-0.057782507095671704,-0.022372460396172963,-0.008317452677575124,0.0,1.0
25.591,-0.01021964,102.225,-0.0005084760237932242,-0.003237910628318798,-9.814736244508818e-06,-0.016298174500928242,-0.0006224164868423999,0.0,1.0
25.695,-0.010209064,102.226,-0.0009004579450190083,-0.004300203241407874,0.03143459120982745,-0.008287150637764515,0.0077827099850213315,0.0,1.0
25.799,-0.010461364,102.237,-0.001403571921795604,-0.005375065542757506,-0.08278531286773393,-0.01623284106918759,-0.003973823525869955,0.0,1.0
25.903,-0.0104978215,102.245,-0.0020192523756623186,-0.006464943185448633,-0.26483300658192493,-0.04322561333210763,-0.03632041895870846,0.0,1.0
26.007,-0.010717778,102.231,-0.00274897344672681,-0.007568154335021988,-0.23563064205693357,-0.06180655171058322,-0.05222460887936191,0.0,1.0
26.111,-0.010778918,102.224,-0.003594188559591776,-0.008685982450842865,-0.13414524906514577,-0.0662077363813411,-0.04841337604449795,0.0,1.0
26.215,-0.010880291,102.226,-0.004556097239196299,-0.009812261387705802,-0.07736819618820373,-0.06382096795014183,-0.037682288905420414,0.0,1.0
26.319,-0.010824474,102.238,-0.005635262108176936,-0.010940909169614306,-0.15164018945604535,-0.06916630929658595,-0.038032238707909505,0.0,1.0
26.423,-0.010770728,102.23,-0.006831510089069584,-0.012063859693706018,-0.13398881006548108,-0.07185831550083926,-0.035432391740848244,0.0,1.0
26.527,-0.010963043,102.221,-0.008144919616729035,-0.013194015838205826,-0.03938696379788318,-0.06485021540232706,-0.02261360973014001,0.0,1.0
26.631,-0.010937004,102.226,-0.009576314989954236,-0.014332818262279036,-0.0068132939729011344,-0.05565883407425455,-0.009643463795259391,0.0,1.0
26.735,-0.010478816,102.231,-0.011124836467444887,-0.01544644092023372,-0.022427368366335482,-0.04925850014699008,-0.0018748188955673086,0.0,1.0
26.839,-0.010238442,102.236,-0.012787285787790991,-0.016523738317191585,-0.07596047622325727,-0.04887080821963219,-0.0018464494731111063,0.0,1.0
26.943,-0.009944759,102.223,-0.014560329950660492,-0.017573264814913284,-0.01910638052339533,-0.043483694418056724,0.0034727207242231635,0.0,1.0
27.047,-0.009901255,102.23,-0.016441613115102064,-0.018605257578194145,-0.025211874146585347,-0.039569004429869326,0.006364781994602642,0.0,1.0
27.151,-0.009983017,102.231,-0.018430326978534455,-0.019639239795505997,-0.03845433483808041,-0.037629125155697336,0.006679209892220908,0.0,1.0
27.255,-0.0098245675,102.225,-0.020526367625981548,-0.020669234193861474,-0.005436617866649808,-0.03325277309970326,0.009491894497560893,0.0,1.0
27.359,-0.009787189,102.227,-0.022728998173743523,-0.021689045570790783,0.00782327888438821,-0.028538131109797617,0.012202185763863298,0.0,1.0
27.463,-0.009827704,102.234,-0.02503769758632781,-0.022709020055830486,-0.0327295873251291,-0.028391339280028814,0.009617705306785577,0.0,1.0
27.567,-0.00990522,102.232,-0.02745279349911213,-0.0237351321130991,-0.05388005793542125,-0.030561982207740618,0.004918533466860881,0.0,1.0
27.671,-0.008500421,102.227,-0.02997101609581707,-0.02469222551584243,-0.03592089471729319,-0.031271423127312827,0.002440667894329725,0.0,1.0
27.775,-0.0017857393,102.232,-0.0325668213281184,-0.025227105874568213,-0.056525310657508286,-0.03408804280952263,-0.0019292063574829319,0.0,1.0
27.879,0.011203193,102.234,-0.03516497554405036,-0.024737398277968142,-0.08903671230330655,-0.03978595862972875,-0.008693633131813651,0.0,1.0
27.983,0.032431606,102.229,-0.03761967647014559,-0.02246838876232504,-0.08087919069888935,-0.04432135276251841,-0.013112879976522251,0.0,1.0
28.087,0.062983036,102.226,-0.03969838771887123,-0.017506827559322147,-0.05147714484670284,-0.04577204527357259,-0.013380095553536487,0.0,1.0
28.191,0.10369591,102.221,-0.04106839794401823,-0.0088395229242743,0.010739232096784413,-0.04136423520033681,-0.007009795927128834,0.0,1.0
28.295,0.157388,102.237,-0.04128173746003209,0.00473683992400792,-0.05099337964795113,-0.042533625757538024,-0.0070141355642770135,0.0,1.0
28.399,0.22057027,102.228,-0.03976710695146022,0.024390669856220598,-0.040398641008785874,-0.04195229748622521,-0.004369209183761095,0.0,1.0
28.503,0.2832202,102.22,-0.035868227780416616,0.0505877757407724,0.02683428476027911,-0.03436661066671409,0.0063970248563276835,0.0,1.0
28.607,0.3326605,102.226,-0.02894175761549183,0.08261357358470527,0.041899752654588944,-0.024749854194330772,0.018979533168778002,0.0,1.0
28.711,0.37296793,102.232,-0.018441926782384724,0.11930625012889444,0.010597991232640198,-0.017043186297937205,0.029078304330898763,0.0,1.0
28.815,0.40550718,102.225,-0.003929080082997511,0.15978695562854456,0.03305516286616342,-0.005836021086228574,0.04299774347219264,0.0,1.0
28.919,0.42991406,102.221,0.01494774223952001,0.2032288582660259,0.08111316061144466,0.011218686282578242,0.06278675928137309,0.0,1.0
29.023,0.4457305,102.213,0.038451286401942245,0.24876237562671283,0.18026726524193074,0.038445756908848765,0.09226423714610699,0.0,1.0
29.127,0.4608454,102.208,0.06677395474992655,0.29590432337298933,0.3016414663248785,0.07707664817048834,0.13134931313909531,0.0,1.0
29.238,0.46783194,102.216,0.10247989296073817,0.34744591465964886,0.34908325387760625,0.12099843620834802,0.17146355826289056,0.0,1.0
29.342,0.45689824,102.221,0.141114738496642,0.3955318841077381,0.34800525811452204,0.16319402602236593,0.2065099424381646,0.0,1.0
29.446,0.42479563,102.223,0.1846341545872806,0.4413799637891358,0.32889394805640537,0.20321513391947124,0.23571956832792032,0.0,1.0
29.55,0.37798434,102.219,0.23270838786713433,0.4831245223619046,0.3382685214793186,0.24397635330775197,0.2629401166932521,0.0,1.0
29.654,0.3237623,102.224,0.2848508611143342,0.5196153477765619,0.3075909149731487,0.2818945489875291,0.2844445147847483,0.0,1.0
29.758,0.26312155,102.206,0.3404777911944198,0.5501333076097068,0.4092139816744852,0.32911665658865963,0.3138391285773099,0.0,1.0
29.862,0.20408802,102.21,0.3989549898835522,0.5744282056428487,0.46700612815178044,0.3806581089050426,0.3443671631760977,0.0,1.0
29.966,0.14607778,102.216,0.4596423715513168,0.5926368264295161,0.4710764704623648,0.4310870043507521,0.36982083170984925,0.0,1.0
30.07,0.094134174,102.214,0.5219261346497053,0.6051278485395013,0.4860348856872909,0.4812722288983592,0.3916693233717198,0.0,1.0
30.174,0.051031496,102.209,0.5852519588612128,0.6126764632202683,0.5324844516021013,0.5338171815063817,0.4130417432218319,0.0,1.0
30.278,0.015492686,102.209,0.64915019243301,0.6161357208527622,0.570343262108863,0.587463417244886,0.43250529869430765,0.0,1.0
30.382,-0.013072291,102.214,0.7132348521489175,0.6162615813761947,0.5642682710333339,0.6379289977612175,0.44564348475068916,0.0,1.0
30.486,-0.034343477,102.212,0.777197844368365,0.6137959613054988,0.5704566288068831,0.6864098643884934,0.4545838104958811,0.0,1.0
30.59,-0.050185855,102.206,0.8408040570282003,0.6094004359990356,0.6167504164459795,0.7364887870577955,0.4637089604082701,0.0,1.0
30.694,-0.061447408,102.2,0.9038798460275188,0.6035955062955616,0.6983021229580902,0.7909463860550983,0.4759057447656455,0.0,1.0
30.798,-0.0680395,102.201,0.9663036460950623,0.5968621873110531,0.7595525889887471,0.8473090622598317,0.48803277228641406,0.0,1.0
30.902,-0.08047211,102.197,1.0279757381593253,0.5891395831555124,0.8385901212659266,0.9067244196765816,0.5012875192304707,0.0,1.0
31.006,-0.09589926,102.199,1.088769346634414,0.5799682721346613,0.8893300407900891,0.9660921314695678,0.512130820976423,0.0,1.0
31.11,-0.11961964,102.194,1.1485032838529603,0.5687612897604701,0.9655407915026645,1.0273929133960003,0.5229615202048588,0.0,1.0
31.214,-0.15198077,102.206,1.2069200504381907,0.5546380676478146,0.9407142836734612,1.0811173416360549,0.5235067255573179,0.0,1.0
31.318,-0.19256188,102.191,1.2636707661415605,0.5367218497246498,1.0229846277344952,1.1372558903680714,0.5258395722027442,0.0,1.0
31.422,-0.23725374,102.2,1.3183276170759464,0.5143714374750848,1.0257181973113125,1.1881306223515087,0.5213122744103253,0.0,1.0
31.526,-0.28135073,102.19,1.3704199401206036,0.4874040056914089,1.0961205189528407,1.239929088937796,0.5173865303796885,0.0,1.0
31.63,-0.32079625,102.196,1.4194817512700812,0.4560923625677824,1.1101924154277105,1.2871461807371574,0.5079181557317243,0.0,1.0
31.734,-0.3515927,102.197,1.4650972173611192,0.4211281391829243,1.1109619922207694,1.3286786992256971,0.4924191873577273,0.0,1.0
31.838,-0.371218,102.185,1.506940063742187,0.3835419835299247,1.1946769192680144,1.3721375791038963,0.47982612082842147,0.0,1.0
31.942,-0.3793437,102.187,1.544798911154177,0.34451277439296213,1.2497592883980895,1.4144273555841058,0.466336753019052,0.0,1.0
32.046,-0.37340713,102.194,1.578592801490094,0.3053697320669889,1.2429972845249215,1.44984092067764,0.44598421728154164,0.0,1.0
32.15,-0.35873574,102.194,1.608371539316322,0.2672983030527833,1.23288262587709,1.4785470486995447,0.42002553059108033,0.0,1.0
32.254,-0.33513987,102.194,1.6342943231821314,0.2312167712897068,1.220478291338727,1.5008925721016002,0.389754861666798,0.0,1.0
32.358,-0.30636683,102.199,1.6566062333554283,0.19785842435062015,1.1704767395673783,1.5141443467329014,0.3530097483081395,0.0,1.0
32.462,-0.2735378,102.188,1.675615447245386,0.16770338122546574,1.2040835019032334,1.5267306108289966,0.319897355081266,0.0,1.0
32.566,-0.23944287,102.192,1.6916694990812804,0.14102838484942834,1.2029241093680896,1.535724710900916,0.28688117511715433,0.0,1.0
32.67,-0.2049546,102.199,1.7051348004021907,0.11791971747577129,1.1495100422804088,1.536982198567371,0.24965998475704168,0.0,1.0
32.774,-0.17220649,102.195,1.7163786074441931,0.09830734102427913,1.1304245513080986,1.5345542943802537,0.21333416839509228,0.0,1.0
32.878,-0.14210972,102.2,1.725752659870412,0.0819628979414698,1.0769852897809937,1.5260099955748068,0.17530089124544732,0.0,1.0
32.982,-0.11384075,102.188,1.7335847111565132,0.06865347294509386,1.1169973123020374,1.5205700024600906,0.1457889326555127,0.0,1.0
33.086,-0.090056315,102.196,1.740173334695365,0.058050825878977606,1.0943907527894465,1.5125984846285376,0.11760001208984752,0.0,1.0
33.19,-0.06933452,102.191,1.7457796277636546,0.0497625023573636,1.1107521425533036,1.5060574516827197,0.09485934406676924,0.0,1.0
33.294,-0.051955003,102.187,1.750626961142804,0.04345544724166388,1.1541994949321814,1.5034157431329085,0.07946200340536835,0.0,1.0
33.398,-0.038491517,102.188,1.7549017602743169,0.03875222836434807,1.184710419843613,1.5032716996368447,0.06886732738617596,0.0,1.0
33.502,-0.027948055,102.2,1.7587523394296427,0.03529737077653377,1.1238196054839031,1.497348050630455,0.05355760479837866,0.0,1.0
33.606,-0.01991254,102.195,1.7622938509379287,0.032808619767427154,1.1060243690774048,1.490205624691682,0.03915438616721095,0.0,1.0
33.71,-0.014722685,102.195,1.7656122937394638,0.031007587954401693,1.0904949079383157,1.4823148698278188,0.02605090965190699,0.0,1.0
33.814,-0.01130034,102.196,1.7687667166229148,0.02965439057350132,1.0699326735896773,1.4734379191718519,0.01381489855320299,0.0,1.0
33.918,-0.009759908,102.201,1.7717938263347406,0.028559257730841378,1.0162015442274097,1.4608510322838497,-0.0005841813881856742,0.0,1.0
34.022,-0.0024391236,102.193,1.7747310029584127,0.027924908109009012,1.027885836295673,1.4508957170366223,-0.010026897864290632,0.0,1.0
34.126,0.003085832,102.199,1.7776369421016234,0.027958536952733738,0.9958469233323464,1.4395383016182324,-0.01954327112782097,0.0,1.0
34.23,0.00701511,102.196,1.7805719428921598,0.028483785942196586,0.9905479253437275,1.4294137998000296,-0.026287510687307503,0.0,1.0
34.334,0.009373854,102.186,1.7835785723885555,0.029336012065410404,1.0595809688729012,1.4270936953599707,-0.023643505119826755,0.0,1.0
34.438,0.010269637,102.197,1.7866826336433848,0.030357473604380868,1.041168558216394,1.4240132083941526,-0.022169899502969367,0.0,1.0
34.542,0.010817149,102.196,1.7898968295674285,0.031453986473381296,1.032443150370719,1.4211075279386203,-0.020688195977883996,0.0,1.0
34.646,0.010511219,102.192,1.79322571606582,0.0325630615726111,1.0541042740794202,1.4210567484653098,-0.01633572442021395,0.0,1.0
34.75,0.009530409,102.19,1.7966664670309682,0.03360522621870017,1.0878416296709612,1.4246123112102915,-0.008744920413011531,0.0,1.0
34.854,0.008314299,102.194,1.8002096626498658,0.03453315106779312,1.0883389548089912,1.4283860195347529,-0.002028243208028857,0.0,1.0
34.958,0.0065178247,102.195,1.8038412164245206,0.03530442152172302,1.0811449339418484,1.4316057729328633,0.0031149292168358156,0.0,1.0
35.062,0.0047983127,102.197,1.8075434750982777,0.035892860665917146,1.060052653273663,1.4330397392997432,0.00559840418209006,0.0,1.0
35.166,0.0030064918,102.19,1.8112974367988512,0.036298710498958574,1.0921383241274405,1.4375666648712433,0.01102818332393439,0.0,1.0
35.27,0.00095918495,102.193,1.8150832258807081,0.0365049256905911,1.0984735119933084,1.442528775298991,0.01611281304185099,0.0,1.0
35.374,-0.0006927727,102.198,1.8188804585313159,0.03651877912878967,1.067465059934881,1.4445054703693532,0.017242148054238744,0.0,1.0
35.478,-0.0020772908,102.191,1.8226709213090944,0.03637473582848883,1.0907434373223974,1.4486025769535498,0.020461023635197022,0.0,1.0
35.582,-0.004042596,102.191,1.8264373456611367,0.036056501710787184,1.1111054043394553,1.4543069240082918,0.024899384969202132,0.0,1.0
35.686,-0.005030906,102.201,1.83016268709113,0.0355846796352414,1.0562253900607061,1.4547148545992337,0.022991560981202364,0.0,1.0
35.79,-0.006339011,102.2,1.8338327495186806,0.03499344397149958,1.0151701387583407,1.4515963068154527,0.017580175579255994,0.0,1.0
35.894,-0.007285081,102.195,1.8374352281479418,0.03428499120660105,1.015885917088307,1.4490645728737443,0.01358318202546114,0.0,1.0
35.998,-0.008236073,102.199,1.8409588980335325,0.03347789120860377,0.9883435853194315,1.4445823652939693,0.008072708955317795,0.0,1.0
36.102,-0.008895215,102.192,1.8443942757175444,0.03258706425316611,1.0156932430896015,1.4432707319048426,0.0067448111807872635,0.0,1.0
36.206,-0.009691102,102.192,1.8477330729984969,0.03162057576514754,1.0404740400259014,1.4445859537288313,0.00838527935328505,0.0,1.0
36.31,-0.010232479,102.195,1.8509677395105242,0.030584549466147762,1.040824102438961,1.4460627365392602,0.00991012953806205,0.0,1.0
36.414,-0.0107396245,102.194,1.8540918240888147,0.02949400011636292,1.048460036512572,1.4483015321796164,0.01197614519962873,0.0,1.0
36.518,-0.0109078195,102.195,1.8571006654123543,0.02836833302862918,1.0479508334040892,1.450465491534194,0.013606299782906332,0.0,1.0
36.622,-0.011060026,102.192,1.8599915709943502,0.027226005086675054,1.069192205454845,1.4544628842024288,0.016904398645310445,0.0,1.0
36.726,-0.011227123,102.182,1.8627628110725163,0.026067073339596167,1.1601347834742701,1.4662535960812668,0.02798592554929752,0.0,1.0
36.83,-0.011581447,102.191,1.8654121123254328,0.024881027678027533,1.1738853264921878,1.4780626401484669,0.037370115467067165,0.0,1.0
36.934,-0.011332,102.195,1.8679377812442064,0.023689528452232274,1.155486383819078,1.4869139484335783,0.04213292999598354,0.0,1.0
37.038,-0.011263567,102.192,1.870340393793407,0.022514559032395284,1.1597513991130073,1.4950510495716762,0.045368428434527465,0.0,1.0
37.142,-0.011274831,102.184,1.8726209641060414,0.021342562364414064,1.2204427560826279,1.507509827760271,0.05268719464164598,0.0,1.0
37.246,-0.011242662,102.19,1.8747797032908828,0.020171652728691435,1.2289172325469766,1.519123667981962,0.057953954900593366,0.0,1.0
37.35,-0.011203077,102.189,1.8768168618982615,0.019004474336281166,1.2419562579594292,1.530310850370869,0.06192497905996374,0.0,1.0
37.454,-0.011144689,102.192,1.8787328988675207,0.017842390457167977,1.2301109715261542,1.5388452657447673,0.062417375961556235,0.0,1.0
37.558,-0.011067475,102.185,1.8805284457823217,0.016687357904389265,1.2690548712593501,1.5494860781664026,0.06504030532080662,0.0,1.0
37.662,-0.010990429,102.196,1.88220428643215,0.015540346900000942,1.222180776328925,1.5543542626900144,0.061055123928721325,0.0,1.0
37.766,-0.010870671,102.201,1.8837613700988471,0.014403569767251392,1.14365540145979,1.551244607124499,0.04910203848586263,0.0,1.0
37.87,-0.010904149,102.187,1.8852004622387022,0.013271279076114088,1.1759397854864864,1.550918934712938,0.041879832395555185,0.0,1.0
37.974,-0.010775978,102.199,1.8865220521969677,0.012143912428989805,1.1175621435430658,1.545108132360478,0.02984110350089053,0.0,1.0
38.078,-0.010856241,102.198,1.8877265255701274,0.011019037054851381,1.0738697489856295,1.535784044582547,0.01581849853321387,0.0,1.0
38.182,-0.010754071,102.193,1.888814071139741,0.00989530082233224,1.072690818414699,1.5272159064201933,0.004672249477939955,0.0,1.0
38.286,-0.010708402,102.191,1.8897851478955179,0.00877925217337881,1.08731693067625,1.5208413591104655,-0.002494837286539868,0.0,1.0
38.39,-0.0106834825,102.195,1.8906403464685857,0.00766687423177039,1.0721445361071331,1.5138582674504975,-0.009276051830788667,0.0,1.0
38.494,-0.010635267,102.193,1.8913800554924936,0.006558299304917218,1.0741162265373498,1.5079118878307745,-0.013971614271054984,0.0,1.0
38.598,-0.010607131,102.192,1.8920046791739344,0.005453694568946729,1.0838926519466152,1.503630233346795,-0.016224708047654315,0.0,1.0
38.702,-0.010609916,102.196,1.8925144925108581,0.004350408064201255,1.0641434461610235,1.4982345060331868,-0.019372205214328433,0.0,1.0
38.806,3.023073e-05,102.198,0.0,0.0,0.0,0.0,0.0,0.0,0.0
38.91,0.00030535646,102.194,0.0,0.0,0.0,0.0,0.0,0.0,0.0
39.014,-0.00018716231,102.194,0.0,0.0,0.0,0.0,0.0,0.0,0.0
39.118,-0.00043625198,102.192,0.0,0.0,0.0,0.0,0.0,0.0,0.0
39.326,-0.00030622073,102.193,0.0,0.0,0.0,0.0,0.0,0.0,0.0
39.43,-0.00018006377,102.191,0.0,0.0,0.0,0.0,0.0,0.0,0.0
39.534,-0.00012553483,102.196,0.0,0.0,0.0,0.0,0.0,0.0,0.0
39.638,0.00012606569,102.188,0.0,0.0,0.0,0.0,0.0,0.0,0.0
39.742,-0.00057279505,102.196,0.0,0.0,0.0,0.0,0.0,0.0,0.0
39.846,-0.00019373,102.191,0.0,0.0,0.0,0.0,0.0,0.0,0.0
39.95,1.1689961e-05,102.193,0.0,0.0,0.0,0.0,0.0,0.0,0.0
40.054,0.00027824566,102.188,0.0,0.0,0.0,0.0,0.0,0.0,0.0
40.158,0.00016905367,102.183,0.0,0.0,0.0,0.0,0.0,0.0,0.0
40.262,-2.1422282e-05,102.187,0.0,0.0,0.0,0.0,0.0,0.0,0.0
40.366,0.00014971383,102.191,0.0,0.0,0.0,0.0,0.0,0.0,0.0
40.47,0.00046418048,102.196,0.0,0.0,0.0,0.0,0.0,0.0,0.0
40.574,-0.00046543032,102.196,0.0,0.0,0.0,0.0,0.0,0.0,0.0
40.678,0.00012831576,102.192,0.0,0.0,0.0,0.0,0.0,0.0,0.0
40.782,-0.00036248937,102.193,0.0,0.0,0.0,0.0,0.0,0.0,0.0
40.886,0.00049921684,102.193,0.0,0.0,0.0,0.0,0.0,0.0,0.0
40.99,0.00030666403,102.185,0.0,0.0,0.0,0.0,0.0,0.0,0.0
41.094,0.0001741033,102.191,0.0,0.0,0.0,0.0,0.0,0.0,0.0
41.198,0.00032086857,102.188,0.0,0.0,0.0,0.0,0.0,0.0,0.0
41.302,0.0014188271,102.184,0.0,0.0,0.0,0.0,0.0,0.0,0.0
41.406,-5.336851e-05,102.194,0.0,0.0,0.0,0.0,0.0,0.0,0.0
41.51,-0.0013722684,102.197,0.0,0.0,0.0,0.0,0.0,0.0,0.0
41.614,0.00017247722,102.196,0.0,0.0,0.0,0.0,0.0,0.0,0.0
41.718,-0.0015879311,102.187,0.0,0.0,0.0,0.0,0.0,0.0,0.0
41.822,0.00060805306,102.197,0.0,0.0,0.0,0.0,0.0,0.0,0.0
41.926,-0.0005050618,102.199,0.0,0.0,0.0,0.0,0.0,0.0,0.0
42.03,0.0007508844,102.179,0.0,0.0,0.0,0.0,0.0,0.0,0.0
42.134,-0.00046844035,102.196,0.0,0.0,0.0,0.0,0.0,0.0,0.0
42.238,-0.00075871125,102.194,0.0,0.0,0.0,0.0,0.0,0.0,0.0
42.342,-8.913502e-05,102.198,0.0,0.0,0.0,0.0,0.0,0.0,0.0
42.446,-0.00057279505,102.192,0.0,0.0,0.0,0.0,0.0,0.0,0.0
42.55,-0.0005909242,102.194,0.0,0.0,0.0,0.0,0.0,0.0,0.0
42.654,-0.00071328133,102.193,0.0,0.0,0.0,0.0,0.0,0.0,0.0
42.758,-0.00036299042,102.201,0.0,0.0,0.0,0.0,0.0,0.0,0.0
42.862,0.00018943287,102.198,0.0,0.0,0.0,0.0,0.0,0.0,0.0
42.966,-0.00025590323,102.19,0.0,0.0,0.0,0.0,0.0,0.0,0.0
43.07,-7.909536e-05,102.182,0.0,0.0,0.0,0.0,0.0,0.0,0.0
43.278,-0.00049028173,102.193,0.0,0.0,0.0,0.0,0.0,0.0,0.0
43.382,0.0017872546,102.205,0.0,0.0,0.0,0.0,0.0,0.0,0.0
43.486,-0.00280918,102.192,0.0,0.0,0.0,0.0,0.0,0.0,0.0
43.59,0.00019068271,102.192,0.0,0.0,0.0,0.0,0.0,0.0,0.0
43.694,-0.0008371193,102.186,0.0,0.0,0.0,0.0,0.0,0.0,0.0
43.798,-0.0008217711,102.183,0.0,0.0,0.0,0.0,0.0,0.0,0.0
43.902,-0.00033416785,102.196,0.0,0.0,0.0,0.0,0.0,0.0,0.0
44.006,-0.00022988953,102.186,0.0,0.0,0.0,0.0,0.0,0.0,0.0
44.11,-0.0004365407,102.188,0.0,0.0,0.0,0.0,0.0,0.0,0.0
44.221,-0.00095499493,102.191,0.0,0.0,0.0,0.0,0.0,0.0,0.0
44.325,0.000611322,102.192,0.0,0.0,0.0,0.0,0.0,0.0,0.0
44.429,-0.0011556074,102.2,0.0,0.0,0.0,0.0,0.0,0.0,0.0
44.533,-0.0006082915,102.189,0.0,0.0,0.0,0.0,0.0,0.0,0.0
44.637,-0.0026200945,102.189,0.0,0.0,0.059579818620032816,0.02978990701693638,6.672719683011916e-07,0.0,1.0
44.741,-0.002564618,102.193,-1.4019462205469395e-05,-0.00026960504241287504,-0.008553618382082507,0.012383714653507263,-0.007065557788039587,0.0,1.0
44.845,-0.0029484134,102.199,-5.696562253683719e-05,-0.0005562826562672811,-0.12665674030790353,-0.015194796437135309,-0.024670103737537218,0.0,1.0
44.949,-0.0029001834,102.185,-0.00013063362454622784,-0.0008604096900671655,-0.006901330285426627,-0.012727340094587106,-0.015042998472631262,0.0,1.0
45.053,-0.0027902988,102.196,-0.00023550329684465763,-0.001156314777210346,-0.07149297645334261,-0.01939165964041304,-0.018690773764917963,0.0,1.0
45.157,-0.0030913367,102.198,-0.000371663975991303,-0.0014621598217636235,-0.1446464137070779,-0.03298211690393225,-0.03059218384498096,0.0,1.0
45.261,-0.0029887161,102.194,-0.0005401690602675124,-0.0017783225681632837,-0.1419719162837566,-0.043137589835681854,-0.03659013084103939,0.0,1.0
45.365,-0.0029819154,102.19,-0.0007412591955438291,-0.0020887954179197605,-0.08960705190881978,-0.04541909977828387,-0.032356053756041524,0.0,1.0
45.469,-0.0031117732,102.192,-0.0009749712521955392,-0.0024056672099977763,-0.07415806505055665,-0.045462473329071836,-0.026614533628803092,0.0,1.0
45.573,-0.002744053,102.188,-0.0012409947960674767,-0.002710170172154904,-0.02011427813402744,-0.03975105012602096,-0.015416992299884361,0.0,1.0
45.677,-0.0027195544,102.19,-0.001537626088947056,-0.002994277767837046,-0.00014279028896184112,-0.032804491917108665,-0.004993803779800513,0.0,1.0
45.781,-0.0028939524,102.192,-0.0018642098991125777,-0.0032861801199614966,-0.004387467874821277,-0.02728783704380824,0.0018884733987718266,0.0,1.0
45.885,-0.0029465118,102.195,-0.0022217652475833814,-0.003589884273707861,-0.03519342807398451,-0.025605218345945986,0.0032987793302836645,0.0,1.0
45.989,-0.0029932205,102.192,-0.0026111742482036234,-0.003898750353604547,-0.03395518901305703,-0.024111390838677416,0.004254199770519275,0.0,1.0
46.093,-0.0030756441,102.193,-0.0030330544954985518,-0.0042143313251435865,-0.04138482989389047,-0.023609318887052703,0.003969249431736493,0.0,1.0
46.197,-0.0031146521,102.189,-0.0034880835144072884,-0.004536226730793723,-0.015360437419230441,-0.020833389887954003,0.006158664905591436,0.0,1.0
46.301,-0.0032788222,102.187,-0.003977139049530037,-0.004868687406182295,0.021783179701917888,-0.015077823333489754,0.011172443998393771,0.0,1.0
46.405,-0.003435262,102.19,-0.0045016374234110165,-0.005217819783836607,0.02939586607065741,-0.00947698670323874,0.01523506080243195,0.0,1.0
46.509,-0.0035758417,102.188,-0.0050632487046420585,-0.005582397162914277,0.050251405673904063,-0.0028407945963883872,0.01976452166217791,0.0,1.0
46.613,-0.0035547675,102.186,-0.005663099176034327,-0.005953188825398682,0.08225336779576649,0.005675778374292684,0.025591650859987436,0.0,1.0
46.717,-0.0036514811,102.195,-0.00630171651004999,-0.006327913751825685,0.04229090680704206,0.009314952197503066,0.025354179445517884,0.0,1.0
46.821,-0.0035354544,102.198,-0.006979253013245747,-0.0067016343865543525,-0.015221191808122009,0.007047386524760776,0.0188674635961863,0.0,1.0
46.925,-0.003526079,102.182,-0.007695317376382628,-0.007068834135308851,0.051374909398992884,0.010690259037898825,0.019619884254334086,0.0,1.0
47.029,-0.0036108,102.194,-0.008449774247333432,-0.007439951844513428,0.021932223157591104,0.011017491839673026,0.01671995201460191,0.0,1.0
47.133,-0.0112938965,102.189,-0.00926383153848352,-0.008214996062219149,0.03203527775331733,0.011919804401921438,0.014837212187915186,0.0,1.0
47.237,-0.020126808,102.198,-0.010203152712509048,-0.00984887266904115,-0.024636556247041756,0.007373871252664823,0.007367611869281508,0.0,1.0
47.341,-0.032607146,102.189,-0.011370028081819417,-0.012591038279235335,-0.009032003406043081,0.004400948638202306,0.002587648492665868,0.0,1.0
47.445,-0.05027535,102.195,-0.012903610325917587,-0.016900927953422008,-0.03844506428267797,-0.0011918617121190102,-0.004440220030139002,0.0,1.0
47.549,-0.07476925,102.191,-0.014999427429243883,-0.023403247110545523,-0.034885782822478124,-0.006246021072151586,-0.010094488260193994,0.0,1.0
47.653,-0.10915509,102.188,-0.017930696563467307,-0.03296731316298228,-0.009492795660531983,-0.008979570431634342,-0.01279939847905839,0.0,1.0
47.757,-0.15186691,102.197,-0.02206510062448667,-0.04654045724123687,-0.052117438031936913,-0.01587283392061076,-0.020077380687518007,0.0,1.0
47.861,-0.20577586,102.188,-0.02787237422715106,-0.06513788127154069,-0.024009702551316018,-0.02044907214032673,-0.024520968834953177,0.0,1.0
47.965,-0.25468782,102.197,-0.035891807650849525,-0.08908199226111276,-0.06411026811255964,-0.029331484263460876,-0.033843559399140896,0.0,1.0
48.069,-0.2944107,102.194,-0.04664109716747732,-0.117635113827885,-0.07716380402649242,-0.040004040722004586,-0.044804493219757616,0.0,1.0
48.173,-0.32382256,102.191,-0.06054685175006119,-0.14978324352949912,-0.06615366414318631,-0.050477092754486266,-0.055173170274578194,0.0,1.0
48.277,-0.34967554,102.18,-0.07794544792352635,-0.18480514442175655,0.023908452781130136,-0.0541029048460532,-0.05804968261534626,0.0,1.0
48.381,-0.3684226,102.192,-0.09910692037777606,-0.22214624892920254,0.01591921149596392,-0.06073899488123326,-0.06518699127886919,0.0,1.0
48.485,-0.3823174,102.194,-0.12424013120387477,-0.26118472849577634,-0.0062478583805570575,-0.0717666566597778,-0.07748592209861267,0.0,1.0
48.589,-0.39196822,102.189,-0.1534970112690176,-0.3014475804492825,0.010116738064423293,-0.08369548643342024,-0.09048774973304433,0.0,1.0
48.693,-0.39840782,102.2,-0.18698473652134756,-0.3425471359416833,-0.05544402367392688,-0.10408493688694495,-0.11219638772809094,0.0,1.0
48.797,-0.38455695,102.196,-0.2247267753866154,-0.3832613037750112,-0.08397509242961886,-0.12904734901539844,-0.13713073768005735,0.0,1.0
48.901,-0.35669056,102.201,-0.2665902843131883,-0.421806175582112,-0.14450782042872123,-0.1611278034668484,-0.16743801397142166,0.0,1.0
49.005,-0.31751272,102.195,-0.3122811722337465,-0.4568647459670909,-0.15299339997848097,-0.19502538343200113,-0.19650702022441696,0.0,1.0
49.109,-0.27199706,102.186,-0.36138914027343766,-0.4875192547962075,-0.09367389439824554,-0.22451441640545045,-0.21769862300012005,0.0,1.0
49.213,-0.22395219,102.205,-0.41343218959383704,-0.5133086167499427,-0.17822335193592267,-0.2628217740868995,-0.2461389261859898,0.0,1.0
49.317,-0.17826293,102.201,-0.4679038754289001,-0.5342238031551244,-0.2224263381591347,-0.3053428569974966,-0.27562310313265165,0.0,1.0
49.421,-0.13589305,102.197,-0.5243126287697997,-0.5505599149391056,-0.23049559892598845,-0.34824581924177256,-0.30171869731812545,0.0,1.0
49.525,-0.09236772,102.2,-0.5821880770467363,-0.5624294750019908,-0.2573724258106699,-0.3929490647628719,-0.3262749773521224,0.0,1.0
49.629,-0.05590482,102.206,-0.6410816714063126,-0.5701396472975612,-0.32254798291933107,-0.4424325901968796,-0.35254306723158774,0.0,1.0
49.733,-0.025936509,102.205,-0.7005974936741425,-0.5743953963145614,-0.3702531296215923,-0.49437344991589305,-0.3776464507251577,0.0,1.0
49.837,-0.0024264394,102.207,-0.7604113083034625,-0.5758702696338297,-0.4238491452943356,-0.5487469172968568,-0.4016241496725908,0.0,1.0
49.941,0.016026165,102.2,-0.8202650426877902,-0.5751630839109422,-0.41707999660739364,-0.5996387673248266,-0.41824072655459055,0.0,1.0
50.045,0.02958747,102.21,-0.8799586641445917,-0.5727911748737098,-0.48053376107108187,-0.6533993244756696,-0.4353242146899936,0.0,1.0
50.149,0.039070386,102.206,-0.9393432954775848,-0.5692209661453964,-0.5042793312656411,-0.7059631987742031,-0.4484133903022689,0.0,1.0
50.253,0.045268103,102.204,-0.9983142246900353,-0.5648353648632767,-0.5074145848503876,-0.7554087268035428,-0.45602482191621146,0.0,1.0
50.357,0.049202193,102.202,-1.0568016549653558,-0.5599229096621278,-0.49268007145926956,-0.8003082901171568,-0.45743788389619866,0.0,1.0
50.461,0.05017876,102.213,-1.1147649114676261,-0.5547550999969247,-0.5568163190172827,-0.8480427397941914,-0.46146219471153516,0.0,1.0
50.565,0.049333032,102.219,-1.1721903619944594,-0.549580487057567,-0.6540795041533414,-0.9011653187765597,-0.47043183965687296,0.0,1.0
50.669,0.047008783,102.215,-1.2290862243710297,-0.5445707124918704,-0.7071729212396587,-0.9550558646143661,-0.47867194347796077,0.0,1.0
50.773,0.043972418,102.207,-1.2854755653044752,-0.5398396900743248,-0.6919661641900987,-1.003425217691798,-0.47958419080873316,0.0,1.0
50.877,0.040745277,102.225,-1.3413898164358902,-0.5354343701452019,-0.8052521213925835,-1.058185360858326,-0.48701244714790143,0.0,1.0
50.981,0.036220185,102.22,-1.3968668763105436,-0.5314321659058335,-0.8646851411615646,-1.1137883902517658,-0.49406337682951923,0.0,1.0
51.085,0.031963374,102.227,-1.4519514532287876,-0.5278866209834817,-0.962975135751811,-1.1734900188329402,-0.5042902996224238,0.0,1.0
51.189,0.027850155,102.219,-1.5066899260279691,-0.5247763174623254,-0.9863442221740217,-1.2300801006738729,-0.5095285599171875,0.0,1.0
51.293,0.023062626,102.218,-1.5611289948800358,-0.5221288527697329,-0.9943821176896501,-1.2824254515041131,-0.5093375790999555,0.0,1.0
51.397,0.019186871,102.219,-1.6153161529281288,-0.5199318789243702,-1.0038905432482614,-1.331063999918849,-0.505128089140114,0.0,1.0
51.501,0.015990477,102.215,-1.6692939487817433,-0.5181026567220692,-0.9789451830062933,-1.3733347850690256,-0.49467728117915977,0.0,1.0
51.605,0.011680145,102.243,-1.7231018037192964,-0.5166637843847279,-1.1561425175817992,-1.427940617467204,-0.49892311164749537,0.0,1.0
51.709,0.009742434,102.232,-1.7767769106393037,-0.5155498102307323,-1.2279811568131243,-1.484230943718644,-0.5042847038791509,0.0,1.0
51.813,0.007623747,102.228,-1.8303471327470118,-0.5146467687636618,-1.2567011741008058,-1.538139458414354,-0.5062578531808142,0.0,1.0
51.917,0.004078863,102.226,-1.883838752840506,-0.5140382330343132,-1.2620778163336688,-1.5878058091959903,-0.5033772652248554,0.0,1.0
52.021,0.0026164318,102.234,-1.9372806249990628,-0.5136900777071719,-1.3198325211960693,-1.6383401604725258,-0.5018443615647238,0.0,1.0
52.125,0.0012580159,102.232,-1.9906939165741293,-0.513488606428728,-1.3513737889628057,-1.687343107848601,-0.4988983485098231,0.0,1.0
52.229,0.00030841352,102.223,-2.044092496017647,-0.5134071521004666,-1.309170313015118,-1.728448034116792,-0.4879548839799708,0.0,1.0
52.333,-0.0014155454,102.239,-2.097489833520562,-0.5134647229555999,-1.3839025156479687,-1.7729586733487233,-0.48230150349705214,0.0,1.0
52.437,-0.003080559,102.239,-2.150902322173387,-0.5136985203679655,-1.4458049053917268,-1.8194620524885177,-0.47963836409656874,0.0,1.0
52.541,0.0026071344,102.229,-2.2043282484316635,-0.5137231384450573,-1.423561543500708,-1.860307733688495,-0.4713328882434637,0.0,1.0
52.645,-0.0005088232,102.244,-2.257749780996456,-0.5136140262624252,-1.5087490390279947,-1.9056954420333845,-0.46912738622406935,0.0,1.0
52.749,0.0001505122,102.237,-2.311166608600675,-0.5136326584341008,-1.5290147617905938,-1.94942844569131,-0.4654871138859168,0.0,1.0
52.853,-0.00053533446,102.239,-2.364585445637198,-0.5136526691913608,-1.557206023159398,-1.9924166588114756,-0.46160048946278737,0.0,1.0
52.957,-0.0011917008,102.241,-2.418009993136467,-0.5137424750253561,-1.5925523770396024,-2.0354151977381725,-0.4583141615428786,0.0,1.0
53.061,-0.001703649,102.241,-2.471447039564521,-0.5138930332064632,-1.6197766133608358,-2.077740129873286,-0.4548093625855103,0.0,1.0
53.165,-0.0025184564,102.241,-2.5249033315906084,-0.5141125826798383,-1.6399298062392833,-2.118872681130941,-0.45056749257780143,0.0,1.0
53.269,-0.0018554011,102.248,-2.578382867100671,-0.5143400232829157,-1.7047364820365685,-2.1629494220821206,-0.450119421086232,0.0,1.0
53.373,0.006387297,102.255,-2.631861975276008,-0.5141043647043411,-1.8085875288180042,-2.213139981079294,-0.4562615027762189,0.0,1.0
53.477,0.02660463,102.241,-2.6852396190343346,-0.5123887844942514,-1.7940569663034196,-2.258201330605906,-0.45593005802880027,0.0,1.0
53.581,0.06027452,102.242,-2.7382931314026293,-0.5078710687421264,-1.784083321768879,-2.2989547132832624,-0.4508671236450727,0.0,1.0
53.685,0.11049308,102.25,-2.790649966947066,-0.49899115326628113,-1.8295589868216091,-2.3406352527127257,-0.4472062149877022,0.0,1.0
53.789,0.16590253,102.252,-2.8417976731332115,-0.48461858108267225,-1.8805047815732834,-2.383413063753884,-0.44470036614153563,0.0,1.0
53.893,0.23143761,102.245,-2.8911235978843437,-0.4639568949006503,-1.8709219607042387,-2.4214747246857433,-0.43671553377999556,0.0,1.0
53.997,0.28684878,102.257,-2.9379736685094997,-0.43700600173696946,-1.945888872218214,-2.462463771083489,-0.4319947269094003,0.0,1.0
54.101,0.34134263,102.25,-2.981723663113461,-0.4043400483392189,-1.9575455009523686,-2.5000246809175852,-0.4230296321817998,0.0,1.0
54.205,0.3802851,102.261,-3.0218237468068163,-0.3668154073022319,-2.0437862955040593,-2.5406924413484986,-0.4172494549763597,0.0,1.0
54.309,0.40669343,102.268,-3.057844559186504,-0.3258925230763869,-2.1663371078688787,-2.5868950637876713,-0.41663377912338617,0.0,1.0
54.413,0.41455162,102.269,-3.089516734905616,-0.2831877792142351,-2.276435603148207,-2.6364327212670755,-0.41798350525911004,0.0,1.0
54.517,0.41270283,102.257,-3.116731368006932,-0.24017054965719514,-2.280566831355722,-2.679014280113072,-0.4099951083730523,0.0,1.0
54.621,0.39647093,102.264,-3.139521099316674,-0.19809351399168337,-2.3290313865461383,-2.7188676671101026,-0.3986301361820006,0.0,1.0
54.725,0.37141466,102.255,-3.158046462202,-0.1581634645722806,-2.3010168002444455,-2.749145149582567,-0.3771663576727188,0.0,1.0
54.829,0.3385433,102.262,-3.172575736201065,-0.12124565079435728,-2.322248292042632,-2.775017088167884,-0.352768867638011,0.0,1.0
54.933,0.30193844,102.264,-3.183453421338665,-0.08794060185179162,-2.351181342097226,-2.797530822269872,-0.32714175704580456,0.0,1.0
55.037,0.2628254,102.258,-3.1910721224970393,-0.05857288196310471,-2.329198838937458,-2.81248666668457,-0.29613927824533043,0.0,1.0
55.141,0.22243145,102.259,-3.195851567696857,-0.0333395257256934,-2.3136023191458612,-2.82130901075292,-0.26225696215610195,0.0,1.0
55.245,0.18251777,102.261,-3.198223895686763,-0.012282166387886862,-2.3115629574627676,-2.8259999035982313,-0.2282330818501318,0.0,1.0
55.349,0.16026405,102.258,-3.1985743589715834,0.005542487833647729,-2.285742987170275,-2.825068745632681,-0.1926243948629079,0.0,1.0
55.453,0.11927676,102.258,-3.197242061894732,0.02007860979810326,-2.2612303622832575,-2.8194614756935485,-0.15681054322630636,0.0,1.0
55.557,0.08815591,102.263,-3.1945929885296103,0.030865108761936034,-2.274621744703911,-2.81333663038209,-0.1254138271108067,0.0,1.0
55.661,0.059813045,102.261,-3.1909829091832815,0.03855949405208185,-2.27090354321084,-2.805526718189845,-0.0966436545472664,0.0,1.0
55.765,0.035842557,102.27,-3.1867140690454123,0.043533585522323365,-2.3317973276969535,-2.8022409855038695,-0.07684580709742717,0.0,1.0
55.869,0.015993724,102.272,-3.1820464108445226,0.04622907218709538,-2.3985890610375464,-2.8037724585258554,-0.06507143427359269,0.0,1.0
55.973,-0.00039082137,102.256,-3.1771963970886796,0.04704042311757752,-2.3394584638271367,-2.7985996816497596,-0.047876555480043624,0.0,1.0
56.077,-0.0127415825,102.272,-3.1723397031037988,0.046357538130133845,-2.4016364649142106,-2.7983937029854467,-0.03860644665694951,0.0,1.0
56.181,-0.022506267,102.259,-3.167613829317737,0.044524650063365215,-2.360614548433477,-2.7936299193366225,-0.025936362956928388,0.0,1.0
56.285,-0.029440084,102.262,-3.163123728640038,0.041823439892380965,-2.3448004043575237,-2.7871898353981543,-0.013491628046279791,0.0,1.0
56.389,-0.03383204,102.267,-3.1589451787199856,0.038533289339392714,-2.366178660964771,-2.7827318977282447,-0.005170253223031877,0.0,1.0
56.493,-0.036584824,102.273,-3.155128123839039,0.03487161221727665,-2.427591275129574,-2.7837570128491587,-0.004105903215636766,0.0,1.0
56.597,-0.037591625,102.269,-3.1517020492773535,0.031014437045901407,-2.4512571947436603,-2.7864242618579,-0.005109082980854024,0.0,1.0
56.701,-0.037284948,102.266,-3.148679014087874,0.02712085505947413,-2.4486364218527203,-2.788270361137104,-0.005237905504580434,0.0,1.0
56.805,-0.03609573,102.267,-3.146056866517413,0.023305059757083108,-2.451937795770472,-2.7899472504749774,-0.005317583737063203,0.0,1.0
56.909,-0.034003533,102.269,-3.143822688713569,0.019659898009150703,-2.4678808560931227,-2.7926357415860497,-0.0066103395071013885,0.0,1.0
57.013,-0.031418353,102.268,-3.141954960102368,0.01625795989856075,-2.473277704330517,-2.7953206431962814,-0.0078391124414973,0.0,1.0
57.117,-0.028518286,102.267,-3.1404262009445616,0.013141254674642812,-2.4694414391978037,-2.7972015296412143,-0.008147084588823315,0.0,1.0
57.221,-0.025324427,102.258,-3.1392051011521707,0.010341433640569005,-2.3997821356538678,-2.7925351326608787,-0.0015244098543116189,0.0,1.0
57.325,-0.022181151,102.27,-3.1382580471415706,0.007871143486350181,-2.4248844011535597,-2.79049397299904,0.0011976631742479094,0.0,1.0
57.429,-0.019443657,102.265,-3.137552001696635,0.005706653531640191,-2.4106153904829735,-2.7873680730778956,0.004582768376147621,0.0,1.0
57.533,-0.016547097,102.268,-3.137055828723509,0.0038351344130927657,-2.419580667375017,-2.7853855641325826,0.006162066164075122,0.0,1.0
57.637,-0.013516025,102.263,-3.136738265427817,0.002271852042525456,-2.3911439302498545,-2.7811397908151947,0.009859536753908084,0.0,1.0
57.741,-0.011052746,102.261,-3.1365684267696925,0.0009942759983236147,-2.3517082762843273,-2.773931091585836,0.0161147973298904,0.0,1.0
57.845,-0.008978345,102.264,-3.1365191861354598,-4.734072461777582e-05,-2.3392489412591826,-2.766530269170324,0.021591427596808058,0.0,1.0
57.949,-0.006775968,102.265,-3.1365667092312166,-0.0008665649630134604,-2.336311517263741,-2.7598690183643617,0.025420153928054905,0.0,1.0
58.053,-0.0050586993,102.269,-3.1366888329271116,-0.0014819676503544305,-2.363446180455687,-2.7565917338413573,0.025032130074939603,0.0,1.0
58.157,-0.0034477403,102.263,-3.136865958975498,-0.0019243025109177054,-2.3443872868730784,-2.752253516314861,0.025818563700595862,0.0,1.0
58.261,-0.0024779276,102.268,-3.1370821094427375,-0.0022324372436856635,-2.364207195827548,-2.750425439584694,0.023792469042844683,0.0,1.0
58.365,-0.0011267922,102.264,-3.1373240300786387,-0.0024198826774960154,-2.353014282713476,-2.7480787635769555,0.02261835176388924,0.0,1.0
58.469,6.557442e-05,102.262,-3.137578567409875,-0.002475066000130563,-2.3289457403642553,-2.744106860659239,0.023355368459156173,0.0,1.0
58.573,0.0007008009,102.257,-3.137833901994983,-0.0024352144827140265,-2.272075864069655,-2.735763556895248,0.028653267657952175,0.0,1.0
58.781,0.0016454295,102.268,-3.1383150497789702,-0.002191206517164202,-2.302833988744803,-2.728730070245387,0.028099076770247082,0.0,1.0
58.885,0.0015575904,102.258,-3.1385342742907687,-0.0020246494789613215,-2.2537459127965196,-2.7205183049412645,0.03235194420634824,0.0,1.0
59.1,0.0022480527,102.267,-3.138925594964742,-0.0016155428370699025,-2.2874501174377335,-2.7146303364032875,0.029002632372912604,0.0,1.0
59.204,0.0020745492,102.267,-3.13908192310413,-0.0013907675357773656,-2.320213381057173,-2.7166948981690866,0.02171378376142457,0.0,1.0
59.308,0.0019944466,102.274,-3.1392155603631373,-0.0011791797528281581,-2.403376055092266,-2.7274424159739046,0.006419217316538585,0.0,1.0
59.412,0.0018031246,102.26,-3.1393279264249747,-0.000981706051738539,-2.358793694541028,-2.7316171904390454,0.0008508697810009208,0.0,1.0
59.516,0.0017919627,102.256,-3.1394203027385355,-0.000794761516736428,-2.2910913065024636,-2.7282985508363375,0.004230950765838716,0.0,1.0
59.62,0.0016270729,102.277,-3.1394937128640676,-0.0006169716665759498,-2.3913663155458322,-2.7353486138049554,-0.003959052311009188,0.0,1.0
59.724,0.0015974741,102.258,-3.1395491587422466,-0.0004492952214792199,-2.3368107589617235,-2.736135302766977,-0.0042066296336251766,0.0,1.0
59.828,0.001606598,102.255,-3.139587221634249,-0.00028268347086903706,-2.2673912687439164,-2.730231655667901,0.0026794213221081123,0.0,1.0
59.932,0.0015278461,102.273,-3.13960814517831,-0.00011969237646606941,-2.3382745212119724,-2.731695512002363,0.0007178527029872289,0.0,1.0
60.036,0.0014013853,102.262,-3.139612672543798,3.262765554192169e-05,-2.320854211866214,-2.731381988821158,0.0009427387121620501,0.0,1.0
60.14,0.0011428457,102.272,-3.139602399666959,0.00016492766828688385,-2.3779954007801347,-2.7363288075842025,-0.004434807329575019,0.0,1.0
60.244,0.0009253104,102.266,-3.139579654895245,0.0002724717877567045,-2.384386046203542,-2.741248358204032,-0.008972656953532478,0.0,1.0
60.348,0.00053300103,102.264,-3.139547374555148,0.00034830398333670953,-2.374816231346468,-2.7446662735821574,-0.01123509366557384,0.0,1.0
60.452,0.00049335836,102.261,-3.139508375665099,0.0004016746714472991,-2.344079334958315,-2.7448301229522554,-0.009700499460294373,0.0,1.0
60.556,0.00040434347,102.27,-3.139464174113521,0.0004483551665902355,-2.3820703302463246,-2.7482733737965797,-0.011883920284078676,0.0,1.0
60.66,0.003418507,102.271,0.0,0.0,0.0,0.0,0.0,0.0,0.0
60.764,0.0025933553,102.262,0.0,0.0,0.0,0.0,0.0,0.0,0.0
60.868,0.0029014554,102.267,0.0,0.0,0.0,0.0,0.0,0.0,0.0
60.972,0.002788119,102.262,0.0,0.0,0.0,0.0,0.0,0.0,0.0
61.076,0.0034018494,102.265,0.0,0.0,0.0,0.0,0.0,0.0,0.0
61.18,0.0027684625,102.272,0.0,0.0,0.0,0.0,0.0,0.0,0.0
61.284,0.0030461643,102.268,0.0,0.0,0.0,0.0,0.0,0.0,0.0
61.388,0.0024249516,102.257,0.0,0.0,0.0,0.0,0.0,0.0,0.0
61.492,0.0024200175,102.266,0.0,0.0,0.0,0.0,0.0,0.0,0.0
61.596,0.0023746546,102.266,0.0,0.0,0.0,0.0,0.0,0.0,0.0
61.7,0.002876548,102.273,0.0,0.0,0.0,0.0,0.0,0.0,0.0
61.804,0.0028647482,102.265,0.0,0.0,0.0,0.0,0.0,0.0,0.0
61.908,0.003035441,102.269,0.0,0.0,0.0,0.0,0.0,0.0,0.0
62.012,0.002848139,102.264,0.0,0.0,0.0,0.0,0.0,0.0,0.0
62.116,0.0032853968,102.268,0.0,0.0,0.0,0.0,0.0,0.0,0.0
62.22,0.0030379705,102.261,0.0,0.0,0.0,0.0,0.0,0.0,0.0
62.324,0.0029431935,102.262,0.0,0.0,0.0,0.0,0.0,0.0,0.0
62.428,0.0029985793,102.255,0.0,0.0,0.0,0.0,0.0,0.0,0.0
62.532,0.0023606233,102.265,0.0,0.0,0.0,0.0,0.0,0.0,0.0
62.636,0.0032263193,102.262,0.0,0.0,0.0,0.0,0.0,0.0,0.0
62.74,0.0032388996,102.272,0.0,0.0,0.0,0.0,0.0,0.0,0.0
62.844,0.0024140552,102.268,0.0,0.0,0.0,0.0,0.0,0.0,0.0
62.948,0.0021885931,102.263,0.0,0.0,0.0,0.0,0.0,0.0,0.0
63.052,0.0024024565,102.26,0.0,0.0,0.0,0.0,0.0,0.0,0.0
63.156,0.0024955012,102.275,0.0,0.0,0.0,0.0,0.0,0.0,0.0
63.26,0.0025419425,102.258,0.0,0.0,0.0,0.0,0.0,0.0,0.0
63.468,0.0026536826,102.267,0.0,0.0,0.0,0.0,0.0,0.0,0.0
63.572,0.0021470096,102.271,0.0,0.0,0.0,0.0,0.0,0.0,0.0
63.676,0.0036772247,102.263,0.0,0.0,0.0,0.0,0.0,0.0,0.0
63.78,0.001718983,102.259,0.0,0.0,0.0,0.0,0.0,0.0,0.0
63.884,0.0014669113,102.262,0.0,0.0,0.0,0.0,0.0,0.0,0.0
63.988,0.003933316,102.279,0.0,0.0,0.0,0.0,0.0,0.0,0.0
64.092,0.0024241433,102.263,0.0,0.0,0.0,0.0,0.0,0.0,0.0
64.196,0.0011432301,102.271,0.0,0.0,0.0,0.0,0.0,0.0,0.0
64.3,0.0033213552,102.262,0.0,0.0,0.0,0.0,0.0,0.0,0.0
64.404,0.0020915382,102.256,0.0,0.0,0.0,0.0,0.0,0.0,0.0
64.508,0.002585277,102.267,0.0,0.0,0.0,0.0,0.0,0.0,0.0
64.612,0.0015990008,102.269,0.0,0.0,0.0,0.0,0.0,0.0,0.0
64.716,0.003001079,102.262,0.0,0.0,0.0,0.0,0.0,0.0,0.0
64.82,0.0019627083,102.259,0.0,0.0,0.0,0.0,0.0,0.0,0.0
64.924,0.0021702927,102.268,0.0,0.0,0.0,0.0,0.0,0.0,0.0
65.028,0.002835242,102.264,0.0,0.0,0.0,0.0,0.0,0.0,0.0
65.132,0.0017357264,102.266,0.0,0.0,0.0,0.0,0.0,0.0,0.0
65.236,0.0037188567,102.268,0.0,0.0,0.0,0.0,0.0,0.0,0.0
65.34,0.0017940644,102.257,0.0,0.0,0.0,0.0,0.0,0.0,0.0
65.548,0.0023175087,102.263,0.0,0.0,0.0,0.0,0.0,0.0,0.0
65.652,0.003147941,102.272,0.0,0.0,0.0,0.0,0.0,0.0,0.0
65.756,0.0021320842,102.279,0.0,0.0,0.0,0.0,0.0,0.0,0.0
65.86,0.0020204578,102.27,0.0,0.0,0.0,0.0,0.0,0.0,0.0
65.964,0.0021981709,102.262,0.0,0.0,0.0,0.0,0.0,0.0,0.0
66.068,0.0021951422,102.269,0.0,0.0,0.0,0.0,0.0,0.0,0.0
66.172,0.0025173128,102.271,0.0,0.0,0.0,0.0,0.0,0.0,0.0
66.276,0.0017617512,102.263,0.0,0.0,0.0,0.0,0.0,0.0,0.0
66.38,0.0023550931,102.278,0.0,0.0,0.0,0.0,0.0,0.0,0.0
66.484,0.0011845846,102.27,0.0,0.0,0.0,0.0,0.0,0.0,0.0
66.588,0.0031034052,102.275,0.0,0.0,0.0,0.0,0.0,0.0,0.0
66.796,0.0031194165,102.277,0.0,0.0,0.0,0.0,0.0,0.0,0.0
66.9,0.001486674,102.266,0.0,0.0,0.0,0.0,0.0,0.0,0.0
67.004,0.0019522067,102.269,0.0,0.0,0.0,0.0,0.0,0.0,0.0
67.108,0.0020693801,102.258,0.0,0.0,0.0,0.0,0.0,0.0,0.0
67.212,0.0027996209,102.261,0.0,0.0,0.0,0.0,0.0,0.0,0.0
67.316,0.0017037019,102.265,0.0,0.0,0.0,0.0,0.0,0.0,0.0
67.42,0.0019613914,102.266,0.0,0.0,0.0,0.0,0.0,0.0,0.0
67.524,0.0010704963,102.264,0.0,0.0,-0.033148007456594804,-0.016574003614911792,-1.0755542803777787e-07,0.0,1.0
67.628,0.0010011882,102.261,5.6018347777425384e-06,0.00010772759187966502,0.019410851664792367,-0.0031504836581621705,0.005402187304931772,0.0,1.0
67.732,0.0008523291,102.26,2.1817414995282555e-05,0.00020411048922687613,0.06105860632841031,0.009191658659960415,0.012433230768272048,0.0,1.0
67.836,0.0010405331,102.258,4.816320510953591e-05,0.0003025393206626154,0.11864062782482739,0.024429845144341635,0.023415444336361193,0.0,1.0
67.94,0.0012124692,102.275,8.571941255405415e-05,0.00041969543788581765,-0.10540014040649015,0.005402300284097026,-0.0036379484046978085,0.0,1.0
68.044,0.0012556395,102.267,0.00013604150392487437,0.0005480370884761172,-0.13910555164618932,-0.012672898808249969,-0.024091376498025084,0.0,1.0
68.148,0.0010925998,102.277,0.000199387000195679,0.0006701455321162888,-0.2923649932967673,-0.044030383296385985,-0.05688751830033956,0.0,1.0
68.252,0.0009072112,102.264,0.00027448962457850154,0.0007741357060149252,-0.23029932714012485,-0.06224392163596599,-0.0677587877822109,0.0,1.0
68.356,0.00066306174,102.276,0.00035924575608223123,0.0008557898998260432,-0.3228688718377488,-0.08659539377308731,-0.08435088885245696,0.0,1.0
68.46,0.0007233623,102.268,0.0004519967963248422,0.0009278839509934116,-0.30020282663555636,-0.10404492041654834,-0.0900338689536814,0.0,1.0
68.564,0.0006998447,102.275,0.0005523450789432888,0.0010018907147459608,-0.3520297518920043,-0.12336451300782528,-0.09708577766234815,0.0,1.0
68.668,0.00074730837,102.273,0.000660454815110197,0.0010771426730789265,-0.36990555977169404,-0.14086357796782567,-0.10098718988920154,0.0,1.0
68.772,0.00080497947,102.264,0.0007766750394254968,0.0011578616406768575,-0.29995233043840996,-0.14826031217901556,-0.09311710022879445,0.0,1.0
68.876,0.0007134465,102.267,0.0009011984739527143,0.0012368197925388823,-0.26902462644521735,-0.15088489804027302,-0.08142780725248575,0.0,1.0
68.98,0.00073443854,102.269,0.0010337428135909167,0.0013121098158881072,-0.25965056514950696,-0.15154644095806277,-0.069568770437205,0.0,1.0
69.188,0.0014629794,102.256,0.0013304289272613825,0.0015406412770971642,-0.12933094497855313,-0.140779684448627,-0.03784941626681986,0.0,1.0
69.292,0.0015114342,102.265,0.0014986984343677745,0.0016953107826411698,-0.10587523855311749,-0.1236925983475292,-0.012927991716417366,0.0,1.0
69.5,0.001432819,102.262,0.001883168119251723,0.0020015131104737472,-0.05036850480441798,-0.10054022107133344,0.016435518145813635,0.0,1.0
69.708,0.0015819772,102.257,0.002332090881720176,0.0023150519132614064,0.047598464867675015,-0.06410144181698792,0.05171534304027471,0.0,1.0
69.812,0.0016380748,102.265,0.0025815633012875793,0.0024824946168810046,0.02978288830174543,-0.04178267410413308,0.06697806645900187,0.0,1.0
69.916,0.0014652294,102.26,0.0028481340759694425,0.002643866434693327,0.05967647382305178,-0.02159477236608903,0.07754214036640764,0.0,1.0
70.02,0.0016043707,102.265,0.003131396383821946,0.0028034856393933188,0.041942087605270156,-0.007849034425687369,0.07978624411238083,0.0,1.0
70.124,0.001786091,102.265,0.0034321266986802003,0.0029797896463423846,0.026818715669091057,0.0013963891343880945,0.07714043213470206,0.0,1.0
70.228,0.005945548,102.268,0.003762931173346911,0.003381834866479024,-0.009156157652394161,0.005052193988552329,0.06919956003724648,0.0,1.0
70.436,0.028721238,102.27,0.004841308762483358,0.006987180413678492,-0.06169515240050805,0.006281064147572981,0.05127094710711101,0.0,1.0
70.54,0.058722004,102.272,0.00580442204643048,0.011534228892997076,-0.12298284786669551,-0.005020318575407032,0.03125430412524596,0.0,1.0
70.644,0.0978026,102.272,0.007427224365912451,0.019673508020117983,-0.17161931047766849,-0.018981442225351718,0.012251913184725547,0.0,1.0
70.748,0.14592731,102.271,0.01013231490150845,0.032347463818266996,-0.2030108811187129,-0.03312932073324046,-0.0032601892719921685,0.0,1.0
70.956,0.24758765,102.266,0.021116845193929912,0.07327301976270943,-0.19619954995640035,-0.044070173800788995,-0.009820542913115998,0.0,1.0
71.164,0.3346362,102.254,0.04265496692273732,0.13382430455274802,-0.059642750907361555,-0.030860207550384565,0.016595519518455237,0.0,1.0
71.268,0.37602666,102.263,0.05849432692044173,0.17077877232618524,-0.03778562398683584,-0.014523512897947406,0.04148169750984158,0.0,1.0
71.476,0.42909166,102.255,0.10272447133906813,0.254511077852918,0.06577969679138013,0.02615963677498164,0.09047873168855353,0.0,1.0
71.58,0.44372,102.258,0.1315537062051653,0.2998972849566469,0.10522009598886381,0.06261440158781334,0.1316783756861465,0.0,1.0
71.684,0.45796952,102.265,0.16518119232820513,0.3467851404864317,0.0759757544995281,0.0928118871483021,0.16065921397069188,0.0,1.0
71.788,0.46472046,102.263,0.2037418006293226,0.3947650191504481,0.06807539042171667,0.1218007415079395,0.18525469444793283,0.0,1.0
71.892,0.44284862,102.265,0.24725142933430197,0.44195860979146945,0.045473768262089105,0.1490925455521695,0.2057939075375207,0.0,1.0
72.1,0.38520688,102.25,0.34813506846957176,0.5280763818938248,0.16092754910872345,0.21720020754036268,0.25262798821810856,0.0,1.0
72.204,0.31985435,102.247,0.4049614976639766,0.5647395641524304,0.2675346633425295,0.27353800860476,0.3019124824091412,0.0,1.0
72.308,0.2517904,102.26,0.4652401398291235,0.5944650928694752,0.24654385718052776,0.32405649493369365,0.3370850012470259,0.0,1.0
72.412,0.19140746,102.249,0.5282629164642483,0.6175113808829333,0.31304125815245837,0.3793163957814269,0.37190487763390423,0.0,1.0
72.516,0.13539755,102.249,0.5933677807840043,0.634505240650847,0.36659523770751407,0.437199427140609,0.4042161940236072,0.0,1.0
72.62,0.08752784,102.24,0.6599591160791594,0.646097361179068,0.47653659416952027,0.5026822553306991,0.43968843728727136,0.0,1.0
72.724,0.047567252,102.251,0.7275185387642604,0.6531223058421157,0.4864778539789594,0.5649161739228559,0.4663072774881043,0.0,1.0
72.828,0.016256493,102.24,0.7956158379773861,0.6564411405641578,0.5717159543997808,0.6312799696497422,0.49321804002026187,0.0,1.0
72.932,-0.008466871,102.248,0.8639067797315925,0.6568462008628987,0.5834504368656864,0.6941913691366525,0.5123007834920796,0.0,1.0
73.036,-0.027044537,102.238,0.9321227617740983,0.6549996076468371,0.6621092174806176,0.7600397145477665,0.5314731872831185,0.0,1.0
73.14,-0.04112225,102.244,1.0000583979828852,0.6514549348298453,0.6829137376478123,0.8229730835745421,0.5444780410486396,0.0,1.0
73.244,-0.05061704,102.24,1.0675616481664818,0.6466844917777919,0.7256422507875379,0.8851314803881837,0.5544837461912034,0.0,1.0
73.348,-0.05490112,102.235,1.1345315142006462,0.641197547340765,0.7949604746416715,0.9488284125464517,0.564382441488723,0.0,1.0
73.452,-0.05870751,102.24,1.2009088613925905,0.6352898986581706,0.8148556186686954,1.0092817939686667,0.5690949656274314,0.0,1.0
73.556,-0.05727386,102.247,1.2666653972279902,0.629258867407217,0.7767948892061298,1.061530984066576,0.5641145632990577,0.0,1.0
73.66,-0.05712298,102.229,1.3317989903820773,0.6233102317098522,0.8701317805979536,1.1181701909104487,0.5643147658554036,0.0,1.0
73.771,-0.05452341,102.226,1.4006425273275551,0.6171138573978088,0.9728761378430443,1.1831584511340363,0.5689647025005548,0.0,1.0
73.875,-0.050216682,102.234,1.4645391512917598,0.6116673726830624,0.9969470228954169,1.241270473338109,0.5695527892374788,0.0,1.0
73.979,-0.04631956,102.236,1.5278915240538582,0.6066474881265305,0.9986107509749357,1.2947021891312889,0.5648451922743383,0.0,1.0
74.083,-0.042072833,102.223,1.5907438497915873,0.6020510837528847,1.0904852203641622,1.352036356985482,0.564827146259931,0.0,1.0
74.187,-0.037651166,102.218,1.6531415888088499,0.5979054358098649,1.2027979599192493,1.4146435044183594,0.5702722341810964,0.0,1.0
74.291,-0.03264168,102.216,1.7151336822791992,0.5942502078507089,1.3104326227759546,1.4814601660885678,0.579241700321726,0.0,1.0
74.395,-0.028299378,102.237,1.7767709192818246,0.5910812729690218,1.2463585167095688,1.5366058179465978,0.5742729148628114,0.0,1.0
74.603,-0.023928769,102.221,1.8991509244398008,0.5856495458576823,1.3350785500766444,1.6479912247800972,0.5660565813484562,0.0,1.0
74.811,-0.01786543,102.212,2.0205139839164517,0.5813029491100452,1.4848097838223293,1.7629976581019615,0.5639939682103424,0.0,1.0
74.915,-0.012880623,102.208,2.080886353294139,0.5797041543070219,1.595632113800021,1.82600449469309,0.5696736617596202,0.0,1.0
75.019,-0.009663507,102.22,2.141114626012702,0.5785318595115088,1.5774751874595017,1.879827328901504,0.5642467572768756,0.0,1.0
75.123,-0.006941619,102.215,2.201237039141897,0.5776683929730199,1.6008143249194917,1.931030882493235,0.5568496770865499,0.0,1.0
75.227,-0.0053287013,102.219,2.2612813730652515,0.5770303363222621,1.5861854293664068,1.97628978403215,0.5442488879399561,0.0,1.0
75.331,-0.0034539602,102.214,2.3212687797260165,0.5765736379232249,1.608435938662084,2.0203426593237603,0.5323241915705023,0.0,1.0
75.435,-0.0018828195,102.207,2.3812180074178975,0.5762961253821841,1.6758696318225437,2.067745512775123,0.5257720419528501,0.0,1.0
75.539,-0.0008476053,102.205,2.4411454213891237,0.5761541432952499,1.7449845872321783,2.118132733153865,0.5233492849081866,0.0,1.0
75.643,0.0003609549,102.214,2.501064136389181,0.5761288374750866,1.7354181145544854,2.1637297303928618,0.5161935695433911,0.0,1.0
75.747,0.0008079476,102.205,2.5609846961989433,0.576189620404969,1.7881101591067883,2.2109699238608935,0.5118369690507623,0.0,1.0
75.851,0.0012787633,102.211,2.620914059187288,0.5762981293709009,1.7868015570109856,2.2547263473217574,0.504427932163395,0.0,1.0
75.955,0.0016485242,102.202,2.6808569800272117,0.5764503483199506,1.8468983786545503,2.301054463933649,0.5008432779943696,0.0,1.0
76.059,0.0017129903,102.203,2.7408169057877934,0.5766251470758571,1.8886131329537172,2.348016389441996,0.4984578359293833,0.0,1.0
76.163,0.0015947368,102.205,2.8007948651779375,0.5767971488884641,1.9067102580804858,2.39343334432309,0.4947800416501986,0.0,1.0
76.267,0.0015041773,102.195,2.8607901481262448,0.5769582924251435,1.991232331417143,2.443463973585662,0.4965535244395717,0.0,1.0
76.371,-0.0067895656,102.205,2.92077951884843,0.5766834522322742,1.9887390588276277,2.4897946207005948,0.4941008633082733,0.0,1.0
76.475,-0.01893839,102.194,2.9806850294885776,0.5753455985398023,2.0622373879076656,2.5395916091185575,0.49564704679547705,0.0,1.0
76.579,-0.040982444,102.189,3.040358945805597,0.5722297152490347,2.158935570249125,2.59447698481326,0.5022552372927471,0.0,1.0
76.683,-0.07181091,102.193,3.099565842956393,0.566364460727664,2.2100577144751523,2.649678274115506,0.5079695148644985,0.0,1.0
76.787,-0.114833176,102.191,3.1579630612870475,0.5566589687080108,2.2642904215951076,2.7051986007160735,0.5127763059097934,0.0,1.0
76.891,-0.16331558,102.194,3.2151034797577016,0.5421952326507294,2.2849385849509756,2.7577121307252472,0.5130738441896819,0.0,1.0
76.995,-0.21425164,102.191,3.2704708421589817,0.5225617366046633,2.3197670253254974,2.80845894430578,0.5106601048882919,0.0,1.0
77.099,-0.26176548,102.205,3.3235301124801455,0.4978088464946476,2.2440611333299647,2.84742972572204,0.49505076910858065,0.0,1.0
77.203,-0.29926664,102.192,3.3737852016728076,0.4686351764411658,2.2679601537398977,2.884409708305564,0.4785096441758504,0.0,1.0
77.307,-0.32472187,102.199,3.4208359950938707,0.4361877739639016,2.2352180002869053,2.9142965573538846,0.4555976700314753,0.0,1.0
77.411,-0.34134677,102.183,3.4643984738939624,0.4015522029609417,2.31983514365757,2.9480286158514266,0.43887405770366117,0.0,1.0
77.515,-0.34078595,102.187,3.5043154161244585,0.36608130147168416,2.3625763774088986,2.981237082083444,0.4227065805984075,0.0,1.0
77.619,-0.3332688,102.192,3.5405652274555255,0.3310304548949938,2.3607147420204737,3.0097687213411706,0.40259121691685745,0.0,1.0
77.723,-0.31583586,102.186,3.573237215778055,0.2972770128459675,2.3995650896876426,3.0375422036214017,0.3833610866426532,0.0,1.0
77.827,-0.29269007,102.19,3.6025085709943534,0.2656336643905387,2.4017915342457985,3.061239732572933,0.36142172045338283,0.0,1.0
77.931,-0.2629122,102.186,3.628632123439083,0.23674234416196227,2.4299719616935995,3.0835105383954717,0.3401208001589281,0.0,1.0
78.035,-0.23221293,102.185,3.651914508840604,0.21099583663651844,2.4593244579802414,3.10457383910049,0.3197208038068996,0.0,1.0
78.139,-0.19965127,102.181,3.672690315048533,0.1885388981313459,2.511372118115614,3.1265719868696493,0.3025050208726435,0.0,1.0
78.243,-0.16784544,102.198,3.691304649299255,0.1694290682286971,2.4310538773928583,3.137660002987377,0.27547101194288176,0.0,1.0
78.347,-0.1382682,102.178,3.708097541057492,0.1535111578912491,2.5030161911986117,3.1526167889862604,0.25601432159377974,0.0,1.0
78.451,-0.1117119,102.188,3.7233867553092823,0.14051219310471966,2.4917927359538967,3.1637661798944876,0.23490744235947375,0.0,1.0
78.659,-0.074557215,102.191,3.750598604841002,0.12114020623872117,2.46017621453914,3.1861925219229974,0.19944903424784408,0.0,1.0
78.763,-0.055504963,102.188,3.762845498161119,0.11437697299430212,2.4457695427930664,3.183265879188288,0.16913842731625517,0.0,1.0
78.867,-0.039761744,102.192,3.7744831021761454,0.10942310421774233,2.401831819401877,3.1765618199331613,0.13977856161238417,0.0,1.0
78.971,-0.0278548,102.192,3.785680269878019,0.10590704389521924,2.3654313966907994,3.167511853437443,0.11265126271762989,0.0,1.0
79.075,-0.018777711,102.189,3.7965685081268776,0.10348215319821685,2.357734882120417,3.1593292256494054,0.09077876199333276,0.0,1.0
79.179,-0.012071199,102.193,3.807247236609098,0.10187800992140622,2.3218413292759967,3.1492911018330565,0.07032989308344435,0.0,1.0
79.283,-0.007315361,102.192,3.8177901283834283,0.10086990881571622,2.2989540813851064,3.138983345603752,0.05274810591806138,0.0,1.0
79.387,0.0026037046,102.192,3.8282678585814502,0.10062490268470796,2.2800461050279743,3.128926303586202,0.03813255290705524,0.0,1.0
79.491,0.010335297,102.189,3.8387678355230546,0.1012977308076814,2.2864736103306544,3.1215348306924913,0.028609119120895518,0.0,1.0
79.595,0.015717726,102.196,3.8493732469001456,0.10265248798253089,2.242413362531222,3.111974036594916,0.018266448439472338,0.0,1.0
79.699,0.019358698,102.192,3.860143952302121,0.10447646205546407,2.2339592766357064,3.10383949375227,0.01106537700627963,0.0,1.0
79.803,0.021376785,102.194,3.8711196531023795,0.10659470718028095,2.2134741927096275,3.095970471432694,0.005304406866289232,0.0,1.0
79.907,0.022137538,102.188,3.8823231653771404,0.10885745194973494,2.240359633775277,3.092673322484032,0.005352298997702301,0.0,1.0
80.011,0.022257928,102.181,3.893764385718365,0.11116601615073227,2.315949083586448,3.09783753483101,0.014480464111324698,0.0,1.0
80.219,0.024838451,102.196,3.9173963115140764,0.11606403957726498,2.2662793079922046,3.1019112963543685,0.021380845592555264,0.0,1.0
80.323,0.02166496,102.188,3.929592716850058,0.11848221688391702,2.2923161260863285,3.1083121640787468,0.030949043301086804,0.0,1.0
80.427,0.018673552,102.184,3.942023942743814,0.12057981953444048,2.345410856283231,3.120478017865915,0.044992415223366805,0.0,1.0
80.531,0.016095089,102.19,3.9546582583806464,0.1223877888661818,2.342460348490786,3.1318216487892423,0.05573651299102003,0.0,1.0
80.635,0.013644117,102.183,3.9674670032324926,0.12393422751547856,2.3925718852307583,3.1475671881172964,0.06944849745650014,0.0,1.0
80.739,0.011327858,102.188,3.980423687114539,0.12523277021618645,2.3972698805069395,3.1626728416374514,0.08028566021777304,0.0,1.0
80.843,0.00951022,102.186,3.9935042413802355,0.12631635027797977,2.4151588199125165,3.1784132074466305,0.09011237341834914,0.0,1.0
80.947,0.0076744445,102.189,4.006687609139422,0.12720995278330605,2.4077033963481536,3.1922975744396367,0.09645397999845699,0.0,1.0
81.051,0.005840342,102.189,4.019953988212822,0.12791272170515816,2.400252995615199,3.2045255592292468,0.1000760522973657,0.0,1.0
81.155,0.0043701255,102.183,4.033284520374285,0.12844366601528684,2.436548775381365,3.2192648236538965,0.10583243846721732,0.0,1.0
81.259,0.00323633,102.198,4.046663229495792,0.12883920170599678,2.358774874237758,3.2258311828386987,0.10203716211751833,0.0,1.0
81.363,0.001868792,102.195,4.060076310723083,0.12910466804960824,2.3117555533034,3.22797520427422,0.09411777195645833,0.0,1.0
81.467,0.0011323044,102.196,4.073511311164977,0.12926072506373829,2.263649817441237,3.226165889364955,0.08318601881460871,0.0,1.0
81.571,-2.596178e-06,102.189,4.086957481302721,0.12931946989288634,2.2731176162731277,3.2260973884807522,0.07574701933139143,0.0,1.0
81.675,-0.0005532242,102.186,4.10040520323334,0.12929056723439214,2.3043955813317654,3.2296022515081697,0.07322455096905359,0.0,1.0
81.779,-0.0010541864,102.19,4.113847075787428,0.1292069818826866,2.3035707032316397,3.2334583800910845,0.07144753399777719,0.0,1.0
81.883,-0.0014380573,102.193,4.127277862876379,0.12907738521252837,2.2815344622688474,3.235752258657534,0.06826294934802642,0.0,1.0
81.987,-0.0017538476,102.179,4.140693280027731,0.12891140615963456,2.3642350365501295,3.2460050352903482,0.0740362952421755,0.0,1.0
82.091,-0.001982259,102.191,4.154089963835874,0.1287171286123347,2.3498809047661613,3.2546972814314663,0.07726639360948352,0.0,1.0
82.299,-0.0023029556,102.193,4.1808167777075464,0.12827146630757563,2.3179817093204362,3.267674938329999,0.07673966057390666,0.0,1.0
82.403,-0.002182844,102.184,4.194144880600521,0.12803820471116417,2.365768614003456,3.2780034493215298,0.08194668355269828,0.0,1.0
82.507,-0.0021132096,102.189,4.2074492373613674,0.12781480992049987,2.364183827828982,3.28764087169114,0.08535931903553758,0.0,1.0
82.611,-0.0020894308,102.182,4.220730613652876,0.12759627260849887,2.416817827364152,3.3020141648431336,0.09324013676085412,0.0,1.0
82.715,-0.0020762004,102.191,4.233989362137251,0.1273796597833287,2.39235043687973,3.312879158845395,0.09599398449445824,0.0,1.0
82.819,-0.0018649413,102.186,4.2472261899067485,0.1271747203993153,2.4081532184040335,3.3245717195608466,0.09915657879932216,0.0,1.0
82.923,-0.001804947,102.186,4.2604424374504575,0.12698388621048146,2.4211838197915463,3.336690623302474,0.10225078998628165,0.0,1.0
83.027,-0.0017340181,102.202,4.273639192254318,0.12679986001760774,2.3148958795441024,3.338104149063712,0.09342244019164636,0.0,1.0
83.131,-0.0016981665,102.179,4.286817097069376,0.12662138642580323,2.3895568790683672,3.346862924115806,0.09375571554002521,0.0,1.0
83.235,-0.0015329935,102.196,4.2999769842013515,0.12645336611219757,2.3317083742124725,3.3499736188437037,0.0880140523363503,0.0,1.0
83.339,-0.0014424139,102.193,4.31312008877508,0.12629864492104464,2.302781452501357,3.350773458375257,0.08067124295332927,0.0,1.0
83.443,-0.0012664056,102.195,4.3262478231990436,0.12615778630902136,2.263547571599471,3.3486591256263245,0.07132456131076091,0.0,1.0
83.547,-0.0011273788,102.188,4.3393617601819825,0.12603330951673056,2.280791441038639,3.3491152907026756,0.06610718691536817,0.0,1.0
83.651,-0.001196361,102.196,4.352462940979583,0.12591247505252326,2.2390542487161547,3.3466197445638657,0.05852112156416277,0.0,1.0
83.755,-0.0011014979,102.196,4.36555162497447,0.12579298638762051,2.2034621219373087,3.3421094314965902,0.04991783561597407,0.0,1.0
83.859,-0.0011848338,102.194,4.37862791331779,0.1256740971377593,2.188158901611573,3.337691217611088,0.04269392734488092,0.0,1.0
83.963,-0.0012295251,102.189,4.391691490993977,0.1255485504812103,2.2125867429345205,3.3369684869667195,0.040484417163809766,0.0,1.0
84.067,-0.0012127105,102.186,4.40474193643898,0.12542155423038717,2.2572013247664855,3.341377940183644,0.044071423438339724,0.0,1.0
84.171,-0.0012861259,102.192,4.417779021225704,0.12529161474504585,2.2535508057928526,3.3460569723956124,0.04739812339007844,0.0,1.0
84.275,-0.001249486,102.183,4.4308024928647285,0.12515976292849595,2.315955622631027,3.356817560672636,0.05670801140648973,0.0,1.0
84.379,0.00075307675,102.187,0.0,0.0,0.0,0.0,0.0,0.0,0.0
84.483,0.0002950076,102.192,0.0,0.0,0.0,0.0,0.0,0.0,0.0
84.587,0.00014021248,102.192,0.0,0.0,0.0,0.0,0.0,0.0,0.0
84.691,-0.0002447106,102.183,0.0,0.0,0.0,0.0,0.0,0.0,0.0
84.795,7.264316e-08,102.192,0.0,0.0,0.0,0.0,0.0,0.0,0.0
84.899,0.0001813639,102.191,0.0,0.0,0.0,0.0,0.0,0.0,0.0
85.003,-0.0009100158,102.193,0.0,0.0,0.0,0.0,0.0,0.0,0.0
85.107,0.0008389279,102.201,0.0,0.0,0.0,0.0,0.0,0.0,0.0
85.211,-0.0010842681,102.188,0.0,0.0,0.0,0.0,0.0,0.0,0.0
85.315,3.3684075e-05,102.194,0.0,0.0,0.0,0.0,0.0,0.0,0.0
85.419,-0.00040356442,102.189,0.0,0.0,0.0,0.0,0.0,0.0,0.0
85.523,0.00038948655,102.188,0.0,0.0,0.0,0.0,0.0,0.0,0.0
85.627,-0.00022759102,102.18,0.0,0.0,0.0,0.0,0.0,0.0,0.0
85.731,0.000765156,102.185,0.0,0.0,0.0,0.0,0.0,0.0,0.0
85.835,-0.00041046925,102.188,0.0,0.0,0.0,0.0,0.0,0.0,0.0
86.043,0.00021530129,102.19,0.0,0.0,0.0,0.0,0.0,0.0,0.0
86.147,0.0002070982,102.18,0.0,0.0,0.0,0.0,0.0,0.0,0.0
86.251,-7.265061e-05,102.195,0.0,0.0,0.0,0.0,0.0,0.0,0.0
86.355,-3.3346936e-05,102.175,0.0,0.0,0.0,0.0,0.0,0.0,0.0
86.459,-0.00066824444,102.188,0.0,0.0,0.0,0.0,0.0,0.0,0.0
86.563,0.00011306256,102.188,0.0,0.0,0.0,0.0,0.0,0.0,0.0
86.667,-0.0005412698,102.19,0.0,0.0,0.0,0.0,0.0,0.0,0.0
86.771,0.00020355918,102.188,0.0,0.0,0.0,0.0,0.0,0.0,0.0
86.875,-0.0003324747,102.192,0.0,0.0,0.0,0.0,0.0,0.0,0.0
86.979,-3.9741397e-05,102.184,0.0,0.0,0.0,0.0,0.0,0.0,0.0
87.083,-0.00013557635,102.181,0.0,0.0,0.0,0.0,0.0,0.0,0.0
87.187,-0.00021602213,102.197,0.0,0.0,0.0,0.0,0.0,0.0,0.0
87.291,-0.000742333,102.194,0.0,0.0,0.0,0.0,0.0,0.0,0.0
87.395,0.00046391226,102.185,0.0,0.0,0.0,0.0,0.0,0.0,0.0
87.499,-0.0013768561,102.19,0.0,0.0,0.0,0.0,0.0,0.0,0.0
87.603,-0.0006312765,102.187,0.0,0.0,0.0,0.0,0.0,0.0,0.0
87.707,0.00042696297,102.189,0.0,0.0,0.0,0.0,0.0,0.0,0.0
87.811,-0.0009187497,102.197,0.0,0.0,0.0,0.0,0.0,0.0,0.0
87.915,-0.0004615076,102.18,0.0,0.0,0.0,0.0,0.0,0.0,0.0
88.019,-0.001004966,102.189,0.0,0.0,0.0,0.0,0.0,0.0,0.0
88.123,-5.0945207e-05,102.193,0.0,0.0,0.0,0.0,0.0,0.0,0.0
88.227,0.00018617138,102.189,0.0,0.0,0.0,0.0,0.0,0.0,0.0
88.331,-0.0001766216,102.189,0.0,0.0,0.0,0.0,0.0,0.0,0.0
88.442,-0.0004570447,102.183,0.0,0.0,0.0,0.0,0.0,0.0,0.0
88.546,-0.00068254396,102.195,0.0,0.0,0.0,0.0,0.0,0.0,0.0
88.65,-0.0016041482,102.181,0.0,0.0,0.07705969840886646,0.038529851248508225,1.1055897551443301e-07,0.0,1.0
88.754,-0.0018424604,102.197,-9.319629516452408e-06,-0.00017922364454716307,-0.21040645859211837,-0.03487320222576092,-0.029345655687785237,0.0,1.0
88.858,-0.0013804137,102.18,-3.667353957518879e-05,-0.00034681308735161754,-0.07566786698978444,-0.03694686607691688,-0.02001456454429972,0.0,1.0
88.962,-0.0014862887,102.191,-8.049366391450043e-05,-0.0004958816114813051,-0.15869007436502075,-0.050210594664722746,-0.026853566392257947,0.0,1.0
89.066,-0.0016818579,102.189,-0.00014063201989233278,-0.0006606252342462489,-0.18029497268720632,-0.06172093173624972,-0.032736796877359,0.0,1.0
89.17,-0.0025475891,102.193,-0.00022077346859872003,-0.0008805564716458253,-0.25092739338861564,-0.07847654530643168,-0.04507683530446334,0.0,1.0
89.274,-0.0014883125,102.187,-0.0003232644199654411,-0.001090423362329594,-0.2118432118535911,-0.08685608453991492,-0.04582378206035336,0.0,1.0
89.378,-0.0017180797,102.195,-0.0004453385343849591,-0.001257155761122694,-0.2853187267837728,-0.10133823129381697,-0.05448250613457778,0.0,1.0
89.482,-0.0018749256,102.191,-0.0005857982197105796,-0.0014439920336007963,-0.2876964514743172,-0.11319185889293999,-0.05872517270469234,0.0,1.0
89.586,-0.0017439761,102.189,-0.0007457589011192209,-0.001632174916565406,-0.2661810865457832,-0.12049689512202247,-0.057124183406290524,0.0,1.0
89.69,-0.0017641662,102.189,-0.0009249911089390376,-0.0018145983107387882,-0.24933785010288423,-0.12456791626779679,-0.05230943171442777,0.0,1.0
89.794,-0.00196567,102.191,-0.001123794810026867,-0.0020085497871041146,-0.2550592093424574,-0.12822233071221215,-0.048019083556711015,0.0,1.0
89.898,-0.0021673266,102.194,-0.0013438596099167857,-0.002223465595394356,-0.28606888545508075,-0.13402399543068388,-0.046929895438733105,0.0,1.0
90.002,-0.002111725,102.181,-0.0015866705881952996,-0.0024459762945771035,-0.19686119388854378,-0.13012106680120358,-0.03545385821656137,0.0,1.0
90.106,-0.0022097353,102.189,-0.001852737352326484,-0.0026706922464072506,-0.19168555334403026,-0.12595598164346258,-0.025607270258403345,0.0,1.0
90.21,-0.0020450929,102.183,-0.0021419944014250906,-0.002891943313181379,-0.13901540434346232,-0.11719051476310154,-0.012416938391694778,0.0,1.0
90.314,-0.0020786556,102.188,-0.0024539071213453634,-0.003106378223746992,-0.1350481813125391,-0.10904352761440494,-0.0019665751577338597,0.0,1.0
90.418,-0.0021174867,102.188,-0.0027883168254271198,-0.0033245776239782627,-0.13229468381687043,-0.10162594611701097,0.006086743336942743,0.0,1.0
90.522,-0.002140366,102.195,-0.003145586131960156,-0.003545985963195566,-0.18339076327343173,-0.09981830243681605,0.006947795080475827,0.0,1.0
90.626,-0.0021349513,102.195,-0.0035259291301220656,-0.0037683024629950545,-0.227323191407594,-0.10231097806660072,0.003107339058188101,0.0,1.0
90.73,-0.0021662228,102.184,-0.0039294629609808295,-0.0039919635150581605,-0.18354666154012417,-0.1006703485753854,0.004221914322346308,0.0,1.0
90.834,-0.0021568905,102.184,-0.004356316864758724,-0.004216765403747558,-0.1453156942117672,-0.09587137225876308,0.008514869167451219,0.0,1.0
90.938,-0.002188339,102.19,-0.004806609966941168,-0.004442717330530283,-0.15614204442763147,-0.09269530414081575,0.010432699667088444,0.0,1.0
91.042,-0.0022400406,102.192,-0.005280626906774924,-0.004672993050888177,-0.18053863016596655,-0.09220140034442552,0.009202431038316134,0.0,1.0
91.146,-0.009999967,102.186,-0.0057997151644006185,-0.005309473441913715,-0.15837981381507132,-0.08995569495802601,0.00999708380022268,0.0,1.0
91.25,-0.01894924,102.197,-0.0064301790622994055,-0.006814832286909202,-0.21887889954515813,-0.09354506663847957,0.00439617090027899,0.0,1.0
91.354,-0.03155262,102.197,-0.007275478651411797,-0.009440929042175372,-0.2717647295613239,-0.10168318624354997,-0.005318754443637441,0.0,1.0
91.458,-0.04988497,102.185,-0.008477542509041678,-0.01367568360455327,-0.23024988247054626,-0.1054822784607697,-0.00911366325946497,0.0,1.0
91.562,-0.07512016,102.191,-0.010237827464617717,-0.020175950156524656,-0.23642376306492527,-0.10969871263793914,-0.013041473537097895,0.0,1.0
91.666,-0.10886571,102.181,-0.012833624044053148,-0.029743214832618638,-0.16880741492156587,-0.10785331358598482,-0.010285243443272522,0.0,1.0
91.77,-0.15225056,102.183,-0.016632976770587102,-0.04332126067765027,-0.12386471540546382,-0.10283125712340808,-0.005088908783926075,0.0,1.0
91.874,-0.20599382,102.195,-0.022107080629132442,-0.061949967371299416,-0.17211353085502926,-0.10359908182125932,-0.007597148441724241,0.0,1.0
91.978,-0.2549094,102.19,-0.029796159562445815,-0.08591693519242044,-0.17888761990092136,-0.10623987058211966,-0.012677194681099083,0.0,1.0
92.082,-0.2943228,102.196,-0.040216644650391715,-0.1144770088065407,-0.2284572134821051,-0.11473464931472988,-0.024376576411696903,0.0,1.0
92.186,-0.3241445,102.184,-0.053794589229115716,-0.14663731001504093,-0.18476542373068378,-0.12052933176543523,-0.032701090306226664,0.0,1.0
92.29,-0.34831768,102.184,-0.07086320732697254,-0.18160534571297768,-0.14613637697974904,-0.12472232022582246,-0.039443790075843005,0.0,1.0
92.394,-0.3679374,102.187,-0.09168691698710044,-0.21885060928948497,-0.1342814286452426,-0.13026776857355116,-0.04808946800056248,0.0,1.0
92.498,-0.38075963,102.194,-0.11647185715603259,-0.2577828554976756,-0.1752635510764264,-0.14213038187079882,-0.06372256704205578,0.0,1.0
92.602,-0.39179918,102.193,-0.14537027314550607,-0.2979559135306648,-0.20437606069797745,-0.15895912610134644,-0.08389560791903473,0.0,1.0
92.706,-0.3962939,102.195,-0.1784886918682101,-0.3389367542136479,-0.24425876143219824,-0.18150305806293543,-0.10875667549506728,0.0,1.0
92.81,-0.38260108,102.185,-0.2158442464418204,-0.37943929527886366,-0.20620463324502367,-0.2024753020278539,-0.1297949478094053,0.0,1.0
92.914,-0.3529212,102.198,-0.25729478536944983,-0.41768645332940046,-0.2664080234889984,-0.23096105125199312,-0.1572040470155303,0.0,1.0
93.018,-0.3138146,102.195,-0.30253703003323945,-0.4523567132819454,-0.2969329048316544,-0.2636331823034697,-0.1863275881178434,0.0,1.0
93.122,-0.26820236,102.198,-0.3511559020335311,-0.48262159441597835,-0.34428650423002466,-0.30154453681823257,-0.21785771234162618,0.0,1.0
93.226,-0.22000743,102.193,-0.402668667108812,-0.5080085031855857,-0.34812230257832066,-0.3401869198708338,-0.24642216705648246,0.0,1.0
93.33,-0.1743017,102.202,-0.45656776333653204,-0.5285125781167302,-0.4149889676807195,-0.3849444630658076,-0.2780269858056965,0.0,1.0
93.434,-0.13223335,102.2,-0.5123619422769023,-0.5444524015057834,-0.4572129718286724,-0.4327884622413058,-0.3087974946068285,0.0,1.0
93.538,-0.08934064,102.207,-0.5695841281120995,-0.5559742491710933,-0.5425555441441459,-0.4869724808545252,-0.34216062310790085,0.0,1.0
93.642,-0.05268267,102.209,-0.6277894810563092,-0.5633594612944872,-0.6289646873406723,-0.5466138889251115,-0.37661893566662136,0.0,1.0
93.746,-0.023256762,102.197,-0.6865842052544862,-0.5673083117473872,-0.6141250876667668,-0.6017841694355869,-0.4012638487188579,0.0,1.0
93.85,-7.650338e-05,102.199,-0.745647362823462,-0.568521641502157,-0.6117489969627046,-0.6537381322413209,-0.41880656265021704,0.0,1.0
93.954,0.018183848,102.217,-0.8047246512779197,-0.5675800595451148,-0.7368534977064901,-0.7138867871214344,-0.44242347051636877,0.0,1.0
94.058,0.031495214,102.219,-0.8636186452835627,-0.5649967482555656,-0.8575797434778197,-0.7807047173311404,-0.469504476406782,0.0,1.0
94.162,0.04078236,102.214,-0.9221828685373636,-0.5612383143175391,-0.9225201164435897,-0.8482062860933569,-0.49308603006929297,0.0,1.0
94.266,0.04678335,102.211,-0.9803148755595801,-0.5566848976481704,-0.9523393223764749,-0.912875622889819,-0.5099076960743194,0.0,1.0
94.37,0.05740101,102.223,-1.0379283904074095,-0.5512673109639434,-1.0599889741965824,-0.9816479357812778,-0.5283634875592225,0.0,1.0
94.474,0.07552249,102.216,-1.09490076560704,-0.5443552890289574,-1.0981922565846645,-1.0476314927893033,-0.5407849142249543,0.0,1.0
94.578,0.107224636,102.212,-1.1510195674383594,-0.5348524384964257,-1.0967824925246354,-1.1072917116253447,-0.5442024642547122,0.0,1.0
94.682,0.15108979,102.217,-1.2059457388213375,-0.5214200880993158,-1.126344901736598,-1.163749076509415,-0.5431513570678884,0.0,1.0
94.786,0.20610704,102.216,-1.2592075678152088,-0.502845854090527,-1.1401399373827186,-1.2156256832591303,-0.5366293243535053,0.0,1.0
94.89,0.26487753,102.21,-1.3102299943413527,-0.4783546560276304,-1.1041791398316265,-1.2586368499807454,-0.5206488765292643,0.0,1.0
94.994,0.31710055,102.215,-1.3584052098327217,-0.4480917957294739,-1.1049322396404577,-1.2966462267905063,-0.5005348032793681,0.0,1.0
95.098,0.36570966,102.228,-1.40316043784202,-0.41258566598780544,-1.1966238078609173,-1.337939870231315,-0.4855552391110976,0.0,1.0
95.202,0.4039568,102.226,-1.4439881690690153,-0.3725630114544195,-1.2593453329700692,-1.3792208178193135,-0.47123517890102484,0.0,1.0
95.306,0.42695045,102.219,-1.4804879491222285,-0.3293558357227609,-1.2598030038864187,-1.414539087272786,-0.45099225678281046,0.0,1.0
95.41,0.4354736,102.238,-1.5124089614981344,-0.2845097868908215,-1.3938632780302755,-1.456014709988744,-0.4386031169517296,0.0,1.0
95.514,0.43067914,102.219,-1.5396559022626362,-0.23946984319575348,-1.369745766005274,-1.4885628684999779,-0.41676002056206896,0.0,1.0
95.618,0.41249156,102.229,-1.5622808323755495,-0.19562496666796758,-1.4164154386586127,-1.5190939325715502,-0.3943179632094882,0.0,1.0
95.722,0.38644394,102.234,-1.580465507228949,-0.15408031897433386,-1.4895581711609507,-1.5499418257121413,-0.3739518109033502,0.0,1.0
95.826,0.35161904,102.222,-1.5944941381103332,-0.11570104412921087,-1.4625225186185076,-1.5719823830312758,-0.34572584090878467,0.0,1.0
95.93,0.31289932,102.23,-1.6047301890642742,-0.08114608960039782,-1.4925898701338574,-1.5911232353008549,-0.3172875763686889,0.0,1.0
96.034,0.27055523,102.227,-1.6115917212813744,-0.05080645303614329,-1.4936117811253784,-1.6050857919191093,-0.2864014475964648,0.0,1.0
96.138,0.22834711,102.231,-1.615526560521523,-0.024863532351329036,-1.5201427472133517,-1.6167501537110553,-0.2566874711746117,0.0,1.0
96.242,0.18050252,102.232,-1.6170068384952494,-0.0036033517587922732,-1.5475600814573416,-1.6265689697546586,-0.22863798268414515,0.0,1.0
96.346,0.14104877,102.226,-1.6165121123815276,0.013117315484211443,-1.5250757453950399,-1.6304710101418591,-0.19783217464271294,0.0,1.0
96.45,0.1090232,102.235,-1.614471716957236,0.02612105805985679,-1.567785179941148,-1.6350815621580714,-0.171910966907323,0.0,1.0
96.554,0.07956155,102.233,-1.6112451937687196,0.035927464796230615,-1.5883142486507544,-1.638576012411742,-0.14831542228788483,0.0,1.0
96.658,0.052880146,102.223,-1.6071506150744506,0.042814433170482884,-1.5312992435423054,-1.634397928650735,-0.11980579102739036,0.0,1.0
96.762,0.030644549,102.229,-1.6024720632453062,0.04715771738998625,-1.5226065602609278,-1.627909722659259,-0.092952475117981,0.0,1.0
96.866,0.011891285,102.235,-1.5974526437415728,0.049369580758735855,-1.5571265269895131,-1.6234844932027594,-0.07226243063232285,0.0,1.0
96.97,-0.0031508538,102.235,-1.5922945732180576,0.04982408315502138,-1.5861216255759947,-1.620674831856883,-0.05639841915520766,0.0,1.0
97.074,-0.015738595,102.227,-1.5871639456414828,0.048841831779107774,-1.5520498802805198,-1.6139241505455564,-0.038753421026305045,0.0,1.0
97.178,-0.02409244,102.223,-1.5821920982546607,0.04677061796747182,-1.4918221836296683,-1.601538536698021,-0.017829172581388872,0.0,1.0
97.282,-0.030853072,102.226,-1.5774765266548345,0.043913451259956125,-1.460102435872502,-1.586891505684605,0.002244795638328667,0.0,1.0
97.386,-0.034833074,102.224,-1.5730871430569986,0.04049777177535036,-1.417938882768869,-1.5695516890377563,0.0220353814502477,0.0,1.0
97.49,-0.03718087,102.238,-1.569070100497986,0.03675304666720372,-1.4829298546289198,-1.5595778936013982,0.030825509576350676,0.0,1.0
97.594,-0.03810834,102.233,-1.565451365674297,0.032838007634506075,-1.504251376194177,-1.552499587187674,0.03504247684208655,0.0,1.0
97.698,-0.037722744,102.241,-1.5622412601353477,0.028894791191444277,-1.5806381794151674,-1.5530148443878358,0.03035494918475517,0.0,1.0
97.802,-0.036433958,102.238,-1.5594367215724683,0.02503864271007476,-1.6251530734288424,-1.5575260753166607,0.021951908039145738,0.0,1.0
97.906,-0.034260806,102.227,-1.5570238613602763,0.021362515216693287,-1.5830045270905244,-1.5578822123450298,0.019108943508457234,0.0,1.0
98.01,-0.031554423,102.219,-1.5549801241467989,0.017940123504027756,-1.4866815104382602,-1.5496909822064093,0.025690875738382114,0.0,1.0
98.114,-0.028937753,102.231,-1.553277922147805,0.0147945303227753,-1.488704064216446,-1.5426519889280323,0.02992535644841165,0.0,1.0
98.218,-0.025852108,102.231,-1.551887442785213,0.011945457419380622,-1.4908948877744812,-1.5367411010601046,0.03220366353921867,0.0,1.0
98.322,-0.022817431,102.234,-1.5507767176481133,0.009414641370996929,-1.514860592529731,-1.5338309257864071,0.03083250870916267,0.0,1.0
98.53,-0.021016873,102.225,-1.5492925840998835,0.004855873515829575,-1.4619251234962742,-1.5234939620336962,0.03368545096829706,0.0,1.0
98.634,-0.01711396,102.236,-1.5488906790312624,0.002873070111498383,-1.5115377657539901,-1.5229824349794583,0.028825129866687928,0.0,1.0
98.738,-0.013611398,102.234,-1.5486749611028081,0.0012753515895457662,-1.535671750882179,-1.5252007335517779,0.021816732972553675,0.0,1.0
98.946,-0.010828394,102.237,-1.548674028774137,-0.0012663868907837278,-1.5888970470658252,-1.532811265563086,0.006979833599064806,0.0,1.0
99.154,-0.008149089,102.229,-1.5491426977114922,-0.0032400451991705156,-1.5558305352624333,-1.53736978840612,-0.00035976482541915213,0.0,1.0
99.362,-0.005867892,102.221,-1.549968234781975,-0.004697811247780715,-1.4376454898817872,-1.5250159395721914,0.012918082838150179,0.0,1.0
99.466,-0.0041939192,102.232,-1.5504840142904615,-0.005221025453880221,-1.4609336582437142,-1.5196804987206387,0.01606070465134093,0.0,1.0
99.57,-0.0026622217,102.223,-1.5510455399420653,-0.005577544769271998,-1.400147621394841,-1.5086904386143725,0.024685501087126097,0.0,1.0
99.674,-0.0016511041,102.238,-1.5516372678302472,-0.005801837695762334,-1.475011144382835,-1.5085941104458906,0.02053420327680692,0.0,1.0
99.778,-0.0009318852,102.227,-1.5522476433533152,-0.00593615313246828,-1.4503239489774538,-1.506099008941635,0.019634578216610896,0.0,1.0
99.882,-0.00041230314,102.22,-1.5528686379643886,-0.006006050926632997,-1.3774421154708938,-1.496873335549483,0.0259677815925913,0.0,1.0
99.986,0.00014767086,102.233,-1.5534939828264511,-0.006019811805337485,-1.412605344296362,-1.4928121512658408,0.025971066171491624,0.0,1.0
100.09,0.0003934683,102.231,-1.5541185800139143,-0.005991672568954345,-1.429196973926873,-1.4912111648866049,0.02343380501232811,0.0,1.0
100.194,0.0005142309,102.23,-1.5547392595423724,-0.005944472209084598,-1.436936694327525,-1.4908313017557582,0.02002458408481636,0.0,1.0
100.298,0.0007993197,102.223,-1.555353932811212,-0.005876167576294212,-1.3932380007235123,-1.4866983445244637,0.02110405874833532,0.0,1.0
100.402,0.0008845031,102.233,-1.5559605011822062,-0.005788608788978128,-1.4280950842170432,-1.4865386736610438,0.017844358919197674,0.0,1.0
100.506,0.0007427189,102.228,-1.5565581164878293,-0.005703993242233812,-1.4229669031286998,-1.48617660792545,0.015300177606359863,0.0,1.0
100.61,0.0008194195,102.225,-1.557147107762687,-0.0056227620434945525,-1.3969862685287135,-1.4837258842093928,0.015362095655824247,0.0,1.0
100.714,0.00081644836,102.232,-1.5577274516284914,-0.005537696914281518,-1.4255397251542496,-1.4843420901424829,0.012166684641705576,0.0,1.0
100.818,0.00094710186,102.229,-1.5582986034677941,-0.005445992303080679,-1.4291697383051656,-1.4854118255910198,0.008975065843951434,0.0,1.0
100.922,0.000850906,102.236,-1.5588601248540337,-0.005352495893835844,-1.4834022029045193,-1.4913864762830267,0.001045865605594128,0.0,1.0
101.026,0.0007041291,102.226,-1.5594125796120184,-0.005271634067408564,-1.4579979158232015,-1.494544065136951,-0.002687353195388363,0.0,1.0
101.13,0.00046000932,102.24,-1.5599576817247047,-0.005211098868865343,-1.5369932756072078,-1.5044616903719372,-0.013065786786989043,0.0,1.0
101.234,0.00021714636,102.225,-1.560497804978108,-0.00517588677350414,-1.4965794324170245,-1.5096840372647662,-0.016873758129875453,0.0,1.0
101.338,-2.6307069e-05,102.233,-1.561035581173118,-0.005165963130537244,-1.5183058609526547,-1.516190756686351,-0.021480141954833526,0.0,1.0
101.442,-0.00014647283,102.228,-1.561573308535531,-0.005174947685096237,-1.5003665111369127,-1.5202710558141552,-0.022803811232409647,0.0,1.0
101.546,0.0003063567,102.226,0.0,0.0,0.0,0.0,0.0,0.0,0.0
101.754,0.0005416274,102.22,0.0,0.0,0.0,0.0,0.0,0.0,0.0
101.858,-0.00022066757,102.237,0.0,0.0,0.0,0.0,0.0,0.0,0.0
101.962,-0.00015276112,102.23,0.0,0.0,0.0,0.0,0.0,0.0,0.0
102.066,0.0007960852,102.229,0.0,0.0,0.0,0.0,0.0,0.0,0.0
102.17,0.00067994,102.232,0.0,0.0,0.0,0.0,0.0,0.0,0.0
102.274,0.00033825636,102.229,0.0,0.0,0.0,0.0,0.0,0.0,0.0
102.482,0.0014337804,102.227,0.0,0.0,0.0,0.0,0.0,0.0,0.0
102.586,-0.00010129996,102.223,0.0,0.0,0.0,0.0,0.0,0.0,0.0
102.69,0.00087391585,102.233,0.0,0.0,0.0,0.0,0.0,0.0,0.0
102.794,0.0006590504,102.227,0.0,0.0,0.0,0.0,0.0,0.0,0.0
102.898,0.00016970746,102.232,0.0,0.0,0.0,0.0,0.0,0.0,0.0
103.002,0.0009416193,102.231,0.0,0.0,0.0,0.0,0.0,0.0,0.0
103.113,0.0006311033,102.242,0.0,0.0,0.0,0.0,0.0,0.0,0.0
103.217,0.00025129877,102.233,0.0,0.0,0.0,0.0,0.0,0.0,0.0
103.321,0.00036319345,102.233,0.0,0.0,0.0,0.0,0.0,0.0,0.0
103.425,0.00050799735,102.233,0.0,0.0,0.0,0.0,0.0,0.0,0.0
103.633,0.0007924307,102.229,0.0,0.0,0.0,0.0,0.0,0.0,0.0
103.841,0.0004092399,102.226,0.0,0.0,0.0,0.0,0.0,0.0,0.0
103.945,0.00030031614,102.23,0.0,0.0,0.0,0.0,0.0,0.0,0.0
104.049,0.0004848484,102.227,0.0,0.0,0.0,0.0,0.0,0.0,0.0
104.153,-0.00024655648,102.224,0.0,0.0,0.0,0.0,0.0,0.0,0.0
104.257,0.0001403559,102.223,0.0,0.0,0.0,0.0,0.0,0.0,0.0
104.361,-0.0014528316,102.235,0.0,0.0,0.0,0.0,0.0,0.0,0.0
104.465,0.0013305992,102.23,0.0,0.0,0.0,0.0,0.0,0.0,0.0
104.673,0.0010885578,102.226,0.0,0.0,0.0,0.0,0.0,0.0,0.0
104.777,-6.8478286e-05,102.227,0.0,0.0,0.0,0.0,0.0,0.0,0.0
104.881,0.00026841648,102.23,0.0,0.0,0.0,0.0,0.0,0.0,0.0
104.985,-0.00014550053,102.236,0.0,0.0,0.0,0.0,0.0,0.0,0.0
105.089,-5.129166e-05,102.231,0.0,0.0,0.0,0.0,0.0,0.0,0.0
105.193,-0.0007906109,102.225,0.0,0.0,0.0,0.0,0.0,0.0,0.0
105.297,-1.3517216e-05,102.22,0.0,0.0,0.0,0.0,0.0,0.0,0.0
105.401,-0.00023547746,102.224,0.0,0.0,0.0,0.0,0.0,0.0,0.0
105.505,0.00040971115,102.232,0.0,0.0,0.0,0.0,0.0,0.0,0.0
105.609,-0.0025113425,102.223,0.0,0.0,0.08210589083762394,0.04105295019268231,6.972494731256277e-08,0.0,1.0
105.713,-0.0020898115,102.223,-1.2441520445048618e-05,-0.0002392600085586291,0.08214466185128405,0.041053584178901155,-0.00011501783987594247,0.0,1.0
105.817,-0.0022430609,102.231,-4.90406475141637e-05,-0.0004645693581551278,-0.05546021048049054,0.016212351935797276,-0.018295591160022776,0.0,1.0
105.921,-0.0022755438,102.23,-0.0001095741682425224,-0.0006995368096977741,-0.1254985219357904,-0.007754527403486276,-0.03599357251950237,0.0,1.0
106.025,-0.0023548752,102.238,-0.0001948466493189438,-0.0009403185956180346,-0.29198746469419246,-0.04516899595567236,-0.06821689271901231,0.0,1.0
106.129,-0.0027505793,102.233,-0.00030644493216277363,-0.0012058022283017865,-0.31320396089171915,-0.07491979193377465,-0.08776277294910784,0.0,1.0
106.233,-0.0024501174,102.236,-0.0004459110476300252,-0.0014762384537607641,-0.36207061028675,-0.10314446471553704,-0.10356454516606717,0.0,1.0
106.337,-0.002363727,102.236,-0.000612456481911256,-0.0017265583593398524,-0.389963270792265,-0.12831408596395488,-0.11391469464815551,0.0,1.0
106.441,-0.0024547928,102.228,-0.0008050478282198454,-0.0019771213773638182,-0.3114389226372286,-0.1400034790578467,-0.10708949218943002,0.0,1.0
106.545,-0.0022075877,102.234,-0.0010232755284831072,-0.0022195651661604796,-0.31897855634164596,-0.1497970381082737,-0.09999495545229331,0.0,1.0
106.649,-0.0021220664,102.219,-0.001265817691229298,-0.002444707194343223,-0.16981762105076081,-0.14227386091990718,-0.07469837309038764,0.0,1.0
106.753,-0.0023173254,102.228,-0.0015320713557526605,-0.0026755555849522473,-0.14342728389550427,-0.13264878959382137,-0.05182832200255485,0.0,1.0
106.857,-0.0024234036,102.231,-0.0018231480677947528,-0.002922073492780338,-0.15046232565267495,-0.1246526851146156,-0.03486797986262788,0.0,1.0
106.961,-0.0025403858,102.238,-0.002140465796865534,-0.003180190527811655,-0.2168063195438733,-0.12383795248937797,-0.028678731380769817,0.0,1.0
107.065,-0.0027832198,102.236,-0.0024856006413325757,-0.0034570180196315113,-0.2530084057096918,-0.12635025453170348,-0.02712924060840164,0.0,1.0
107.169,-0.002709186,102.225,-0.0028599819811061093,-0.0037426231298595706,-0.19297746815132197,-0.12273778023092001,-0.019271655672156985,0.0,1.0
107.273,-0.0025247978,102.228,-0.003263367478020493,-0.004014790272340181,-0.16630829228242053,-0.1169666881387657,-0.010355917951249603,0.0,1.0
107.377,-0.0026109656,102.236,-0.0036947927706763154,-0.004281849971041083,-0.20538121977884302,-0.11541648355369287,-0.007316935240032433,0.0,1.0
107.481,-0.0027373193,102.242,-0.004154566929571327,-0.004559960776939986,-0.2836378800421102,-0.12116164757532588,-0.012498731333386416,0.0,1.0
107.585,-0.0027822666,102.227,-0.004643727810062461,-0.00484697923250496,-0.2379106455409132,-0.1220631456364054,-0.011769905288395187,0.0,1.0
107.689,-0.0027553807,102.233,-0.005162787448510516,-0.005134936891496175,-0.24194674726157003,-0.12317677602546619,-0.011387676790523662,0.0,1.0
107.793,-0.0027163916,102.212,-0.005711616558104814,-0.005419469062238962,-0.09081857228227956,-0.11055173457979976,0.0035141133007662337,0.0,1.0
107.897,-0.002677258,102.225,-0.006289825768694341,-0.00569993883371356,-0.05465833731585286,-0.09613023742698029,0.018084992118300086,0.0,1.0
108.001,-0.002715392,102.225,-0.006897201133385358,-0.0059803566411137845,-0.024694883913878647,-0.0808020987161334,0.03143109719437307,0.0,1.0
108.105,-0.010905405,102.237,-0.007555988858103806,-0.006688638065010331,-0.08748469181428835,-0.07308393226866075,0.03465164988178173,0.0,1.0
108.209,-0.02072114,102.233,-0.008337125394254973,-0.00833321839943529,-0.1149239234976694,-0.0691016323242065,0.03334613747693842,0.0,1.0
108.313,-0.034715444,102.236,-0.009353680623829408,-0.011215920630842435,-0.16135352974780434,-0.07020214838334371,0.026704415427955902,0.0,1.0
108.417,-0.053698756,102.227,-0.010759208365291387,-0.015813459012657356,-0.13691271419744355,-0.06957464360628098,0.022722812425520406,0.0,1.0
108.521,-0.07990726,102.227,-0.012765078771591193,-0.022760971877723832,-0.11533820969974705,-0.06772884687250787,0.020365833365399752,0.0,1.0
108.625,-0.116412945,102.23,-0.01566306968370077,-0.0329696225859223,-0.11838822273668398,-0.06712821450314019,0.016630366123640796,0.0,1.0
108.729,-0.16081296,102.227,-0.019841529297649776,-0.0473853699900207,-0.0996043006510949,-0.06590898128775732,0.013547546392407338,0.0,1.0
108.833,-0.21472983,102.238,-0.025785075479954313,-0.0669135950542982,-0.16319942672206858,-0.07174156354165981,0.0026235930429193872,0.0,1.0
108.937,-0.2618499,102.226,-0.03403276094400854,-0.09169574079289969,-0.13213109233645604,-0.07577190750636977,-0.005710367780494831,0.0,1.0
109.041,-0.29928496,102.221,-0.04508642668798521,-0.12087475428357634,-0.06843680122463457,-0.07561492413644,-0.009469875868431146,0.0,1.0
109.145,-0.32994834,102.235,-0.05935884797853165,-0.15359488591924197,-0.11440080041585625,-0.08184822912027435,-0.020785293982103773,0.0,1.0
109.249,-0.3533534,102.235,-0.0771803640376022,-0.18912657675519445,-0.1553048979667276,-0.09373499978824723,-0.037842041400720165,0.0,1.0
109.353,-0.3719494,102.237,-0.09881074683308474,-0.22684232315793465,-0.20557671388572565,-0.11184778032263429,-0.06047300532969885,0.0,1.0
109.457,-0.38458577,102.236,-0.12444801954784823,-0.26618215212598245,-0.24174855490057157,-0.13456585423677445,-0.08617071261059395,0.0,1.0
109.561,-0.39109144,102.237,-0.15422839452892767,-0.30651736674085583,-0.2795158407917561,-0.16179371582853164,-0.11441034164726248,0.0,1.0
109.665,-0.39900866,102.238,-0.1882426313340389,-0.3476025718189805,-0.3183359969913461,-0.19337445401123907,-0.14467088315429955,0.0,1.0
109.769,-0.3812083,102.226,-0.226503005388143,-0.3881738522984114,-0.2636141310490117,-0.2207117851057971,-0.16744310677597218,0.0,1.0
109.873,-0.35334867,102.244,-0.2688593280821167,-0.42637081489339707,-0.34437901804276944,-0.2564449564055665,-0.19726555061199316,0.0,1.0
109.977,-0.31152713,102.233,-0.31499971700877166,-0.46094435677305073,-0.3341251315040768,-0.2916792835128389,-0.2234292152176801,0.0,1.0
110.081,-0.26536745,102.248,-0.36449785306105215,-0.4909428750015814,-0.43190085158759967,-0.33606709694165104,-0.25661696538458645,0.0,1.0
110.185,-0.22249168,102.241,-0.4168750831484812,-0.5163115497566776,-0.4648882273235519,-0.3828041806705417,-0.2883174348823721,0.0,1.0
110.289,-0.17469032,102.244,-0.4716454644180849,-0.5369650131203249,-0.5128225574795903,-0.4328101259557637,-0.31955062688300667,0.0,1.0
110.393,-0.13373469,102.238,-0.528323807007612,-0.553003113601358,-0.5084564808169508,-0.48088761148271425,-0.34465152344156913,0.0,1.0
110.497,-0.0906205,102.244,-0.5864427872585961,-0.5646695835329604,-0.5451817993162082,-0.530676264438047,-0.36825975713839904,0.0,1.0
110.601,-0.054269202,102.247,-0.6455602057281739,-0.5722038485743116,-0.5963895175787576,-0.5830573410123516,-0.3913782267449864,0.0,1.0
110.705,-0.024402209,102.241,-0.7052821334743801,-0.5762947619296621,-0.5948928585482486,-0.632828469588252,-0.4083862793890663,0.0,1.0
110.809,-0.0013035632,102.243,-0.7652862971212565,-0.5776314620487403,-0.6050896477840132,-0.6810748060900337,-0.42125508577872056,0.0,1.0
110.913,0.017693754,102.243,-0.8253156500968035,-0.5767791720964025,-0.6114083603371837,-0.7274172921724624,-0.43011678690001076,0.0,1.0
111.017,0.035408657,102.242,-0.8851570950745933,-0.5740178467072558,-0.6073118567461201,-0.7709592084202596,-0.4345416276776426,0.0,1.0
111.121,0.061827082,102.24,-0.9445920256932665,-0.5689615882672381,-0.5871268680726771,-0.8104039323633279,-0.43372208695745706,0.0,1.0
111.225,0.09841681,102.249,-1.003330731371163,-0.5606289055384708,-0.6328984657116127,-0.8518769462794253,-0.43486319585141153,0.0,1.0
111.329,0.14877872,102.254,-1.0609677208019777,-0.5477747373618199,-0.7076446728646876,-0.8975084038486476,-0.43976634052792374,0.0,1.0
111.433,0.20553547,102.254,-1.116978227869099,-0.5293503985442211,-0.7710475495296243,-0.9455069706929077,-0.445730241743474,0.0,1.0
111.537,0.26866817,102.264,-1.1707484226584186,-0.5046918089427045,-0.8962289004249554,-1.0006601383500089,-0.45746317638153544,0.0,1.0
111.641,0.3272505,102.26,-1.22162500674427,-0.4737040388621383,-0.9734142170933866,-1.0573804872324541,-0.4678756573332815,0.0,1.0
111.745,0.37638244,102.254,-1.2689876032870153,-0.4371151254214342,-0.993017464811026,-1.1097459289423883,-0.4706178342839892,0.0,1.0
111.849,0.4146398,102.25,-1.3123086521908676,-0.3959819688834249,-0.9765103230707807,-1.1543807462566134,-0.46305913278327077,0.0,1.0
111.953,0.44009876,102.256,-1.351179563798997,-0.3515355620421472,-1.001232341308697,-1.1952120005539173,-0.45081636740587294,0.0,1.0
112.057,0.44901767,102.257,-1.3853350914883642,-0.30530150890722935,-1.0265331692753696,-1.2322162662194602,-0.43449962751657956,0.0,1.0
112.161,0.44430318,102.26,-1.41467090881339,-0.2588488242663453,-1.0668906463817611,-1.2667264553775566,-0.4161382749348735,0.0,1.0
112.265,0.427028,102.268,-1.439235106931987,-0.21353960109129683,-1.1566531841525276,-1.3030528010959053,-0.40069071666988415,0.0,1.0
112.369,0.39958298,102.264,-1.4592080693490235,-0.17055583000555802,-1.2025657349160201,-1.336803222075321,-0.383117435332593,0.0,1.0
112.473,0.3659227,102.256,-1.4748759483338623,-0.13074953508749804,-1.1805488600308678,-1.3619607833182066,-0.35743610893617755,0.0,1.0
112.577,0.32589346,102.257,-1.4866032291102738,-0.09477509522810805,-1.164491716851022,-1.3798220563777004,-0.32640554480589035,0.0,1.0
112.681,0.28316694,102.269,-1.494812939674321,-0.06310395408049477,-1.233971288388037,-1.3987436840728158,-0.299930392094001,0.0,1.0
112.785,0.23990834,102.258,-1.4999613553346132,-0.035904039386662576,-1.212243872594182,-1.4105480304837523,-0.2687642275083591,0.0,1.0
112.889,0.19743478,102.266,-1.5025127996327914,-0.013162197116765289,-1.247937321588877,-1.421187673509969,-0.24015014792197817,0.0,1.0
112.993,0.16456287,102.25,-1.5029028264495472,0.005661681409922188,-1.1606857261993986,-1.4200032111857346,-0.20247022695610592,0.0,1.0
113.097,0.12498119,102.261,-1.5015310844827336,0.020717971798029373,-1.1616070448379605,-1.4163039182331763,-0.16718577949737634,0.0,1.0
113.201,0.09260725,102.262,-1.4987880562751041,0.03203257065638576,-1.168435189168994,-1.4111765714701832,-0.13524503328181875,0.0,1.0
113.305,0.06223317,102.252,-1.4950379804185674,0.04008427273854394,-1.1009178654080138,-1.3984631075883454,-0.09969403201955207,0.0,1.0
113.409,0.03784284,102.263,-1.4905986105366098,0.045288224991408735,-1.1206988069486088,-1.3870524254303653,-0.07068640139145477,0.0,1.0
113.513,0.016876617,102.256,-1.4857406737297227,0.04813363667949808,-1.0872251915893172,-1.3724038000557428,-0.04247815155944215,0.0,1.0
113.617,-7.403991e-05,102.259,-1.4806893413460307,0.04900737069919479,-1.0795446515155604,-1.3574636763598846,-0.018174827501102154,0.0,1.0
113.721,-0.0132871475,102.251,-1.4756287034447249,0.048312588941303615,-1.0151140305349962,-1.337518659321501,0.0077857035705168436,0.0,1.0
113.825,-0.023563083,102.257,-1.4707038372137902,0.04639637703820838,-1.002699018242184,-1.318019043603147,0.02928229656750166,0.0,1.0
113.929,-0.030815875,102.258,-1.4660256547003447,0.04356867129727975,-1.0001793525059655,-1.3000843273567777,0.04575551548647713,0.0,1.0
114.033,-0.035484914,102.269,-1.4616737902135613,0.04012103037163395,-1.0786485345635972,-1.2909871945040352,0.05016775393449334,0.0,1.0
114.137,-0.038223572,102.266,-1.45770051081062,0.036288188915697545,-1.1263116364000045,-1.2872075030894465,0.04808223178868741,0.0,1.0
114.241,-0.03948134,102.266,-1.4541366532506115,0.03224753339215899,-1.1676929558416118,-1.2876847859365705,0.04160292225128513,0.0,1.0
114.345,-0.03920087,102.255,-1.4509956664845416,0.028156058263031518,-1.1233713616109473,-1.2843570992222935,0.04000327319784189,0.0,1.0
114.449,-0.03780702,102.268,-1.4482756657590639,0.024151647996155327,-1.1776625395583058,-1.2863973431959541,0.032751113429891024,0.0,1.0
114.553,-0.035500657,102.259,-1.4459621183290554,0.020339648734776113,-1.1594059469270468,-1.286785644682401,0.028205866764985578,0.0,1.0
114.657,-0.032849632,102.266,-1.4440316140320675,0.01678543389960921,-1.193034729900038,-1.2902868448360956,0.020879088250221993,0.0,1.0
114.761,-0.029993588,102.267,-1.4424558569691854,0.013517586540428783,-1.2288520760663733,-1.2967387678471163,0.011374554818193452,0.0,1.0
114.865,-0.026843878,102.266,-1.4412037164760014,0.010562038328496623,-1.2517692043792337,-1.3046265743951964,0.0016512572244067837,0.0,1.0
114.969,-0.023565453,102.258,-1.4402415713233434,0.00794075306877298,-1.212478801976074,-1.3081986176892497,-0.0020995879074578398,0.0,1.0
115.073,-0.020380354,102.26,-1.4395345624588514,0.005655571248380389,-1.1912035586974359,-1.3094684453270728,-0.002915976147171149,0.0,1.0
115.177,-0.016984079,102.262,-1.4390474164697018,0.0037126208506502644,-1.1863280147401043,-1.3101326177659391,-0.003039171622650289,0.0,1.0
115.281,-0.014468613,102.257,-1.4387463519832282,0.0020770808123030324,-1.1454802879206587,-1.3070686682014383,0.0007745520198311831,0.0,1.0
115.385,-0.0115551185,102.253,-1.4386007037463875,0.0007238468192496065,-1.080578693718426,-1.2985655963029563,0.009771101473024036,0.0,1.0
115.489,-0.009477935,102.259,-1.4385822970507536,-0.0003698719032130392,-1.067739021539183,-1.289901255268551,0.01754088506379123,0.0,1.0
115.697,-0.0066458266,102.261,-1.438833625000099,-0.0020467429943404223,-1.0673888317760662,-1.279702081014918,0.02364098294390644,0.0,1.0
115.801,-0.0048291273,102.264,-1.43907751454703,-0.0026434406004867536,-1.1009800163410401,-1.2764951402167102,0.02311278138213589,0.0,1.0
115.905,-0.003258669,102.262,-1.439374301770295,-0.003064006000759358,-1.1123902759729551,-1.275169075948213,0.02068472209185827,0.0,1.0
116.009,-0.0019118739,102.256,-1.4397069395419613,-0.003332874223592036,-1.0755209569024264,-1.2706330266687829,0.022181082491818493,0.0,1.0
116.113,-0.0010069341,102.259,-1.4400614509181078,-0.003484652240762762,-1.0675829324153778,-1.2661994590326329,0.023353766436038315,0.0,1.0
116.217,-7.4654818e-06,102.267,-1.440426597687598,-0.0035374010186663783,-1.1207420994064707,-1.2676431030594102,0.01805073977409394,0.0,1.0
116.321,0.00057484116,102.262,-1.4407929532096944,-0.0035078974831870714,-1.1299007293374996,-1.2699705612629781,0.012652350385234056,0.0,1.0
116.425,0.0010609289,102.261,-1.4411533514256478,-0.0034228374389952943,-1.1303522542755549,-1.2722183031728511,0.008188480324689272,0.0,1.0
116.529,0.0015561201,102.254,-1.4415022500187236,-0.003286750889385396,-1.0796251350497605,-1.269663855643442,0.009534715312401633,0.0,1.0
116.633,0.0017735634,102.253,-1.441835068646871,-0.003113607344219739,-1.0281476821714943,-1.2628391305300628,0.01522929967254773,0.0,1.0
116.737,0.0018913492,102.254,-1.4421489738868483,-0.0029230318861103617,-0.9910588733138034,-1.253599637942111,0.022640359086397527,0.0,1.0
116.841,0.0020503856,102.259,-1.4424423107521396,-0.0027180616771823743,-0.996036419708017,-1.2460788379862329,0.027117519160888708,0.0,1.0
116.945,0.002012973,102.263,-1.4427140018451003,-0.0025067670336014623,-1.0307130700789806,-1.242790208141902,0.026430787853658877,0.0,1.0
117.049,0.0020973405,102.262,-1.442963591328928,-0.002293030732313426,-1.0548625413248711,-1.2423166756398842,0.02286246248236325,0.0,1.0
117.153,0.001864861,102.266,-1.4431913527321463,-0.002086996252650652,-1.1054307309055296,-1.2466807147086036,0.01468855574398609,0.0,1.0
117.257,0.0016433513,102.264,-1.4433989141364232,-0.001904569214212035,-1.1352032720518377,-1.2534306942365407,0.0052079184474023675,0.0,1.0
117.361,0.0015951791,102.264,-1.4435882323485973,-0.0017361656352898839,-1.160649014672492,-1.2618332894036113,-0.004603809846270197,0.0,1.0
117.465,0.0014322118,102.257,-1.4437606075096159,-0.001578741307372488,-1.1313044107760353,-1.266733591375913,-0.009199737090458794,0.0,1.0
117.569,0.001228109,102.258,-1.4439176030980343,-0.0014404046237489962,-1.111934789550707,-1.2693284889823333,-0.010639661137700127,0.0,1.0
117.68,0.0011861853,102.255,-1.444070051381297,-0.0013064112908926563,-1.0723010138463835,-1.268064042578832,-0.007647735922498487,0.0,1.0
117.784,0.0010319776,102.266,-1.4441999202431393,-0.0011910668214571442,-1.118189764525918,-1.2709211222081036,-0.00959229950609939,0.0,1.0
117.888,0.00092243403,102.268,-1.4443185064635446,-0.0010894374171060298,-1.1728445797524027,-1.278289202506413,-0.016059671274001267,0.0,1.0
117.992,0.0009136975,102.256,-1.4444268430551863,-0.000993958576002417,-1.1326067202765442,-1.2811310191807221,-0.01671021605618605,0.0,1.0
118.096,0.0007904598,102.258,-1.44452560670567,-0.0009053423948374379,-1.1112957669541454,-1.2816055835246096,-0.014731732013004283,0.0,1.0
118.2,0.0008812321,102.265,-1.4446152420598604,-0.0008184144165155286,-1.1432157006145653,-1.284730162410976,-0.015879105661125024,0.0,1.0
118.304,0.000703905,102.26,-1.4446960709484622,-0.0007359872873660923,-1.1347479435074663,-1.2866168755560374,-0.015528927427846326,0.0,1.0
118.408,0.0023148265,102.257,0.0,0.0,0.0,0.0,0.0,0.0,0.0
118.512,0.0032072011,102.257,0.0,0.0,0.0,0.0,0.0,0.0,0.0
118.616,0.0023649316,102.256,0.0,0.0,0.0,0.0,0.0,0.0,0.0
118.72,0.0033559091,102.266,0.0,0.0,0.0,0.0,0.0,0.0,0.0
118.824,0.0024664588,102.268,0.0,0.0,0.0,0.0,0.0,0.0,0.0
118.928,0.0042011794,102.259,0.0,0.0,0.0,0.0,0.0,0.0,0.0
119.032,0.001726754,102.256,0.0,0.0,0.0,0.0,0.0,0.0,0.0
119.136,0.0013028253,102.261,0.0,0.0,0.0,0.0,0.0,0.0,0.0
119.24,0.003349062,102.266,0.0,0.0,0.0,0.0,0.0,0.0,0.0
119.344,0.0025563966,102.258,0.0,0.0,0.0,0.0,0.0,0.0,0.0
119.448,0.0019469839,102.257,0.0,0.0,0.0,0.0,0.0,0.0,0.0
119.552,0.0033382904,102.266,0.0,0.0,0.0,0.0,0.0,0.0,0.0
119.656,0.002220396,102.255,0.0,0.0,0.0,0.0,0.0,0.0,0.0
119.76,0.0026958734,102.258,0.0,0.0,0.0,0.0,0.0,0.0,0.0
119.864,0.0023458898,102.261,0.0,0.0,0.0,0.0,0.0,0.0,0.0
119.968,0.0021230243,102.26,0.0,0.0,0.0,0.0,0.0,0.0,0.0
120.072,0.0022185221,102.253,0.0,0.0,0.0,0.0,0.0,0.0,0.0
120.176,0.002102645,102.263,0.0,0.0,0.0,0.0,0.0,0.0,0.0
120.28,0.003211135,102.26,0.0,0.0,0.0,0.0,0.0,0.0,0.0
120.384,0.002066629,102.254,0.0,0.0,0.0,0.0,0.0,0.0,0.0
120.488,0.0024110936,102.258,0.0,0.0,0.0,0.0,0.0,0.0,0.0
120.592,0.0023198854,102.258,0.0,0.0,0.0,0.0,0.0,0.0,0.0
120.696,0.0026848316,102.25,0.0,0.0,0.0,0.0,0.0,0.0,0.0
120.8,0.0018964652,102.252,0.0,0.0,0.0,0.0,0.0,0.0,0.0
120.904,0.0020485297,102.256,0.0,0.0,0.0,0.0,0.0,0.0,0.0
121.008,0.0033348668,102.258,0.0,0.0,0.0,0.0,0.0,0.0,0.0
121.112,0.0019358955,102.265,0.0,0.0,0.0,0.0,0.0,0.0,0.0
121.216,0.0021083578,102.264,0.0,0.0,0.0,0.0,0.0,0.0,0.0
121.32,0.0027468242,102.252,0.0,0.0,0.0,0.0,0.0,0.0,0.0
121.424,0.0016809963,102.259,0.0,0.0,0.0,0.0,0.0,0.0,0.0
121.528,0.002160905,102.252,0.0,0.0,0.0,0.0,0.0,0.0,0.0
121.632,0.0022347644,102.262,0.0,0.0,0.0,0.0,0.0,0.0,0.0
121.736,0.0012095012,102.262,0.0,0.0,0.0,0.0,0.0,0.0,0.0
121.84,0.0025466643,102.261,0.0,0.0,0.0,0.0,0.0,0.0,0.0
121.944,0.0012227837,102.256,0.0,0.0,0.0,0.0,0.0,0.0,0.0
122.048,0.0020507723,102.259,0.0,0.0,0.0,0.0,0.0,0.0,0.0
122.152,0.0019016024,102.251,0.0,0.0,0.0,0.0,0.0,0.0,0.0
122.256,0.0026921127,102.267,0.0,0.0,0.0,0.0,0.0,0.0,0.0
122.36,-0.005814623,102.261,0.0,0.0,0.007916183928556269,0.0039580915432340675,4.315850577333397e-09,0.0,1.0
122.464,-0.0059952675,102.265,-3.193394550681065e-05,-0.0006141143366694403,-0.06631502504246592,-0.015018486321445547,-0.00786067170195341,0.0,1.0
122.568,-0.006105124,102.249,-0.00012852129402756495,-0.0012433346733450794,0.17842237680881504,0.022253188279560424,0.02183693842912497,0.0,1.0
122.672,-0.005829948,102.266,-0.00029010053479671034,-0.0018639584183692789,0.034910719897745135,0.02156306797138705,0.014224263355375008,0.0,1.0
122.776,-0.00564834,102.258,-0.0005149895013272683,-0.0024608293995261005,0.07144423402577511,0.025667243225377664,0.014731570120713286,0.0,1.0
122.88,-0.005985663,102.262,-0.000802374103993165,-0.003065797574818111,0.032170902267111404,0.023812030584127702,0.00881345841797478,0.0,1.0
122.984,-0.005933055,102.255,-0.001153445265233499,-0.0036855709105729777,0.10485735594230282,0.030454095416497424,0.014680732807283346,0.0,1.0
123.088,-0.0056148195,102.263,-0.0015679700930118319,-0.004286060392856565,0.04952454967247993,0.029608931259304593,0.010497995325440077,0.0,1.0
123.192,-0.005816648,102.262,-0.0020446310600638075,-0.004880496665835343,0.023180693274920627,0.025951728927118157,0.003916220210096047,0.0,1.0
123.296,-0.00596801,102.264,-0.002584068428099194,-0.005493298873305363,-0.0172227357248695,0.01858466923668107,-0.005692172029541638,0.0,1.0
123.4,-0.0058581037,102.262,-0.003187349322631993,-0.006108256790787019,-0.025893263767341815,0.011404504751096186,-0.013282482149292412,0.0,1.0
123.504,-0.0057348264,102.26,-0.0038539553120881683,-0.006711089160293373,-0.01268044023417216,0.006579735781166796,-0.016867076292114352,0.0,1.0
123.608,-0.0056722406,102.268,-0.004582753294110332,-0.007304256647825269,-0.07489864543003874,-0.0036032054494569343,-0.025797352449911305,0.0,1.0
123.712,-0.0057029496,102.264,-0.005373154501110346,-0.007895766563713574,-0.0884210922876959,-0.013611642214815213,-0.03305404021269598,0.0,1.0
123.92,-0.0055289036,102.258,-0.0071369576651156156,-0.009063879244029537,-0.04701197416284426,-0.02123799474552621,-0.032503572507152044,0.0,1.0
124.024,-0.005453875,102.25,-0.008109298537999406,-0.009634983696043502,0.0656524040272752,-0.012365541360807144,-0.017953409675067464,0.0,1.0
124.128,-0.005326479,102.262,-0.009140486919686205,-0.010195562105625874,0.04832440764680137,-0.00697678214697033,-0.009732307720230732,0.0,1.0
124.232,-0.0054064114,102.253,-0.010229847116038202,-0.010753672439605,0.10730797638792522,0.003367165316461857,0.002416750402464616,0.0,1.0
124.336,-0.005365613,102.257,-0.01137735660341381,-0.01131381770223379,0.12341847449458905,0.01354013216643131,0.012410693054909886,0.0,1.0
124.44,-0.005247782,102.265,-0.012582692264258842,-0.01186571423709392,0.0752118338155485,0.01737737977005359,0.014078243128637948,0.0,1.0
124.544,-0.005226567,102.257,-0.013845049183100432,-0.012410380356013766,0.0932721063219334,0.02212076635141063,0.016445777970628295,0.0,1.0
124.648,-0.005258304,102.263,-0.015164079830020626,-0.012955593623220907,0.06407224016294234,0.02322058700029391,0.014578826209868036,0.0,1.0
124.752,-0.0051558306,102.263,-0.016539621387094208,-0.013497128628194315,0.0383691092841544,0.02150157382974175,0.009997297432591057,0.0,1.0
124.856,-0.0014190716,102.257,-0.017961101300023433,-0.013839023543521742,0.05952971441737306,0.02164238455110794,0.008074194721078301,0.0,1.0
124.96,0.007924906,102.252,-0.019382767972320244,-0.01350072015449403,0.11431288463156312,0.026499835144841707,0.011463721419954834,0.0,1.0
125.064,0.024904568,102.266,-0.020698071968912993,-0.011793587472289795,0.06034771524303036,0.0257131427479403,0.008426134857308611,0.0,1.0
125.168,0.050696213,102.256,-0.021720180555433056,-0.007862346883862698,0.08496927863375009,0.027106097156198813,0.008321500090715615,0.0,1.0
125.272,0.086609244,102.258,-0.022166590685307946,-0.0007224633060391129,0.09184311579895785,0.028987470430026453,0.009040152863603393,0.0,1.0
125.376,0.13275649,102.259,-0.02164856193283193,0.01068455469980873,0.09023360113653381,0.030747811058280856,0.009978936514798399,0.0,1.0
125.48,0.19060192,102.248,-0.019663007085680872,0.027499192360788828,0.16820102625768546,0.03979032755834114,0.019205482078568502,0.0,1.0
125.584,0.25840643,102.253,-0.015588972513645813,0.05084762633219368,0.1995801010960946,0.05149550628747784,0.03081454043946999,0.0,1.0
125.688,0.3130585,102.265,-0.008755578295767289,0.080563800934702,0.13859996441718672,0.05770377051683061,0.035996504596666874,0.0,1.0
125.792,0.35957363,102.258,0.0014418541949688477,0.11554067004099446,0.13467636824382495,0.06451416816691621,0.04242908639852463,0.0,1.0
125.896,0.3936798,102.257,0.015494881234884005,0.154709849957376,0.13796183280508909,0.07298182231397075,0.051214866918511556,0.0,1.0
126.0,0.42479396,102.251,0.033797858667522176,0.1972704852856685,0.18392900173687657,0.08721243336850337,0.06651691045599929,0.0,1.0
126.104,0.44528428,102.259,0.05666668060642401,0.24251455200090866,0.16555387295194499,0.1013291744099639,0.08118393082823837,0.0,1.0
126.208,0.4586889,102.251,0.08433253760620835,0.2895211595334095,0.20659317151675083,0.12106545203164973,0.10150424694341727,0.0,1.0
126.416,0.48509565,102.242,0.15476091296365643,0.38767475736513485,0.33347679828907595,0.17258016510572557,0.15102458704550314,0.0,1.0
126.52,0.45410523,102.25,0.19761868690412962,0.43651320302858665,0.3571808005084185,0.21485134869663228,0.19479505152221782,0.0,1.0
126.624,0.4093884,102.242,0.24535094677123084,0.4814148713387517,0.43876568720750375,0.26447446527542934,0.24054490819859037,0.0,1.0
126.728,0.35303184,102.252,0.29747967771148265,0.5210607236660982,0.4267586718331568,0.31122224952044836,0.2768641049378285,0.0,1.0
126.832,0.2960989,102.238,0.3534252423910151,0.5548155201710724,0.5203226721708585,0.36589490621551135,0.3169438330918997,0.0,1.0
126.936,0.23585656,102.246,0.41256446410829073,0.5824772051610052,0.5378480662761236,0.42009401971302357,0.35104973616976604,0.0,1.0
127.04,0.17864345,102.255,0.4742629014398773,0.604031205061823,0.4837817615484202,0.4671333469468272,0.37287092713667275,0.0,1.0
127.144,0.12379086,102.25,0.5378999291816964,0.6197577899731692,0.47087028554783544,0.5117279969892998,0.38923441152966753,0.0,1.0
127.248,0.07618416,102.243,0.6028954717760393,0.6301564906872804,0.5086221333560131,0.5587492428110606,0.40601612703770745,0.0,1.0
127.352,0.0365564,102.239,0.6687365972854499,0.6360189998783166,0.5687498845804937,0.6097904510452195,0.4247007746730971,0.0,1.0
127.456,0.005712278,102.242,0.7349968677795825,0.638216971162706,0.5974241256329665,0.661324640972387,0.44112904978788336,0.0,1.0
127.56,-0.019107483,102.24,0.8013352121458046,0.6375204204954201,0.6344219294543726,0.71383875335797,0.4560645500519661,0.0,1.0
127.664,-0.038072858,102.238,0.8674827202343629,0.6345470427460963,0.6786264682641997,0.7676546353990635,0.46999708493234915,0.0,1.0
127.768,-0.0616463,102.238,0.9332059720731954,0.6293616464622314,0.7144889560274034,0.8216458136741631,0.4817994546246028,0.0,1.0
127.872,-0.08851681,102.238,0.9982535422448193,0.621553164530545,0.742851310382983,0.8748656464282704,0.49068450154469057,0.0,1.0
127.976,-0.12068042,102.228,1.0623294020644993,0.6106749089248474,0.8370691934742754,0.9330006799519075,0.5030303645446591,0.0,1.0
128.08,-0.1662723,102.237,1.125063672399973,0.5957533667571819,0.8509671313510072,0.9880008624527474,0.5095800696133326,0.0,1.0
128.184,-0.20700847,102.236,1.1860126713578663,0.5763427670486276,0.8665247068799965,1.0399590051342893,0.5111252671654631,0.0,1.0
128.288,-0.25584647,102.227,1.2447007594223356,0.5522743111141,0.941852828820755,1.0941218498348213,0.5138322739047333,0.0,1.0
128.392,-0.30182344,102.237,1.300629348428066,0.5232754774577931,0.9317605854704197,1.1422031067334166,0.5084884612614077,0.0,1.0
128.496,-0.33989793,102.221,1.3533147835050545,0.4899059663303169,1.0351334266763335,1.1944914299187614,0.5071167532542753,0.0,1.0
128.6,-0.3690131,102.236,1.4023481084936809,0.45304259114340206,1.013343987263308,1.2389434999042865,0.49612200017812047,0.0,1.0
128.704,-0.38349485,102.229,1.4474297565433094,0.4139121790416514,1.0410212254354032,1.2803534521693578,0.48198363362608815,0.0,1.0
128.808,-0.38671672,102.233,1.488393971058304,0.3738611770160529,1.0328454148238726,1.3154929609240655,0.46169085363912904,0.0,1.0
128.912,-0.38114738,102.23,1.5251992289197145,0.3339322433955949,1.0442327369366247,1.3464690860525794,0.43842683339685784,0.0,1.0
129.016,-0.3635603,102.232,1.5579144926023436,0.29520744280890004,1.0369893394508434,1.3718474309985378,0.4111549049660487,0.0,1.0
129.12,-0.33796313,102.222,1.5867191473181537,0.2587282248027613,1.1006285145312686,1.398380844390096,0.3877826411883409,0.0,1.0
129.224,-0.30684277,102.23,1.6118833275218563,0.22519831757620365,1.0960503755829385,1.4197883246047918,0.3611289146548706,0.0,1.0
129.328,-0.27277353,102.235,1.633736670052378,0.1950582695491612,1.0532500755570335,1.4331676963537667,0.32872182431530367,0.0,1.0
129.432,-0.23770185,102.225,1.652642404611703,0.16851354889944578,1.086150885414022,1.4461413062877726,0.29971445210863396,0.0,1.0
129.536,-0.20205566,102.228,1.6689787093471573,0.1456461575515577,1.091721695663556,1.456421356081322,0.27129572280700515,0.0,1.0
129.64,-0.16864228,102.222,1.6831235424882738,0.12636986439302927,1.1383661366874989,1.4680633956801694,0.2478519921111001,0.0,1.0
129.744,-0.13787599,102.235,1.6954371830191302,0.11043091504648486,1.0833871670201618,1.4720183514888792,0.21909757040210665,0.0,1.0
129.848,-0.11084648,102.23,1.7062494526417258,0.09749734692648045,1.0697545330982385,1.4729365002240984,0.19092006747598245,0.0,1.0
129.952,-0.08623745,102.225,1.7158562617614557,0.08724898229912063,1.0931647958630493,1.4746415392799348,0.16742400922775255,0.0,1.0
130.056,-0.06571824,102.241,1.724519267724097,0.07934728621318975,0.9970770837419739,1.4666356849813043,0.13678101152127914,0.0,1.0
130.16,-0.0483096,102.228,1.732463054203122,0.07341783838346724,1.006597017455242,1.4595707438181742,0.11152646736292088,0.0,1.0
130.264,-0.034815986,102.22,1.7398737377961877,0.06909530763700672,1.0732714956672065,1.4586819828655733,0.09650523462728984,0.0,1.0
130.368,-0.024170198,102.234,1.7469001511509115,0.0660280261076998,1.0303023779500704,1.4537564399253777,0.0793134118955309,0.0,1.0
130.472,-0.016538016,102.229,1.7536569908553366,0.06391119897738183,1.0284928994755618,1.4490335570300488,0.0648451002868305,0.0,1.0
130.576,-0.01139943,102.236,1.7602282126955684,0.06245845179632411,0.9762353379405664,1.4401619489026771,0.0480671773373452,0.0,1.0
130.68,-0.008164333,102.224,1.7666709912636285,0.06144113605097028,1.0176384870643331,1.4360579718570425,0.03887108113294244,0.0,1.0
130.784,-0.0066450406,102.231,1.7730208248662647,0.06067104861512883,1.0037237165535848,1.431424711301207,0.030464854919107574,0.0,1.0
130.888,0.00081962533,102.231,1.779314861999393,0.06036812702193955,0.9916875965281756,1.4265780980378016,0.023085497067985128,0.0,1.0
130.992,0.006423192,102.214,1.785612731788009,0.060744753528387284,1.1045996938942912,1.4327389771323982,0.028593415100282564,0.0,1.0
131.096,0.0100831585,102.218,1.7919748193295009,0.06160308380797609,1.1743758645685494,1.4449313114535445,0.039749231641801414,0.0,1.0
131.2,0.01226698,102.226,1.7984419748188256,0.06276529098674742,1.1761647284123904,1.4564072537971737,0.048504502090903706,0.0,1.0
131.304,0.013638531,102.231,1.8050396135815987,0.06411237752810225,1.139608584428242,1.4637544255619326,0.05158254522710056,0.0,1.0
131.408,0.013634468,102.23,1.8117810470345914,0.06553057349100794,1.1133300221115179,1.4682835886245758,0.051242133260334666,0.0,1.0
131.512,0.013343797,102.227,1.8186691759075533,0.06693344329670174,1.1112217908988067,1.4724448321734844,0.05061547226409712,0.0,1.0
131.72,0.015212064,102.238,1.8329001923030626,0.06990325281396609,1.014093145975676,1.4707479305293738,0.038260451833674325,0.0,1.0
131.824,0.012227214,102.226,1.840244326402398,0.0713300952501607,1.03473468964598,1.4679534034655413,0.03253179372006595,0.0,1.0
131.928,0.009393279,102.23,1.847721118122519,0.07245436090603574,1.0198062037904847,1.464877442171499,0.027395454864935886,0.0,1.0
132.032,0.007410869,102.229,1.8553018100716194,0.07332817657664532,1.015702381997077,1.4626227816139947,0.02394476859543177,0.0,1.0
132.143,0.004962125,102.226,1.8634793495859763,0.07401487773610387,1.0354217666247933,1.4635126131740883,0.024255290912298173,0.0,1.0
132.247,0.0030543562,102.229,1.8711985734353298,0.07443173475144543,1.0302965594813145,1.4643986125755277,0.024653591130296526,0.0,1.0
132.351,0.0011556791,102.229,1.8789508577849752,0.074650656587911,1.0261911157716643,1.4655093302917601,0.02520030262283752,0.0,1.0
132.455,-0.001098942,102.226,1.8867146794872443,0.07465360691724454,1.0449506887418682,1.4689308053065837,0.028100584884184453,0.0,1.0
132.559,-0.0019461871,102.226,1.8944704205774852,0.07449526020279265,1.0614312847974725,1.4741169942416943,0.03240854842685577,0.0,1.0
132.663,-0.003142523,102.223,1.9022041677661252,0.07423064727103446,1.0975404289304929,1.4826004128969894,0.03954239637807953,0.0,1.0
132.767,-0.004184394,102.224,1.9099043430980482,0.07384964757366219,1.1214956065130066,1.4928102956837856,0.0474069704001791,0.0,1.0
132.871,-0.0054577887,102.227,1.9175586339832855,0.07334825406549605,1.120018662292422,1.5021695534373458,0.053156466426537846,0.0,1.0
132.975,-0.0062411795,102.225,1.9251552183947083,0.07273990769265336,1.132384508258806,1.5119607207919314,0.058473193695928065,0.0,1.0
133.079,-0.0069186906,102.224,1.9326845845058054,0.07205559444381031,1.1496959616669624,1.5225206316932616,0.06378029736784249,0.0,1.0
133.183,-0.007447713,102.216,1.9401395195736482,0.07130854147626205,1.2219497753250637,1.5386227936573948,0.07415979414128648,0.0,1.0
133.287,-0.0078321565,102.223,1.94751429111992,0.07051398825971517,1.2333210845988034,1.5541252796554044,0.08231181202519182,0.0,1.0
133.391,-0.008214287,102.221,1.9548043563144772,0.06967957317410156,1.2560043607301463,1.5700073318760892,0.08961250988260691,0.0,1.0
133.495,-0.008471199,102.221,1.9620059143708737,0.06881192791042957,1.2741311263072292,1.585737695796056,0.09562185674525521,0.0,1.0
133.599,-0.0085680215,102.232,1.9691162808205678,0.06792588842986272,1.2084565585205735,1.5937965168749206,0.09250978746191477,0.0,1.0
133.703,-0.008641058,102.229,1.9761340398673433,0.06703101631580029,1.1712941294433095,1.5975257839536035,0.08521024394434834,0.0,1.0
133.807,-0.008730134,102.229,1.983058293859464,0.06612771430192636,1.1382577495882105,1.597798790559788,0.07528364067691534,0.0,1.0
133.911,-0.008551039,102.223,1.989888847855622,0.06522909331647789,1.1528376130975364,1.5992952627448762,0.06812216149926031,0.0,1.0
134.015,-0.008363359,102.226,1.996626937029754,0.06434954464761662,1.1441556929974634,1.5998908662952143,0.06104197848101028,0.0,1.0
134.119,-0.008279474,102.221,2.0032742874523275,0.0634841173249308,1.1729074101467452,1.6030705187726535,0.05775400922144316,0.0,1.0
134.223,-0.008119651,102.227,2.0098322924160654,0.06263136274693634,1.1547242192527207,1.6044285484158904,0.0529815191332543,0.0,1.0
134.327,-0.008163695,102.224,2.0163019239732423,0.06178462873725333,1.160410221569388,1.6063110157376523,0.04945473025231036,0.0,1.0
134.431,-0.007930463,102.227,2.022684006755076,0.06094773245183852,1.1437177374947918,1.6067049746629656,0.044835875825835224,0.0,1.0
134.535,-0.007752071,102.216,2.0289801653597976,0.06013224071590343,1.208783181613732,1.613066556520706,0.04725639982913411,0.0,1.0
134.639,-0.0075357337,102.228,2.0351925801685895,0.059337274837774324,1.1788280939894533,1.6163180046130692,0.0459577686059614,0.0,1.0
134.743,-0.0077294963,102.231,2.0413223795695554,0.05854348287312428,1.1302975088041465,1.615124402473456,0.04007429039207479,0.0,1.0
134.847,-0.0076501984,102.218,2.047369315092481,0.057743738721591525,1.1819580452145448,1.618888903177331,0.04034303011841039,0.0,1.0
134.951,-0.007735712,102.227,2.053333060416537,0.056943671356422115,1.1623012983958134,1.6207651031293304,0.03852211306551006,0.0,1.0
135.055,-0.0076457923,102.221,2.0592136106511947,0.056143833156210486,1.188329824020707,1.625011994462556,0.03947677622331441,0.0,1.0
135.159,-0.0076047573,102.232,2.0650113318131815,0.05535080457432312,1.1313737348983983,1.6239980918836938,0.03463555835536792,0.0,1.0
135.263,-0.0075447857,102.231,2.0707268511244727,0.05456302833510669,1.088658347163994,1.6195586906114814,0.026832950520821894,0.0,1.0
135.367,-0.007503229,102.235,2.076360716238949,0.05378053155867501,1.022944619605173,1.6100688298946322,0.01477935400274289,0.0,1.0
135.471,-0.007483922,102.227,2.081913366264373,0.053001199699473714,1.024572686578806,1.6021405298983642,0.006179736638559877,0.0,1.0
135.575,-0.0074485647,102.226,2.087385113587837,0.05222471036715552,1.0349008279173237,1.5964756057848353,0.0012635010288700732,0.0,1.0
135.679,-0.007403795,102.215,2.092776322684877,0.051452387652826656,1.1250036236406336,1.599981206054623,0.006855250746409171,0.0,1.0
135.783,-0.007154832,102.227,2.0980880044726313,0.05069533903477834,1.1177418091661664,1.6030179797659516,0.011073468272481249,0.0,1.0
135.887,0.0006280262,102.223,0.0,0.0,0.0,0.0,0.0,0.0,0.0
135.991,-0.00054579973,102.226,0.0,0.0,0.0,0.0,0.0,0.0,0.0
136.095,-0.0004044976,102.22,0.0,0.0,0.0,0.0,0.0,0.0,0.0
136.199,0.00033741817,102.226,0.0,0.0,0.0,0.0,0.0,0.0,0.0
136.303,0.0006012432,102.227,0.0,0.0,0.0,0.0,0.0,0.0,0.0
136.407,0.00074199773,102.218,0.0,0.0,0.0,0.0,0.0,0.0,0.0
136.511,0.00080876984,102.227,0.0,0.0,0.0,0.0,0.0,0.0,0.0
136.615,-3.70685e-05,102.227,0.0,0.0,0.0,0.0,0.0,0.0,0.0
136.719,-0.00043000095,102.222,0.0,0.0,0.0,0.0,0.0,0.0,0.0
136.823,0.0007132627,102.221,0.0,0.0,0.0,0.0,0.0,0.0,0.0
136.927,-0.00052845106,102.221,0.0,0.0,0.0,0.0,0.0,0.0,0.0
137.031,0.00054259785,102.23,0.0,0.0,0.0,0.0,0.0,0.0,0.0
137.135,0.0007060785,102.223,0.0,0.0,0.0,0.0,0.0,0.0,0.0
137.239,0.0010308549,102.217,0.0,0.0,0.0,0.0,0.0,0.0,0.0
137.343,0.00011047535,102.221,0.0,0.0,0.0,0.0,0.0,0.0,0.0
137.447,-9.543449e-05,102.225,0.0,0.0,0.0,0.0,0.0,0.0,0.0
137.551,0.00040252693,102.212,0.0,0.0,0.0,0.0,0.0,0.0,0.0
137.655,-0.0003311094,102.232,0.0,0.0,0.0,0.0,0.0,0.0,0.0
137.759,-8.602813e-05,102.215,0.0,0.0,0.0,0.0,0.0,0.0,0.0
137.863,0.00041375868,102.224,0.0,0.0,0.0,0.0,0.0,0.0,0.0
137.967,0.00015392527,102.221,0.0,0.0,0.0,0.0,0.0,0.0,0.0
138.071,0.0001568105,102.229,0.0,0.0,0.0,0.0,0.0,0.0,0.0
138.175,-0.0003781952,102.217,0.0,0.0,0.0,0.0,0.0,0.0,0.0
138.279,-3.8981438e-05,102.236,0.0,0.0,0.0,0.0,0.0,0.0,0.0
138.383,0.0001800172,102.231,0.0,0.0,0.0,0.0,0.0,0.0,0.0
138.591,-0.0038232487,102.231,0.0,0.0,0.0,0.0,0.0,0.0,0.0
138.695,0.0023684502,102.219,0.0,0.0,0.0,0.0,0.0,0.0,0.0
138.799,-0.0018755961,102.21,0.0,0.0,0.0,0.0,0.0,0.0,0.0
138.903,0.0008918308,102.225,0.0,0.0,0.0,0.0,0.0,0.0,0.0
139.007,-0.00093768537,102.222,0.0,0.0,0.0,0.0,0.0,0.0,0.0
139.111,-0.0007971022,102.224,0.0,0.0,0.0,0.0,0.0,0.0,0.0
139.215,3.2126904e-05,102.225,0.0,0.0,0.0,0.0,0.0,0.0,0.0
139.319,-0.00023213029,102.218,0.0,0.0,0.0,0.0,0.0,0.0,0.0
139.423,-0.00013402663,102.227,0.0,0.0,0.0,0.0,0.0,0.0,0.0
139.527,-0.00017639995,102.223,0.0,0.0,0.0,0.0,0.0,0.0,0.0
139.631,-0.00021822378,102.221,0.0,0.0,0.0,0.0,0.0,0.0,0.0
139.735,-0.00045426562,102.22,0.0,0.0,0.0,0.0,0.0,0.0,0.0
139.839,-0.00026375242,102.22,0.0,0.0,0.0,0.0,0.0,0.0,0.0
139.943,0.0006543007,102.234,0.0,0.0,0.0,0.0,0.0,0.0,1.0
140.047,-0.00037849322,102.228,0.0,0.0,0.0,0.0,0.0,0.0,1.0
140.151,-0.00033909082,102.227,0.0,0.0,0.0,0.0,0.0,0.0,1.0
140.255,0.002491992,102.213,0.0,0.0,0.0,0.0,0.0,0.0,1.0
140.359,-0.0020017046,102.223,0.0,0.0,0.0,0.0,0.0,0.0,1.0
140.463,-0.001480192,102.222,0.0,0.0,0.0,0.0,0.0,0.0,1.0
140.567,-0.00017989986,102.223,0.0,0.0,0.0,0.0,0.0,0.0,1.0
140.671,0.0001484435,102.226,0.0,0.0,0.0,0.0,0.0,0.0,1.0
140.775,-0.0007813405,102.221,0.0,0.0,0.0,0.0,0.0,0.0,1.0
140.879,-0.0008496605,102.219,0.0,0.0,0.0,0.0,0.0,0.0,1.0
140.983,-0.00074093975,102.223,0.0,0.0,0.0,0.0,0.0,0.0,1.0
141.087,-0.00015291572,102.225,0.0,0.0,0.0,0.0,0.0,0.0,1.0
141.191,1.4450401e-05,102.212,0.0,0.0,0.0,0.0,0.0,0.0,1.0
141.295,0.00027862005,102.223,0.0,0.0,0.0,0.0,0.0,0.0,1.0
141.399,0.0018058065,102.224,0.0,0.0,0.0,0.0,0.0,0.0,1.0
141.503,0.00019776076,102.226,0.0,0.0,0.0,0.0,0.0,0.0,1.0
141.607,6.054528e-05,102.224,0.0,0.0,0.0,0.0,0.0,0.0,1.0
141.711,0.00018558465,102.233,0.0,0.0,0.0,0.0,0.0,0.0,1.0
141.815,0.00023740157,102.219,0.0,0.0,0.0,0.0,0.0,0.0,1.0
141.919,-0.00017295778,102.22,0.0,0.0,0.0,0.0,0.0,0.0,1.0
142.023,0.0009069685,102.226,0.0,0.0,0.0,0.0,0.0,0.0,1.0
142.127,-0.0003397651,102.224,0.0,0.0,0.0,0.0,0.0,0.0,1.0
142.231,0.0040921606,102.23,0.0,0.0,0.0,0.0,0.0,0.0,1.0
142.335,0.025092233,102.221,0.0,0.0,0.0,0.0,0.0,0.0,1.0
142.439,0.05527981,102.216,0.0,0.0,0.0,0.0,0.0,0.0,1.0
142.543,0.096424684,102.221,0.0,0.0,0.0,0.0,0.0,0.0,1.0
142.647,0.14893366,102.223,0.0,0.0,0.0,0.0,0.0,0.0,1.0
142.751,0.2127303,102.218,0.0,0.0,0.0,0.0,0.0,0.0,1.0
142.855,0.28904706,102.227,0.0,0.0,0.0,0.0,0.0,0.0,1.0
142.959,0.36834955,102.217,0.0,0.0,0.0,0.0,0.0,0.0,1.0
143.063,0.4249112,102.223,0.0,0.0,0.0,0.0,0.0,0.0,1.0
143.167,0.41811123,102.224,0.0,0.0,0.0,0.0,0.0,0.0,1.0
143.271,0.411172,102.226,0.0,0.0,0.0,0.0,0.0,0.0,1.0
143.375,0.4148452,102.219,0.0,0.0,0.0,0.0,0.0,0.0,1.0
143.479,0.41491646,102.213,0.0,0.0,0.0,0.0,0.0,0.0,1.0
143.583,0.40510198,102.214,0.0,0.0,0.0,0.0,0.0,0.0,1.0
143.687,0.41121545,102.215,0.0,0.0,0.0,0.0,0.0,0.0,1.0
143.791,0.41290462,102.219,0.0,0.0,0.0,0.0,0.0,0.0,1.0
143.895,0.36517137,102.221,0.0,0.0,0.0,0.0,0.0,0.0,1.0
143.999,0.2875186,102.224,0.0,0.0,0.0,0.0,0.0,0.0,1.0
144.103,0.20746563,102.211,0.0,0.0,0.0,0.0,0.0,0.0,1.0
144.207,0.14792582,102.211,0.0,0.0,0.0,0.0,0.0,0.0,1.0
144.311,0.08466478,102.208,0.0,0.0,0.0,0.0,0.0,0.0,1.0
144.415,0.054498676,102.216,0.0,0.0,0.0,0.0,0.0,0.0,1.0
144.519,0.020500127,102.207,0.0,0.0,0.0,0.0,0.0,0.0,1.0
144.623,0.0037014298,102.208,0.0,0.0,0.0,0.0,0.0,0.0,1.0
144.727,-0.0004505813,102.198,0.0,0.0,0.0,0.0,0.0,0.0,1.0
144.831,0.00087525137,102.211,0.0,0.0,0.0,0.0,0.0,0.0,1.0
144.935,-0.0026955549,102.201,0.0,0.0,0.0,0.0,0.0,0.0,1.0
145.039,0.0011373069,102.198,0.0,0.0,0.0,0.0,0.0,0.0,1.0
145.143,-1.0726973e-05,102.192,0.0,0.0,0.0,0.0,0.0,0.0,1.0
145.247,-0.00084139965,102.196,0.0,0.0,0.0,0.0,0.0,0.0,1.0
145.351,0.0007217247,102.203,0.0,0.0,0.0,0.0,0.0,0.0,1.0
145.455,-0.033685453,102.194,0.0,0.0,0.0,0.0,0.0,0.0,1.0
145.559,-0.056095373,102.203,0.0,0.0,0.0,0.0,0.0,0.0,1.0
145.663,-0.10790506,102.192,0.0,0.0,0.0,0.0,0.0,0.0,1.0
145.767,-0.15733962,102.2,0.0,0.0,0.0,0.0,0.0,0.0,1.0
145.871,-0.23508811,102.184,0.0,0.0,0.0,0.0,0.0,0.0,1.0
145.975,-0.28843257,102.192,0.0,0.0,0.0,0.0,0.0,0.0,1.0
146.079,-0.31686604,102.194,0.0,0.0,0.0,0.0,0.0,0.0,1.0
146.183,-0.3551339,102.192,0.0,0.0,0.0,0.0,0.0,0.0,1.0
146.287,-0.33749714,102.186,0.0,0.0,0.0,0.0,0.0,0.0,1.0
146.391,-0.3258304,102.182,0.0,0.0,0.0,0.0,0.0,0.0,1.0
146.495,-0.30332246,102.189,0.0,0.0,0.0,0.0,0.0,0.0,1.0
146.606,-0.25329873,102.184,0.0,0.0,0.0,0.0,0.0,0.0,1.0
146.71,-0.22839792,102.193,0.0,0.0,0.0,0.0,0.0,0.0,1.0
146.814,-0.19260709,102.192,0.0,0.0,0.0,0.0,0.0,0.0,1.0
146.918,-0.1625451,102.182,0.0,0.0,0.0,0.0,0.0,0.0,1.0
147.022,-0.13338923,102.197,0.0,0.0,0.0,0.0,0.0,0.0,1.0
147.126,-0.113424614,102.189,0.0,0.0,0.0,0.0,0.0,0.0,1.0
147.334,-0.07439322,102.185,0.0,0.0,0.0,0.0,0.0,0.0,1.0
147.438,-0.06548299,102.184,0.0,0.0,0.0,0.0,0.0,0.0,1.0
147.542,-0.052460603,102.198,0.0,0.0,0.0,0.0,0.0,0.0,1.0
147.646,-0.04897388,102.182,0.0,0.0,0.0,0.0,0.0,0.0,1.0
147.75,-0.04408797,102.191,0.0,0.0,0.0,0.0,0.0,0.0,1.0
147.854,-0.040297665,102.183,0.0,0.0,0.0,0.0,0.0,0.0,1.0
147.958,-0.03734965,102.182,0.0,0.0,0.0,0.0,0.0,0.0,1.0
148.166,-0.035058215,102.183,0.0,0.0,0.0,0.0,0.0,0.0,1.0
148.27,-0.034827165,102.196,0.0,0.0,0.0,0.0,0.0,0.0,1.0
148.374,-0.035614774,102.19,0.0,0.0,0.0,0.0,0.0,0.0,1.0
148.582,-0.0029860279,102.187,0.0,0.0,0.0,0.0,0.0,0.0,1.0
148.686,-0.0026936308,102.183,0.0,0.0,0.0,0.0,0.0,0.0,1.0
148.79,-0.0027503427,102.181,0.0,0.0,0.0,0.0,0.0,0.0,1.0
148.894,-0.0029926244,102.191,0.0,0.0,0.0,0.0,0.0,0.0,1.0
148.998,-0.0023716819,102.179,0.0,0.0,0.0,0.0,0.0,0.0,1.0
149.102,-0.002432,102.192,0.0,0.0,0.0,0.0,0.0,0.0,1.0
149.31,-0.0016001258,102.186,0.0,0.0,0.0,0.0,0.0,0.0,1.0
149.518,-0.002228167,102.189,0.0,0.0,0.0,0.0,0.0,0.0,1.0
149.622,-0.0012089424,102.181,0.0,0.0,0.0,0.0,0.0,0.0,1.0
149.726,-0.0018312521,102.191,0.0,0.0,0.0,0.0,0.0,0.0,1.0
149.83,-0.0015069935,102.182,0.0,0.0,0.0,0.0,0.0,0.0,1.0
149.934,-0.0009835102,102.188,0.0,0.0,0.0,0.0,0.0,0.0,1.0
150.038,-0.00033048354,102.18,0.0,0.0,0.0,0.0,0.0,0.0,1.0
150.142,-0.0023774225,102.2,0.0,0.0,0.0,0.0,0.0,0.0,1.0
150.246,-0.00041227788,102.182,0.0,0.0,0.0,0.0,0.0,0.0,1.0
150.35,2.6654452e-05,102.188,0.0,0.0,0.0,0.0,0.0,0.0,1.0
150.454,-0.0008143373,102.189,0.0,0.0,0.0,0.0,0.0,0.0,1.0
150.558,0.0003308691,102.179,0.0,0.0,0.0,0.0,0.0,0.0,1.0
150.662,-0.0013231076,102.179,0.0,0.0,0.0,0.0,0.0,0.0,1.0
150.87,-0.0010135155,102.192,0.0,0.0,0.0,0.0,0.0,0.0,1.0
150.974,-0.00042800978,102.188,0.0,0.0,0.0,0.0,0.0,0.0,1.0
151.078,-0.0009498317,102.178,0.0,0.0,0.0,0.0,0.0,0.0,1.0
151.182,-0.00051163137,102.185,0.0,0.0,0.0,0.0,0.0,0.0,1.0
151.286,-0.00085635297,102.19,0.0,0.0,0.0,0.0,0.0,0.0,1.0
151.39,-0.00043543428,102.182,0.0,0.0,0.0,0.0,0.0,0.0,1.0
151.494,-0.00088372454,102.189,0.0,0.0,0.0,0.0,0.0,0.0,1.0
151.598,6.850809e-05,102.186,0.0,0.0,0.0,0.0,0.0,0.0,1.0
151.702,-0.0003511794,102.186,0.0,0.0,0.0,0.0,0.0,0.0,1.0
151.806,7.044524e-06,102.192,0.0,0.0,0.0,0.0,0.0,0.0,1.0
151.91,-0.00019170158,102.182,0.0,0.0,0.0,0.0,0.0,0.0,1.0
152.014,-0.0003361106,102.195,0.0,0.0,0.0,0.0,0.0,0.0,1.0
152.118,0.00020875223,102.188,0.0,0.0,0.0,0.0,0.0,0.0,1.0
152.222,-0.0006551258,102.183,0.0,0.0,0.0,0.0,0.0,0.0,1.0
152.326,-0.00022578426,102.186,0.0,0.0,0.0,0.0,0.0,0.0,1.0
152.43,0.00052668154,102.192,0.0,0.0,0.0,0.0,0.0,0.0,1.0
152.534,0.00029360317,102.191,0.0,0.0,0.0,0.0,0.0,0.0,1.0
152.638,-0.0001876615,102.189,0.0,0.0,0.0,0.0,0.0,0.0,1.0
152.742,-0.0005009454,102.182,0.0,0.0,0.0,0.0,0.0,0.0,1.0
152.846,-0.0001973845,102.189,0.0,0.0,0.0,0.0,0.0,0.0,1.0
152.95,-0.0004584007,102.185,0.0,0.0,0.0,0.0,0.0,0.0,1.0
153.054,-0.00041784532,102.186,0.0,0.0,0.0,0.0,0.0,0.0,1.0
153.158,-0.00036491267,102.187,0.0,0.0,0.0,0.0,0.0,0.0,1.0
153.262,-0.0005999543,102.186,0.0,0.0,0.0,0.0,0.0,0.0,1.0
153.366,-0.00023846887,102.182,0.0,0.0,0.0,0.0,0.0,0.0,1.0
153.47,-0.00015899353,102.184,0.0,0.0,0.0,0.0,0.0,0.0,1.0
153.574,4.8879534e-05,102.194,0.0,0.0,0.0,0.0,0.0,0.0,1.0
153.678,-0.0002330821,102.188,0.0,0.0,0.0,0.0,0.0,0.0,1.0
153.782,-0.0005101785,102.181,0.0,0.0,0.0,0.0,0.0,0.0,1.0
153.886,-4.5429915e-06,102.19,0.0,0.0,0.0,0.0,0.0,0.0,1.0
153.99,-4.4444576e-05,102.188,0.0,0.0,0.0,0.0,0.0,0.0,1.0
154.094,-0.00031672232,102.191,0.0,0.0,0.0,0.0,0.0,0.0,1.0
154.198,-0.00031282753,102.197,0.0,0.0,0.0,0.0,0.0,0.0,1.0
154.302,-0.00056185015,102.189,0.0,0.0,0.0,0.0,0.0,0.0,1.0
154.406,-0.0006268043,102.188,0.0,0.0,0.0,0.0,0.0,0.0,1.0
154.51,0.00023340993,102.188,0.0,0.0,0.0,0.0,0.0,0.0,1.0
154.718,0.000111524016,102.184,0.0,0.0,0.0,0.0,0.0,0.0,1.0
154.822,-0.00040495768,102.188,0.0,0.0,0.0,0.0,0.0,0.0,1.0
154.926,-0.0002697818,102.19,0.0,0.0,0.0,0.0,0.0,0.0,1.0
